Timestamp,Temperature,Flags Temperature,Turbidity,Flags Turbidity,no3.mgl,Flags NO3eq
5/2/2025 11:15,11.45,,5.7092,,0.1236,
5/2/2025 11:30,11.575,,8.507,,0.0832,
5/2/2025 11:45,11.637,,10.1763,,0.1371,
5/2/2025 12:00,11.762,,5.5281,,0.1413,
5/2/2025 12:15,11.887,,5.2858,,0.1875,
5/2/2025 12:30,11.95,,4.8244,,0.0701,
5/2/2025 12:45,12.012,,4.5928,,0.1317,
5/2/2025 13:00,12.012,,4.4704,,0.0699,
5/2/2025 13:15,12.012,,3.8785,,0.1116,
5/2/2025 13:30,12.075,,4.7245,,0.0476,
5/2/2025 13:45,12.012,,4.2151,,0.0654,
5/2/2025 14:00,12.012,,4.3719,,0.1075,
5/2/2025 14:15,12.012,,3.9639,,0.0917,
5/2/2025 14:30,12.012,,3.8583,,0.0213,
5/2/2025 14:45,12.012,,4.2327,,0.0117,
5/2/2025 15:00,12.012,,3.7243,,0.178,
5/2/2025 15:15,11.95,,4.4651,,0.0707,
5/2/2025 15:30,11.887,,4.5685,,0.0427,
5/2/2025 15:45,11.887,,4.647,,0.0634,
5/2/2025 16:00,11.825,,3.8759,,0.1183,
5/2/2025 16:15,11.762,,4.3723,,0.1761,
5/2/2025 16:30,11.7,,4.6361,,0.2198,
5/2/2025 16:45,11.575,,4.3152,,0.1468,
5/2/2025 17:00,11.512,,4.3281,,0.1707,
5/2/2025 17:15,11.45,,4.3097,,0.2045,
5/2/2025 17:30,11.325,,4.4805,,0.178,
5/2/2025 17:45,11.262,,4.2078,,0.1178,
5/2/2025 18:00,11.2,,4.6584,,0.2163,
5/2/2025 18:15,11.137,,3.826,,0.2977,
5/2/2025 18:30,11.075,,5.4312,,0.2792,
5/2/2025 18:45,11.075,,10.6681,,0.2986,
5/2/2025 19:00,11.012,,12.4736,,0.4733,
5/2/2025 19:15,10.887,,14.1635,,0.5493,
5/2/2025 19:30,10.825,,19.5438,,0.7227,
5/2/2025 19:45,10.762,,46.8761,,1.2921,
5/2/2025 20:00,10.95,,55.5233,,1.3627,
5/2/2025 20:15,10.95,,35.2634,,1.2175,
5/2/2025 20:30,10.825,,28.4258,,0.0237,
5/2/2025 20:45,10.7,,23.591,,0,
5/2/2025 21:00,10.7,,20.8516,,0.0496,
5/2/2025 21:15,10.762,,15.7292,,0.2801,
5/2/2025 21:30,10.762,,13.1709,,0.2103,
5/2/2025 21:45,10.825,,10.9585,,0.2103,
5/2/2025 22:00,10.762,,11.0778,,0.1493,
5/2/2025 22:15,10.762,,10.4527,,0.0894,
5/2/2025 22:30,10.7,,9.8732,,0.0906,
5/2/2025 22:45,10.7,,9.915,,0.0447,
5/2/2025 23:00,10.637,,9.0735,,0.0087,
5/2/2025 23:15,10.575,,7.7429,,0.0228,
5/2/2025 23:30,10.575,,7.4432,,0,
5/2/2025 23:45,10.45,,7.1277,,0.0206,
5/3/2025 0:00,10.45,,7.5501,,0,
5/3/2025 0:15,10.387,,6.3379,,0,
5/3/2025 0:30,10.325,,6.7687,,0,
5/3/2025 0:45,10.262,,6.5003,,0,
5/3/2025 1:00,10.262,,6.4834,,0,
5/3/2025 1:15,10.262,,6.1046,,0.0202,
5/3/2025 1:30,10.262,,6.2015,,0,
5/3/2025 1:45,10.2,,5.9599,,0,
5/3/2025 2:00,10.2,,5.6959,,0.5836,
5/3/2025 2:15,10.2,,6.5658,,0,
5/3/2025 2:30,10.2,,57.1238,,0,
5/3/2025 2:45,10.2,,14.5604,,0,
5/3/2025 3:00,10.2,,7.3257,,0,
5/3/2025 3:15,10.2,,5.5473,,0,
5/3/2025 3:30,10.2,,6.1721,,0,
5/3/2025 3:45,10.262,,5.9385,,0.5172,
5/3/2025 4:00,10.325,,5.2776,,0.508,
5/3/2025 4:15,10.325,,5.368,,0,
5/3/2025 4:30,10.387,,5.1624,,0.3816,
5/3/2025 4:45,10.575,,5.8244,,0.3675,
5/3/2025 5:00,10.762,,5.4021,,0.2875,
5/3/2025 5:15,10.95,,5.1583,,0.4069,
5/3/2025 5:30,11.137,,4.8325,,0.1465,
5/3/2025 5:45,11.2,,5.4422,,0.2213,
5/3/2025 6:00,11.2,,4.579,,0.2043,
5/3/2025 6:15,11.387,,4.9979,,0.1549,
5/3/2025 6:30,11.762,,5.3844,,0.0677,
5/3/2025 6:45,11.825,,4.8068,,0.1252,
5/3/2025 7:00,12.137,,4.9987,,0.0397,
5/3/2025 7:15,12.325,,5.4079,,0.0743,
5/3/2025 7:30,12.575,,5.0982,,0,
5/3/2025 7:45,12.887,,5.3214,,0.0244,
5/3/2025 8:00,13.2,,5.3463,,0.0858,
5/3/2025 8:15,13.512,,4.524,,0.0888,
5/3/2025 8:30,13.762,,4.776,,0.1511,
5/3/2025 8:45,14.075,,5.0409,,0.1059,
5/3/2025 9:00,14.325,,5.4404,,0.0683,
5/3/2025 9:15,14.575,,7.1005,,0.1126,
5/3/2025 9:30,14.637,,12.9269,,0.0766,
5/3/2025 9:45,14.637,,26.5549,,0.155,
5/3/2025 10:00,14.95,,9.6863,,0.0624,
5/3/2025 10:15,15.075,,5.9882,,0.1707,
5/3/2025 10:30,15.262,,5.4697,,0.07,
5/3/2025 10:45,15.387,,5.6458,,0.2503,
5/3/2025 11:00,15.575,,5.4959,,0.1416,
5/3/2025 11:15,15.512,,4.8009,,0.1745,
5/3/2025 11:30,15.575,,5.0952,,0.1707,
5/3/2025 11:45,15.512,,5.1763,,0.1203,
5/3/2025 12:00,15.387,,5.578,,0.1558,
5/3/2025 12:15,15.262,,23.0165,,0.2513,
5/3/2025 12:30,15.075,,126.4669,,0,
5/3/2025 12:45,14.575,,223.7544,,0.0194,
5/3/2025 13:00,15.2,,174.7633,,0.1398,
5/3/2025 13:15,14.575,,145.1432,,0.5245,
5/3/2025 13:30,15.075,,113.9842,,0.4327,
5/3/2025 13:45,15.262,,91.291,,0.407,
5/3/2025 14:00,15.387,,85.2223,,0.3309,
5/3/2025 14:15,15.387,,73.0178,,0.3049,
5/3/2025 14:30,15.262,,61.1853,,0.2404,
5/3/2025 14:45,15.2,,55.1477,,0.1905,
5/3/2025 15:00,15.075,,49.77,,0.2292,
5/3/2025 15:15,15.075,,46.1655,,0.2361,
5/3/2025 15:30,15.075,,43.0201,,0.0778,
5/3/2025 15:45,15.075,,40.1281,,0.1387,
5/3/2025 16:00,15.075,,39.816,,0.0913,
5/3/2025 16:15,15.012,,38.8385,,0.1896,
5/3/2025 16:30,14.887,,36.5067,,0.2054,
5/3/2025 16:45,14.825,,34.163,,0.1696,
5/3/2025 17:00,14.762,,31.5021,,0.2752,
5/3/2025 17:15,14.637,,28.5821,,0.2213,
5/3/2025 17:30,14.575,,27.7358,,0.3358,
5/3/2025 17:45,14.512,,26.3927,,0.3538,
5/3/2025 18:00,14.45,,25.244,,0.2343,
5/3/2025 18:15,14.45,,24.6103,,0.2722,
5/3/2025 18:30,14.387,,23.1519,,0.364,
5/3/2025 18:45,14.325,,22.4946,,0.3946,
5/3/2025 19:00,14.262,,21.5892,,0.2991,
5/3/2025 19:15,14.137,,19.8523,,0.2779,
5/3/2025 19:30,14.137,,19.8247,,0.2712,
5/3/2025 19:45,14.075,,18.409,,0.2127,
5/3/2025 20:00,13.95,,18.6371,,0.2921,
5/3/2025 20:15,13.95,,17.2716,,0.2701,
5/3/2025 20:30,13.825,,17.5211,,0.216,
5/3/2025 20:45,13.825,,16.8753,,0.235,
5/3/2025 21:00,13.762,,17.7285,,0.1762,
5/3/2025 21:15,13.7,,17.2321,,0.0928,
5/3/2025 21:30,13.637,,15.9575,,0.0529,
5/3/2025 21:45,13.575,,14.7724,,0.1384,
5/3/2025 22:00,13.575,,16.2625,,0.0259,
5/3/2025 22:15,13.512,,15.379,,0.1431,
5/3/2025 22:30,13.387,,15.1282,,0,
5/3/2025 22:45,13.387,,14.5488,,0.0878,
5/3/2025 23:00,13.325,,14.1081,,0.0904,
5/3/2025 23:15,13.325,,13.0654,,0.0307,
5/3/2025 23:30,13.262,,12.7278,,0.1184,
5/3/2025 23:45,13.2,,11.8263,,0.0455,
5/4/2025 0:00,13.137,,12.2893,,0.02,
5/4/2025 0:15,13.075,,11.9274,,0.0146,
5/4/2025 0:30,13.012,,11.2906,,0.019,
5/4/2025 0:45,13.012,,11.4044,,0,
5/4/2025 1:00,12.95,,11.6441,,0.0773,
5/4/2025 1:15,12.887,,12.2631,,0,
5/4/2025 1:30,12.825,,11.0675,,0,
5/4/2025 1:45,12.825,,10.8198,,0.0034,
5/4/2025 2:00,12.762,,10.9878,,0,
5/4/2025 2:15,12.762,,10.4457,,0.0304,
5/4/2025 2:30,12.7,,10.4254,,0,
5/4/2025 2:45,12.637,,10.1513,,0,
5/4/2025 3:00,12.637,,10.2708,,0.0031,
5/4/2025 3:15,12.575,,10.3534,,0,
5/4/2025 3:30,12.512,,9.1437,,0,
5/4/2025 3:45,12.512,,9.2598,,0,
5/4/2025 4:00,12.512,,8.7592,,0,
5/4/2025 4:15,12.512,,8.2789,,0.0201,
5/4/2025 4:30,12.512,,8.4681,,0,
5/4/2025 4:45,12.512,,8.4187,,0,
5/4/2025 5:00,12.512,,8.2579,,0,
5/4/2025 5:15,12.45,,8.5419,,0,
5/4/2025 5:30,12.512,,7.9536,,0,
5/4/2025 5:45,12.512,,8.0671,,0,
5/4/2025 6:00,12.512,,8.5677,,0.0041,
5/4/2025 6:15,12.575,,8.5145,,0,
5/4/2025 6:30,12.637,,7.5921,,0,
5/4/2025 6:45,12.637,,8.4944,,0,
5/4/2025 7:00,12.637,,8.0309,,0,
5/4/2025 7:15,12.7,,8.1923,,0,
5/4/2025 7:30,12.7,,8.538,,0,
5/4/2025 7:45,12.762,,8.0663,,0,
5/4/2025 8:00,12.762,,7.3683,,0,
5/4/2025 8:15,12.825,,8.0977,,0,
5/4/2025 8:30,12.825,,7.6072,,0,
5/4/2025 8:45,12.825,,7.8114,,0,
5/4/2025 9:00,12.887,,7.4399,,0,
5/4/2025 9:15,12.887,,9.77,,0,
5/4/2025 9:30,12.887,,7.244,,0,
5/4/2025 9:45,12.95,,7.125,,0,
5/4/2025 10:00,12.887,,7.3411,,0,
5/4/2025 10:15,12.95,,7.0377,,0,
5/4/2025 10:30,12.95,,9.5076,,0,
5/4/2025 10:45,12.95,,7.2504,,0,
5/4/2025 11:00,12.95,,6.7747,,0,
5/4/2025 11:15,13.012,,7.01,,0,
5/4/2025 11:30,13.012,,7.2296,,0,
5/4/2025 11:45,13.075,,7.3244,,0,
5/4/2025 12:00,13.075,,8.961,,0,
5/4/2025 12:15,13.137,,9.5143,,0,
5/4/2025 12:30,13.137,,7.0682,,0,
5/4/2025 12:45,13.075,,6.5808,,0,
5/4/2025 13:00,13.075,,7.1169,,0,
5/4/2025 13:15,13.075,,7.1315,,0,
5/4/2025 13:30,13.012,,7.3604,,0,
5/4/2025 13:45,13.012,,6.2699,,0,
5/4/2025 14:00,12.95,,6.9671,,0,
5/4/2025 14:15,12.887,,7.4907,,0,
5/4/2025 14:30,12.825,,6.7581,,0,
5/4/2025 14:45,12.762,,7.3857,,0,
5/4/2025 15:00,12.7,,7.2705,,0,
5/4/2025 15:15,12.637,,7.5455,,0,
5/4/2025 15:30,12.512,,9.2391,,0.0588,
5/4/2025 15:45,12.45,,10.3654,,0.0605,
5/4/2025 16:00,12.387,,10.1884,,0.1766,
5/4/2025 16:15,12.325,,13.7084,,0.175,
5/4/2025 16:30,12.262,,23.0759,,0.0921,
5/4/2025 16:45,12.262,,20.4315,,0.0196,
5/4/2025 17:00,12.262,,15.9873,,0.0309,
5/4/2025 17:15,12.2,,16.2879,,0.02,
5/4/2025 17:30,12.137,,15.0237,,0.0308,
5/4/2025 17:45,12.137,,12.8744,,0.024,
5/4/2025 18:00,12.137,,11.2107,,0.0224,
5/4/2025 18:15,12.137,,11.716,,0.0018,
5/4/2025 18:30,12.075,,10.9116,,0,
5/4/2025 18:45,12.075,,12.4596,,0,
5/4/2025 19:00,12.012,,15.1428,,0.0887,
5/4/2025 19:15,12.012,,14.1471,,0.0299,
5/4/2025 19:30,12.012,,13.2996,,0.0411,
5/4/2025 19:45,11.95,,13.7305,,0.0302,
5/4/2025 20:00,11.887,,18.9856,,0.0331,
5/4/2025 20:15,11.887,,22.3347,,0.1017,
5/4/2025 20:30,11.825,,30.6863,,0.085,
5/4/2025 20:45,11.825,,34.0745,,0.0026,
5/4/2025 21:00,11.825,,34.1652,,0,
5/4/2025 21:15,11.887,,28.6243,,0,
5/4/2025 21:30,11.887,,27.3063,,0.0008,
5/4/2025 21:45,11.825,,23.4712,,0,
5/4/2025 22:00,11.762,,19.9976,,0,
5/4/2025 22:15,11.762,,18.7357,,0.0113,
5/4/2025 22:30,11.762,,18.6352,,0,
5/4/2025 22:45,11.7,,17.7138,,0,
5/4/2025 23:00,11.7,,17.3411,,0,
5/4/2025 23:15,11.7,,17.9448,,0,
5/4/2025 23:30,11.7,,16.7471,,0,
5/4/2025 23:45,11.637,,17.9059,,0,
5/5/2025 0:00,11.637,,17.1903,,0,
5/5/2025 0:15,11.637,,17.974,,0,
5/5/2025 0:30,11.575,,16.7325,,0,
5/5/2025 0:45,11.575,,16.3104,,0,
5/5/2025 1:00,11.575,,16.1338,,0,
5/5/2025 1:15,11.512,,15.9014,,0,
5/5/2025 1:30,11.512,,15.7474,,0,
5/5/2025 1:45,11.512,,14.9288,,0,
5/5/2025 2:00,11.45,,14.0207,,0,
5/5/2025 2:15,11.45,,13.6097,,0,
5/5/2025 2:30,11.45,,13.5972,,0,
5/5/2025 2:45,11.45,,12.8354,,0,
5/5/2025 3:00,11.45,,13.3663,,0,
5/5/2025 3:15,11.387,,12.3271,,0,
5/5/2025 3:30,11.387,,11.8034,,0,
5/5/2025 3:45,11.387,,11.4865,,0,
5/5/2025 4:00,11.387,,11.4866,,0,
5/5/2025 4:15,11.325,,10.6435,,0,
5/5/2025 4:30,11.387,,11.0133,,0,
5/5/2025 4:45,11.387,,10.839,,0,
5/5/2025 5:00,11.387,,10.6151,,0,
5/5/2025 5:15,11.387,,10.0282,,0,
5/5/2025 5:30,11.387,,10.618,,0,
5/5/2025 5:45,11.45,,10.4249,,0,
5/5/2025 6:00,11.45,,9.5653,,0,
5/5/2025 6:15,11.512,,10.3256,,0,
5/5/2025 6:30,11.512,,10.9057,,0,
5/5/2025 6:45,11.575,,9.6997,,0,
5/5/2025 7:00,11.637,,10.3993,,0,
5/5/2025 7:15,11.637,,9.5273,,0,
5/5/2025 7:30,11.7,,9.8453,,0,
5/5/2025 7:45,11.7,,10.73,,0,
5/5/2025 8:00,11.762,,11.2694,,0,
5/5/2025 8:15,11.762,,11.1425,,0,
5/5/2025 8:30,11.825,,10.7044,,0,
5/5/2025 8:45,11.825,,11.0864,,0,
5/5/2025 9:00,11.887,,10.0845,,0,
5/5/2025 9:15,11.95,,10.6915,,0,
5/5/2025 9:30,11.95,,10.6683,,0,
5/5/2025 9:45,11.95,,9.7768,,0,
5/5/2025 10:00,12.012,,9.6992,,0,
5/5/2025 10:15,12.012,,9.3228,,0,
5/5/2025 10:30,12.012,,9.2587,,0,
5/5/2025 10:45,12.075,,9.6302,,0,
5/5/2025 11:00,12.137,,9.3047,,0,
5/5/2025 11:15,12.075,,10.7626,,0,
5/5/2025 11:30,12.075,,11.1332,,0,
5/5/2025 11:45,12.137,,10.1681,,0,
5/5/2025 12:00,12.137,,10.3682,,0,
5/5/2025 12:15,12.137,,9.5512,,0,
5/5/2025 12:30,12.075,,9.6996,,0,
5/5/2025 12:45,12.075,,9.6161,,0,
5/5/2025 13:00,12.012,,9.4499,,0,
5/5/2025 13:15,12.012,,9.176,,0,
5/5/2025 13:30,11.95,,9.4756,,0,
5/5/2025 13:45,11.887,,8.7836,,0,
5/5/2025 14:00,11.825,,8.808,,0,
5/5/2025 14:15,11.7,,9.3813,,0,
5/5/2025 14:30,11.637,,8.8832,,0,
5/5/2025 14:45,11.575,,9.0663,,0,
5/5/2025 15:00,11.512,,8.2497,,0,
5/5/2025 15:15,11.45,,9.5009,,0,
5/5/2025 15:30,11.387,,8.5556,,0,
5/5/2025 15:45,11.325,,7.8556,,0,
5/5/2025 16:00,11.262,,8.0196,,0,
5/5/2025 16:15,11.137,,8.5318,,0,
5/5/2025 16:30,11.075,,8.5263,,0,
5/5/2025 16:45,11.075,,7.883,,0,
5/5/2025 17:00,10.95,,7.8621,,0,
5/5/2025 17:15,10.95,,7.7874,,0,
5/5/2025 17:30,10.887,,7.9943,,0,
5/5/2025 17:45,10.825,,8.1524,,0,
5/5/2025 18:00,10.762,,8.3682,,0,
5/5/2025 18:15,10.7,,7.9569,,0,
5/5/2025 18:30,10.637,,7.9471,,0,
5/5/2025 18:45,10.575,,8.3082,,0,
5/5/2025 19:00,10.512,,8.4519,,0,
5/5/2025 19:15,10.45,,8.2789,,0,
5/5/2025 19:30,10.45,,7.2649,,0,
5/5/2025 19:45,10.387,,7.8143,,0,
5/5/2025 20:00,10.387,,7.455,,0,
5/5/2025 20:15,10.325,,7.6303,,0.0295,
5/5/2025 20:30,10.262,,7.9958,,0,
5/5/2025 20:45,10.262,,11.1789,,0,
5/5/2025 21:00,10.2,,9.1886,,0,
5/5/2025 21:15,10.2,,6.8986,,0,
5/5/2025 21:30,10.137,,6.9577,,0,
5/5/2025 21:45,10.137,,7.6835,,0,
5/5/2025 22:00,10.075,,7.171,,0,
5/5/2025 22:15,10.075,,6.7509,,0.0028,
5/5/2025 22:30,10.012,,6.6016,,0,
5/5/2025 22:45,10.012,,6.9456,,0,
5/5/2025 23:00,9.95,,6.4803,,0,
5/5/2025 23:15,9.95,,7.8659,,0.0475,
5/5/2025 23:30,9.887,,6.7499,,0.0972,
5/5/2025 23:45,9.887,,6.5356,,0.0598,
5/6/2025 0:00,9.825,,7.1829,,0,
5/6/2025 0:15,9.825,,7.2486,,0,
5/6/2025 0:30,9.825,,6.4438,,0.0889,
5/6/2025 0:45,9.762,,7.061,,0.0642,
5/6/2025 1:00,9.762,,6.882,,0.0569,
5/6/2025 1:15,9.762,,6.6741,,0.0924,
5/6/2025 1:30,9.7,,8.8453,,0.019,
5/6/2025 1:45,9.7,,7.1622,,0.0104,
5/6/2025 2:00,9.637,,7.5421,,0.0349,
5/6/2025 2:15,9.637,,7.7665,,0.055,
5/6/2025 2:30,9.637,,6.8928,,0.0929,
5/6/2025 2:45,9.637,,7.5696,,0.1044,
5/6/2025 3:00,9.637,,7.0854,,0.0873,
5/6/2025 3:15,9.575,,6.7077,,0.0667,
5/6/2025 3:30,9.575,,7.1693,,0.0427,
5/6/2025 3:45,9.575,,6.5899,,0.0828,
5/6/2025 4:00,9.575,,6.2027,,0.0231,
5/6/2025 4:15,9.637,,6.4779,,0.057,
5/6/2025 4:30,9.575,,6.1751,,0.0219,
5/6/2025 4:45,9.637,,7.3305,,0.0477,
5/6/2025 5:00,9.637,,6.9373,,0.0704,
5/6/2025 5:15,9.7,,5.9393,,0.1174,
5/6/2025 5:30,9.7,,6.2557,,0,
5/6/2025 5:45,9.7,,5.8038,,0.0439,
5/6/2025 6:00,9.762,,5.9978,,0.0197,
5/6/2025 6:15,9.825,,5.5544,,0,
5/6/2025 6:30,9.825,,5.4403,,0,
5/6/2025 6:45,9.887,,6.0003,,0,
5/6/2025 7:00,9.95,,5.4711,,0,
5/6/2025 7:15,10.012,,5.5794,,0,
5/6/2025 7:30,10.075,,5.4226,,0,
5/6/2025 7:45,10.075,,5.5289,,0.7622,
5/6/2025 8:00,10.137,,5.6935,,0,
5/6/2025 8:15,10.2,,6.0677,,0,
5/6/2025 8:30,10.262,,6.0572,,0,
5/6/2025 8:45,10.262,,5.8785,,0,
5/6/2025 9:00,10.325,,6.1198,,0.6123,
5/6/2025 9:15,10.325,,5.4564,,0,
5/6/2025 9:30,10.387,,5.9084,,0,
5/6/2025 9:45,10.45,,5.6971,,0.6092,
5/6/2025 10:00,10.45,,6.6183,,0,
5/6/2025 10:15,10.512,,5.5901,,0.6972,
5/6/2025 10:30,10.512,,5.9898,,0.6374,
5/6/2025 10:45,10.512,,7.5163,,0.7877,
5/6/2025 11:00,10.575,,7.6813,,0.7736,
5/6/2025 11:15,10.637,,9.4404,,0.8487,
5/6/2025 11:30,10.7,,10.9099,,0.8824,
5/6/2025 11:45,10.762,,12.8767,,0.8129,
5/6/2025 12:00,10.95,,13.9381,,0.8189,
5/6/2025 12:15,11.012,,15.0531,,0.7518,
5/6/2025 12:30,11.075,,13.7531,,0,
5/6/2025 12:45,11.075,,12.9841,,0,
5/6/2025 13:00,11.2,,15.6716,,0,
5/6/2025 13:15,11.262,,13.8217,,0,
5/6/2025 13:30,11.325,,10.5703,,0,
5/6/2025 13:45,11.325,,9.6987,,0,
5/6/2025 14:00,11.387,,9,,0,
5/6/2025 14:15,11.387,,8.7131,,0,
5/6/2025 14:30,11.387,,8.6779,,0,
5/6/2025 14:45,11.387,,8.1753,,0.5512,
5/6/2025 15:00,11.387,,7.3798,,0,
5/6/2025 15:15,11.387,,7.8628,,0.6094,
5/6/2025 15:30,11.387,,7.8155,,0,
5/6/2025 15:45,11.325,,7.7538,,0,
5/6/2025 16:00,11.325,,7.1355,,0.6093,
5/6/2025 16:15,11.325,,7.4947,,0,
5/6/2025 16:30,11.262,,7.6758,,0,
5/6/2025 16:45,11.262,,7.5456,,0,
5/6/2025 17:00,11.2,,7.4261,,0,
5/6/2025 17:15,11.137,,7.6328,,0,
5/6/2025 17:30,11.137,,7.9378,,0,
5/6/2025 17:45,11.075,,7.9021,,0,
5/6/2025 18:00,11.075,,8.1988,,0,
5/6/2025 18:15,11.012,,8.5202,,0,
5/6/2025 18:30,11.012,,8.4431,,0,
5/6/2025 18:45,10.95,,7.9584,,0,
5/6/2025 19:00,10.95,,7.2392,,0,
5/6/2025 19:15,10.887,,7.3482,,0,
5/6/2025 19:30,10.887,,7.391,,0,
5/6/2025 19:45,10.825,,8.1124,,0,
5/6/2025 20:00,10.825,,6.7913,,0,
5/6/2025 20:15,10.825,,7.7402,,0,
5/6/2025 20:30,10.762,,7.0655,,0,
5/6/2025 20:45,10.762,,7.2213,,0,
5/6/2025 21:00,10.7,,7.3206,,0,
5/6/2025 21:15,10.7,,7.1873,,0,
5/6/2025 21:30,10.7,,8.1095,,0,
5/6/2025 21:45,10.637,,7.1986,,0,
5/6/2025 22:00,10.637,,7.3816,,0,
5/6/2025 22:15,10.575,,7.9236,,0,
5/6/2025 22:30,10.575,,6.7761,,0,
5/6/2025 22:45,10.575,,6.871,,0,
5/6/2025 23:00,10.512,,7.1209,,0,
5/6/2025 23:15,10.512,,6.9397,,0,
5/6/2025 23:30,10.512,,7.103,,0,
5/6/2025 23:45,10.45,,6.372,,0,
5/7/2025 0:00,10.45,,6.2724,,0,
5/7/2025 0:15,10.45,,6.8355,,0,
5/7/2025 0:30,10.387,,7.1153,,0,
5/7/2025 0:45,10.387,,6.2316,,0,
5/7/2025 1:00,10.387,,6.0377,,0,
5/7/2025 1:15,10.387,,7.2822,,0,
5/7/2025 1:30,10.325,,6.5421,,0,
5/7/2025 1:45,10.325,,7.0276,,0,
5/7/2025 2:00,10.325,,8.3055,,0,
5/7/2025 2:15,10.325,,7.0662,,0,
5/7/2025 2:30,10.325,,6.9269,,0,
5/7/2025 2:45,10.325,,5.9378,,0,
5/7/2025 3:00,10.325,,6.6072,,0,
5/7/2025 3:15,10.262,,5.8584,,0,
5/7/2025 3:30,10.325,,6.1871,,0.0015,
5/7/2025 3:45,10.387,,5.8446,,0,
5/7/2025 4:00,10.387,,5.5068,,0,
5/7/2025 4:15,10.45,,5.6997,,0,
5/7/2025 4:30,10.512,,5.8692,,0,
5/7/2025 4:45,10.575,,6.1726,,0,
5/7/2025 5:00,10.637,,5.7708,,0,
5/7/2025 5:15,10.762,,5.5688,,0,
5/7/2025 5:30,10.825,,5.2284,,0,
5/7/2025 5:45,10.887,,5.9817,,0.7125,
5/7/2025 6:00,11.012,,6.4905,,0.6015,
5/7/2025 6:15,11.137,,6.0015,,0.7393,
5/7/2025 6:30,11.262,,6.5625,,0.6722,
5/7/2025 6:45,11.512,,6.3432,,0.5832,
5/7/2025 7:00,11.7,,5.6865,,0.6041,
5/7/2025 7:15,11.887,,6.5956,,0.438,
5/7/2025 7:30,12.075,,6.0563,,0.4983,
5/7/2025 7:45,12.262,,5.708,,0.5851,
5/7/2025 8:00,12.45,,6.2089,,0.5084,
5/7/2025 8:15,12.762,,7.3159,,0.4155,
5/7/2025 8:30,13.012,,6.587,,0.4224,
5/7/2025 8:45,13.2,,6.1742,,0.5756,
5/7/2025 9:00,13.325,,5.9452,,0.5065,
5/7/2025 9:15,13.387,,5.75,,0.5149,
5/7/2025 9:30,13.45,,6.8711,,0,
5/7/2025 9:45,13.575,,6.774,,0,
5/7/2025 10:00,13.7,,6.4823,,0,
5/7/2025 10:15,13.7,,6.5501,,0,
5/7/2025 10:30,13.762,,6.1701,,0,
5/7/2025 10:45,13.825,,6.7977,,0,
5/7/2025 11:00,13.887,,6.0713,,0,
5/7/2025 11:15,13.887,,6.4466,,0,
5/7/2025 11:30,13.95,,6.191,,0,
5/7/2025 11:45,14.012,,6.2833,,0,
5/7/2025 12:00,14.012,,6.4295,,0,
5/7/2025 12:15,14.012,,6.249,,0,
5/7/2025 12:30,14.075,,6.3258,,0,
5/7/2025 12:45,14.012,,6.1904,,0,
5/7/2025 13:00,14.075,,6.4607,,0,
5/7/2025 13:15,14.012,,6.4976,,0,
5/7/2025 13:30,14.012,,6.5637,,0,
5/7/2025 13:45,13.95,,6.3979,,0,
5/7/2025 14:00,13.95,,6.5247,,0,
5/7/2025 14:15,13.887,,5.7662,,0,
5/7/2025 14:30,13.825,,5.539,,0,
5/7/2025 14:45,13.825,,5.5059,,0,
5/7/2025 15:00,13.762,,5.9211,,0,
5/7/2025 15:15,13.7,,5.4802,,0.6684,
5/7/2025 15:30,13.637,,6.3086,,0.6009,
5/7/2025 15:45,13.575,,6.06,,0,
5/7/2025 16:00,13.512,,7.291,,0,
5/7/2025 16:15,13.45,,6.2679,,0.7098,
5/7/2025 16:30,13.325,,5.3543,,0.7006,
5/7/2025 16:45,13.262,,5.7932,,0.703,
5/7/2025 17:00,13.2,,5.5132,,0.6643,
5/7/2025 17:15,13.075,,6.2781,,0.6861,
5/7/2025 17:30,13.012,,5.3469,,0.5956,
5/7/2025 17:45,12.887,,5.8271,,0.7519,
5/7/2025 18:00,12.825,,5.5322,,0.6956,
5/7/2025 18:15,12.762,,6.1029,,0.7167,
5/7/2025 18:30,12.637,,6.4965,,0.7547,
5/7/2025 18:45,12.575,,5.4609,,0.6738,
5/7/2025 19:00,12.45,,6.7327,,0.6998,
5/7/2025 19:15,12.387,,6.6618,,0.6187,
5/7/2025 19:30,12.262,,5.5147,,0.6754,
5/7/2025 19:45,12.2,,5.7272,,0.6353,
5/7/2025 20:00,12.075,,5.0313,,0.7586,
5/7/2025 20:15,12.012,,5.5756,,0.7806,
5/7/2025 20:30,11.887,,5.595,,0.7007,
5/7/2025 20:45,11.825,,5.0602,,0.6916,
5/7/2025 21:00,11.762,,5.141,,0.7077,
5/7/2025 21:15,11.7,,5.7317,,0.7512,
5/7/2025 21:30,11.575,,5.2961,,0.7583,
5/7/2025 21:45,11.512,,5.2423,,0.7254,
5/7/2025 22:00,11.45,,5.3647,,0.5663,
5/7/2025 22:15,11.387,,4.8825,,0.7459,
5/7/2025 22:30,11.262,,5.4581,,0.7956,
5/7/2025 22:45,11.2,,5.1242,,0.7513,
5/7/2025 23:00,11.075,,5.297,,0.7368,
5/7/2025 23:15,11.012,,5.695,,0.7964,
5/7/2025 23:30,10.95,,5.3158,,0.7916,
5/7/2025 23:45,10.825,,5.3037,,0.7026,
5/8/2025 0:00,10.762,,5.6119,,0.7893,
5/8/2025 0:15,10.7,,5.392,,0.8235,
5/8/2025 0:30,10.637,,5.3139,,0.8558,
5/8/2025 0:45,10.575,,5.319,,0.8751,
5/8/2025 1:00,10.512,,4.8716,,0.9265,
5/8/2025 1:15,10.387,,5.5223,,0.8226,
5/8/2025 1:30,10.325,,5.5044,,0.8548,
5/8/2025 1:45,10.262,,5.2353,,0.8795,
5/8/2025 2:00,10.262,,4.8118,,0.95,
5/8/2025 2:15,10.2,,4.8683,,0.799,
5/8/2025 2:30,10.137,,4.8757,,0.8559,
5/8/2025 2:45,10.137,,4.9219,,0.871,
5/8/2025 3:00,10.137,,5.3066,,0.8878,
5/8/2025 3:15,10.137,,5.3699,,0.8403,
5/8/2025 3:30,10.137,,5.4644,,0.8773,
5/8/2025 3:45,10.2,,5.2101,,0.787,
5/8/2025 4:00,10.262,,4.7616,,0.8038,
5/8/2025 4:15,10.387,,4.905,,0.8113,
5/8/2025 4:30,10.45,,5.0433,,0.8008,
5/8/2025 4:45,10.7,,4.9573,,0.7594,
5/8/2025 5:00,10.887,,5.0524,,0.7566,
5/8/2025 5:15,11.075,,4.9917,,0.706,
5/8/2025 5:30,11.2,,4.9648,,0.748,
5/8/2025 5:45,11.325,,4.2061,,0.7418,
5/8/2025 6:00,11.512,,5.2232,,0.5772,
5/8/2025 6:15,11.637,,5.2636,,0.6181,
5/8/2025 6:30,11.825,,5.1895,,0.5668,
5/8/2025 6:45,11.95,,4.7958,,0.5488,
5/8/2025 7:00,12.137,,5.5117,,0.4884,
5/8/2025 7:15,12.325,,5.7787,,0.3633,
5/8/2025 7:30,12.512,,4.8997,,0.5061,
5/8/2025 7:45,12.7,,5.0764,,0.4482,
5/8/2025 8:00,12.825,,4.9759,,0.5453,
5/8/2025 8:15,13.012,,4.6591,,0.494,
5/8/2025 8:30,13.137,,5.6597,,0.5561,
5/8/2025 8:45,13.325,,5.1099,,0.5761,
5/8/2025 9:00,13.387,,5.3909,,0.605,
5/8/2025 9:15,13.512,,5.0375,,0.5659,
5/8/2025 9:30,13.7,,5.6604,,0.5238,
5/8/2025 9:45,13.825,,5.3586,,0.5838,
5/8/2025 10:00,13.95,,5.3845,,0.562,
5/8/2025 10:15,14.012,,5.0913,,0.6157,
5/8/2025 10:30,14.075,,5.5578,,0.5578,
5/8/2025 10:45,14.262,,5.0171,,0.6636,
5/8/2025 11:00,14.262,,5.6563,,0.6108,
5/8/2025 11:15,14.325,,5.448,,0.5948,
5/8/2025 11:30,14.387,,5.0034,,0.5941,
5/8/2025 11:45,14.45,,5.1449,,0.573,
5/8/2025 12:00,14.512,,5.2165,,0.6268,
5/8/2025 12:15,14.512,,5.1042,,0.6276,
5/8/2025 12:30,14.512,,5.9937,,0.5625,
5/8/2025 12:45,14.575,,6.0948,,0.5533,
5/8/2025 13:00,14.575,,6.2571,,0.5625,
5/8/2025 13:15,14.637,,6.3062,,0.6145,
5/8/2025 13:30,14.7,,5.8889,,0.5926,
5/8/2025 13:45,14.7,,5.4784,,0.6598,
5/8/2025 14:00,14.637,,5.9746,,0.6225,
5/8/2025 14:15,14.575,,7.4941,,0.6133,
5/8/2025 14:30,14.512,,6.6898,,0.7247,
5/8/2025 14:45,14.45,,7.2894,,0.6171,
5/8/2025 15:00,14.325,,7.7766,,0.6196,
5/8/2025 15:15,14.2,,6.2116,,0.6864,
5/8/2025 15:30,14.075,,5.3446,,0.6727,
5/8/2025 15:45,14.012,,5.305,,0.7936,
5/8/2025 16:00,13.887,,5.7823,,0.66,
5/8/2025 16:15,13.762,,6.3306,,0.7123,
5/8/2025 16:30,13.637,,6.0975,,0.7285,
5/8/2025 16:45,13.575,,5.6146,,0.728,
5/8/2025 17:00,13.45,,5.4381,,0.7523,
5/8/2025 17:15,13.387,,5.0632,,0.6997,
5/8/2025 17:30,13.262,,6.0507,,0.7354,
5/8/2025 17:45,13.137,,6.3434,,0.6397,
5/8/2025 18:00,13.075,,5.8345,,0.6398,
5/8/2025 18:15,13.012,,6.1897,,0.7468,
5/8/2025 18:30,12.95,,6.15,,0.8197,
5/8/2025 18:45,12.825,,6.1226,,0.8426,
5/8/2025 19:00,12.762,,7.1516,,0.8824,
5/8/2025 19:15,12.7,,6.7671,,0.7956,
5/8/2025 19:30,12.637,,7.9901,,0.8056,
5/8/2025 19:45,12.575,,5.1867,,0.7936,
5/8/2025 20:00,12.512,,6.0796,,0.7041,
5/8/2025 20:15,12.512,,5.6225,,0.8753,
5/8/2025 20:30,12.45,,6.1252,,0.7745,
5/8/2025 20:45,12.387,,5.8241,,0.8612,
5/8/2025 21:00,12.325,,5.2571,,0.7911,
5/8/2025 21:15,12.325,,5.4847,,0.8234,
5/8/2025 21:30,12.262,,5.8522,,0.8599,
5/8/2025 21:45,12.2,,6.0213,,0.8053,
5/8/2025 22:00,12.137,,6.4463,,0.844,
5/8/2025 22:15,12.075,,6.3453,,0.7565,
5/8/2025 22:30,12.012,,6.6689,,0.8186,
5/8/2025 22:45,11.95,,6.5707,,1.0246,
5/8/2025 23:00,11.887,,7.8546,,1.1952,
5/8/2025 23:15,11.887,,7.9393,,1.1037,
5/8/2025 23:30,11.887,,7.6122,,0.9762,
5/8/2025 23:45,11.825,,7.1577,,0.7954,
5/9/2025 0:00,11.825,,7.2041,,0.8328,
5/9/2025 0:15,11.825,,7.0267,,0.736,
5/9/2025 0:30,11.825,,7.7662,,0.7961,
5/9/2025 0:45,11.762,,6.7254,,0.7229,
5/9/2025 1:00,11.7,,6.8414,,0.833,
5/9/2025 1:15,11.637,,6.1113,,0.7261,
5/9/2025 1:30,11.637,,5.8242,,0.7873,
5/9/2025 1:45,11.575,,6.3228,,0.739,
5/9/2025 2:00,11.512,,6.0928,,0.8111,
5/9/2025 2:15,11.45,,6.1078,,0.7126,
5/9/2025 2:30,11.387,,5.1804,,0.7649,
5/9/2025 2:45,11.325,,5.4268,,0.7609,
5/9/2025 3:00,11.262,,4.8534,,0.8193,
5/9/2025 3:15,11.2,,4.9166,,0.7779,
5/9/2025 3:30,11.137,,4.6299,,0.8018,
5/9/2025 3:45,11.012,,5.8161,,0.7803,
5/9/2025 4:00,11.012,,4.7493,,0.7866,
5/9/2025 4:15,10.95,,5.0084,,0.7789,
5/9/2025 4:30,10.887,,5.6858,,0.8189,
5/9/2025 4:45,10.825,,5.238,,0.817,
5/9/2025 5:00,10.762,,5.1815,,0.7536,
5/9/2025 5:15,10.762,,5.3466,,0.7494,
5/9/2025 5:30,10.7,,4.6657,,0.767,
5/9/2025 5:45,10.637,,5.5162,,0.746,
5/9/2025 6:00,10.637,,5.0621,,0.7995,
5/9/2025 6:15,10.575,,5.1266,,0.7981,
5/9/2025 6:30,10.575,,4.7001,,0.809,
5/9/2025 6:45,10.512,,5.2345,,0.7728,
5/9/2025 7:00,10.512,,5.1122,,0.8201,
5/9/2025 7:15,10.512,,5.2139,,0.7183,
5/9/2025 7:30,10.45,,4.7175,,0.7201,
5/9/2025 7:45,10.45,,5.7205,,0.7028,
5/9/2025 8:00,10.387,,5.2727,,0.6701,
5/9/2025 8:15,10.387,,4.3628,,0.7999,
5/9/2025 8:30,10.387,,4.4913,,0.8199,
5/9/2025 8:45,10.325,,5.2785,,0.7237,
5/9/2025 9:00,10.325,,4.7779,,0.7848,
5/9/2025 9:15,10.262,,4.2664,,0.7764,
5/9/2025 9:30,10.262,,5.4222,,0.7095,
5/9/2025 9:45,10.262,,4.2771,,0.7943,
5/9/2025 10:00,10.2,,3.9944,,0.7998,
5/9/2025 10:15,10.137,,5.3315,,0.7843,
5/9/2025 10:30,10.137,,5.0029,,0.7658,
5/9/2025 10:45,10.075,,4.8328,,0.8235,
5/9/2025 11:00,10.075,,4.6054,,0.8564,
5/9/2025 11:15,10.012,,4.8597,,0.8253,
5/9/2025 11:30,10.012,,4.9381,,0.7616,
5/9/2025 11:45,9.95,,4.9628,,0.778,
5/9/2025 12:00,9.95,,5.0622,,0.8454,
5/9/2025 12:15,9.887,,5.1048,,0.8287,
5/9/2025 12:30,9.887,,4.4398,,0.7778,
5/9/2025 12:45,9.825,,4.4465,,0.8326,
5/9/2025 13:00,9.825,,4.1397,,0.9552,
5/9/2025 13:15,9.762,,4.3806,,0.9783,
5/9/2025 13:30,9.7,,5.7287,,0.9227,
5/9/2025 13:45,9.7,,7.996,,0.897,
5/9/2025 14:00,9.637,,7.8182,,0.8957,
5/9/2025 14:15,9.575,,7.058,,1.0027,
5/9/2025 14:30,9.512,,6.6763,,0.9648,
5/9/2025 14:45,9.512,,6.7248,,1.0887,
5/9/2025 15:00,9.512,,8.3306,,1.3154,
5/9/2025 15:15,9.575,,10.0739,,1.541,
5/9/2025 15:30,9.512,,11.7375,,1.2355,
5/9/2025 15:45,9.45,,13.7286,,1.1976,
5/9/2025 16:00,9.45,,16.4628,,1.2178,
5/9/2025 16:15,9.45,,16.95,,1.1778,
5/9/2025 16:30,9.45,,17.8984,,0.2296,
5/9/2025 16:45,9.512,,17.3438,,0.2652,
5/9/2025 17:00,9.512,,16.5006,,0.225,
5/9/2025 17:15,9.512,,15.8256,,0.1829,
5/9/2025 17:30,9.512,,15.2469,,0.0731,
5/9/2025 17:45,9.45,,13.7533,,0.0864,
5/9/2025 18:00,9.387,,13.7309,,0.1046,
5/9/2025 18:15,9.387,,13.2715,,0.0357,
5/9/2025 18:30,9.387,,12.5982,,0.0431,
5/9/2025 18:45,9.387,,11.5016,,0.0751,
5/9/2025 19:00,9.325,,10.8952,,0.0586,
5/9/2025 19:15,9.325,,10.5691,,0.1443,
5/9/2025 19:30,9.325,,10.7415,,0.0455,
5/9/2025 19:45,9.262,,10.1843,,0.015,
5/9/2025 20:00,9.262,,10.2925,,0.0006,
5/9/2025 20:15,9.325,,11.1731,,0.0897,
5/9/2025 20:30,9.262,,11.9734,,0.0066,
5/9/2025 20:45,9.2,,12.362,,0.0533,
5/9/2025 21:00,9.262,,13.2743,,0.0123,
5/9/2025 21:15,9.2,,13.0052,,0.0026,
5/9/2025 21:30,9.2,,14.0406,,0,
5/9/2025 21:45,9.2,,12.9783,,0,
5/9/2025 22:00,9.2,,12.2973,,0.049,
5/9/2025 22:15,9.137,,12.2427,,0.0356,
5/9/2025 22:30,9.137,,11.0201,,0.0035,
5/9/2025 22:45,9.137,,10.9313,,0,
5/9/2025 23:00,9.137,,10.8887,,0,
5/9/2025 23:15,9.075,,10.5501,,0,
5/9/2025 23:30,9.075,,10.2245,,0,
5/9/2025 23:45,9.075,,10.4487,,0,
5/10/2025 0:00,9.075,,10.3281,,0,
5/10/2025 0:15,9.075,,11.6067,,0.089,
5/10/2025 0:30,9.012,,12.6877,,0,
5/10/2025 0:45,9.012,,13.2346,,0,
5/10/2025 1:00,8.95,,15.4312,,0,
5/10/2025 1:15,8.95,,13.8232,,0,
5/10/2025 1:30,8.95,,12.6494,,0.0317,
5/10/2025 1:45,8.95,,12.006,,0,
5/10/2025 2:00,8.887,,10.9724,,0,
5/10/2025 2:15,8.887,,10.8592,,0,
5/10/2025 2:30,8.887,,9.7244,,0,
5/10/2025 2:45,8.887,,9.1185,,0,
5/10/2025 3:00,8.887,,9.0424,,0,
5/10/2025 3:15,8.887,,8.7366,,0,
5/10/2025 3:30,8.887,,9.0152,,0,
5/10/2025 3:45,8.887,,8.2564,,0,
5/10/2025 4:00,8.887,,8.0136,,0,
5/10/2025 4:15,8.887,,8.6597,,0,
5/10/2025 4:30,8.887,,7.8316,,0,
5/10/2025 4:45,8.95,,9.6806,,0.055,
5/10/2025 5:00,8.95,,10.8721,,0.0317,
5/10/2025 5:15,9.012,,13.8301,,0,
5/10/2025 5:30,9.012,,15.2412,,0,
5/10/2025 5:45,9.075,,16.8304,,0,
5/10/2025 6:00,9.137,,20.7956,,0,
5/10/2025 6:15,9.137,,25.5665,,0,
5/10/2025 6:30,9.2,,31.7752,,0,
5/10/2025 6:45,9.2,,33.2169,,0,
5/10/2025 7:00,9.2,,35.175,,0,
5/10/2025 7:15,9.262,,37.6731,,0,
5/10/2025 7:30,9.262,,34.49,,0,
5/10/2025 7:45,9.325,,33.3936,,0,
5/10/2025 8:00,9.325,,31.4913,,0,
5/10/2025 8:15,9.387,,27.882,,0,
5/10/2025 8:30,9.45,,26.7763,,0,
5/10/2025 8:45,9.512,,25.7534,,0,
5/10/2025 9:00,9.575,,25.9363,,0,
5/10/2025 9:15,9.637,,23.8041,,0,
5/10/2025 9:30,9.762,,22.3712,,0,
5/10/2025 9:45,9.825,,22.2806,,0,
5/10/2025 10:00,9.887,,21.0639,,0,
5/10/2025 10:15,10.012,,20.8879,,0,
5/10/2025 10:30,10.012,,19.1575,,0,
5/10/2025 10:45,10.137,,18.0322,,0,
5/10/2025 11:00,10.2,,17.7053,,0,
5/10/2025 11:15,10.325,,17.0582,,0,
5/10/2025 11:30,10.387,,16.9194,,0,
5/10/2025 11:45,10.512,,16.648,,0,
5/10/2025 12:00,10.762,,15.7037,,0,
5/10/2025 12:15,10.95,,15.4781,,0,
5/10/2025 12:30,11.137,,14.4333,,0,
5/10/2025 12:45,11.262,,14.6134,,0,
5/10/2025 13:00,11.325,,14.2319,,0,
5/10/2025 13:15,11.45,,13.6304,,0,
5/10/2025 13:30,11.512,,13.7329,,0,
5/10/2025 13:45,11.575,,13.0927,,0,
5/10/2025 14:00,11.575,,12.2946,,0,
5/10/2025 14:15,11.637,,12.0576,,0,
5/10/2025 14:30,11.575,,11.6703,,0,
5/10/2025 14:45,11.575,,11.5461,,0,
5/10/2025 15:00,11.512,,11.5748,,0,
5/10/2025 15:15,11.45,,10.8386,,0,
5/10/2025 15:30,11.387,,10.3726,,0,
5/10/2025 15:45,11.325,,10.8835,,0,
5/10/2025 16:00,11.262,,11.2964,,0,
5/10/2025 16:15,11.2,,9.8521,,0,
5/10/2025 16:30,11.137,,10.4689,,0,
5/10/2025 16:45,11.012,,10.7244,,0,
5/10/2025 17:00,10.95,,10.0894,,0,
5/10/2025 17:15,10.825,,10.5225,,0,
5/10/2025 17:30,10.762,,10.6271,,0,
5/10/2025 17:45,10.7,,9.4541,,0,
5/10/2025 18:00,10.575,,9.1028,,0,
5/10/2025 18:15,10.575,,9.1477,,0,
5/10/2025 18:30,10.45,,9.042,,0,
5/10/2025 18:45,10.387,,9.3669,,0,
5/10/2025 19:00,10.325,,9.1707,,0,
5/10/2025 19:15,10.2,,8.8463,,0,
5/10/2025 19:30,10.137,,8.5913,,0,
5/10/2025 19:45,10.075,,8.8149,,0,
5/10/2025 20:00,10.012,,8.7789,,0,
5/10/2025 20:15,9.95,,7.4493,,0,
5/10/2025 20:30,9.887,,8.4378,,0,
5/10/2025 20:45,9.762,,8.1398,,0,
5/10/2025 21:00,9.7,,8.5724,,0,
5/10/2025 21:15,9.637,,8.194,,0,
5/10/2025 21:30,9.575,,7.2267,,0,
5/10/2025 21:45,9.45,,7.7764,,0,
5/10/2025 22:00,9.387,,8.3191,,0,
5/10/2025 22:15,9.325,,7.9067,,0,
5/10/2025 22:30,9.262,,7.6684,,0,
5/10/2025 22:45,9.137,,7.7031,,0,
5/10/2025 23:00,9.137,,6.9348,,0.006,
5/10/2025 23:15,9.012,,6.9037,,0.0189,
5/10/2025 23:30,8.95,,7.2668,,0,
5/10/2025 23:45,8.887,,6.6843,,0.0572,
5/11/2025 0:00,8.825,,7.1286,,0,
5/11/2025 0:15,8.762,,7.2769,,0,
5/11/2025 0:30,8.7,,7.0105,,0,
5/11/2025 0:45,8.637,,7.3812,,0.0165,
5/11/2025 1:00,8.575,,7.1256,,0.0049,
5/11/2025 1:15,8.512,,7.9239,,0,
5/11/2025 1:30,8.45,,6.5115,,0.0328,
5/11/2025 1:45,8.387,,7.0177,,0.0021,
5/11/2025 2:00,8.325,,6.6608,,0.0035,
5/11/2025 2:15,8.325,,6.5441,,0.028,
5/11/2025 2:30,8.325,,6.1849,,0.0574,
5/11/2025 2:45,8.325,,6.393,,0.0877,
5/11/2025 3:00,8.325,,6.2216,,0.8737,
5/11/2025 3:15,8.325,,5.5693,,0.1312,
5/11/2025 3:30,8.387,,6.6147,,0.7236,
5/11/2025 3:45,8.45,,6.3622,,0.7517,
5/11/2025 4:00,8.512,,6.8113,,0.7676,
5/11/2025 4:15,8.637,,6.3935,,0.7539,
5/11/2025 4:30,8.762,,5.8647,,0.7821,
5/11/2025 4:45,8.887,,5.9789,,0.7912,
5/11/2025 5:00,9.012,,5.5688,,0.7633,
5/11/2025 5:15,9.137,,6.1834,,0.7251,
5/11/2025 5:30,9.262,,6.6489,,0.736,
5/11/2025 5:45,9.45,,5.7886,,0.7857,
5/11/2025 6:00,9.575,,6.2266,,0.6825,
5/11/2025 6:15,9.762,,6.6748,,0.7289,
5/11/2025 6:30,9.887,,6.2439,,0.7601,
5/11/2025 6:45,10.075,,6.7599,,0.6761,
5/11/2025 7:00,10.262,,6.6955,,0.611,
5/11/2025 7:15,10.45,,6.1656,,0.5795,
5/11/2025 7:30,10.7,,6.5799,,0.5715,
5/11/2025 7:45,10.95,,6.6724,,0.5268,
5/11/2025 8:00,11.137,,6.7527,,0.4833,
5/11/2025 8:15,11.325,,6.119,,0.5911,
5/11/2025 8:30,11.45,,6.1686,,0.6568,
5/11/2025 8:45,11.7,,6.475,,0.5732,
5/11/2025 9:00,11.887,,7.2236,,0.5366,
5/11/2025 9:15,12.137,,6.8366,,0.5568,
5/11/2025 9:30,12.325,,7.4637,,0.5335,
5/11/2025 9:45,12.45,,7.1346,,0.5212,
5/11/2025 10:00,12.575,,6.6387,,0.6107,
5/11/2025 10:15,12.7,,6.1731,,0.5227,
5/11/2025 10:30,12.825,,6.6014,,0.5268,
5/11/2025 10:45,12.95,,7.1928,,0.4824,
5/11/2025 11:00,13.012,,7.1174,,0.5294,
5/11/2025 11:15,13.075,,6.4494,,0.5193,
5/11/2025 11:30,13.137,,6.6842,,0.5551,
5/11/2025 11:45,13.2,,7.244,,0.478,
5/11/2025 12:00,13.2,,7.1346,,0.5426,
5/11/2025 12:15,13.2,,8.0612,,0.5443,
5/11/2025 12:30,13.262,,7.8847,,0.5845,
5/11/2025 12:45,13.2,,8.2918,,0.5156,
5/11/2025 13:00,13.137,,8.5606,,0.5859,
5/11/2025 13:15,13.075,,10.0337,,0.5133,
5/11/2025 13:30,13.012,,11.6321,,0.6212,
5/11/2025 13:45,12.95,,12.7535,,0.5308,
5/11/2025 14:00,12.825,,9.8014,,0.4743,
5/11/2025 14:15,12.7,,8.5556,,0.472,
5/11/2025 14:30,12.637,,7.4635,,0.4839,
5/11/2025 14:45,12.45,,7.1744,,0.5157,
5/11/2025 15:00,12.325,,6.148,,0.5385,
5/11/2025 15:15,12.2,,5.9425,,0.5581,
5/11/2025 15:30,12.075,,6.4968,,0.4974,
5/11/2025 15:45,11.887,,6.3669,,0.5032,
5/11/2025 16:00,11.825,,6.1416,,0.6089,
5/11/2025 16:15,11.637,,6.4158,,0.6835,
5/11/2025 16:30,11.575,,6.2546,,0.7426,
5/11/2025 16:45,11.45,,6.3546,,0.6732,
5/11/2025 17:00,11.325,,8.0433,,0.59,
5/11/2025 17:15,11.2,,7.1931,,0.6171,
5/11/2025 17:30,11.075,,6.3304,,0.643,
5/11/2025 17:45,10.95,,5.8951,,0.6942,
5/11/2025 18:00,10.887,,6.2413,,0.6594,
5/11/2025 18:15,10.762,,5.6077,,0.6784,
5/11/2025 18:30,10.637,,6.0577,,0.6937,
5/11/2025 18:45,10.575,,6.5689,,0.7394,
5/11/2025 19:00,10.45,,6.933,,0.7296,
5/11/2025 19:15,10.325,,6.0746,,0.8229,
5/11/2025 19:30,10.262,,5.9865,,0.8001,
5/11/2025 19:45,10.137,,5.9407,,0.7735,
5/11/2025 20:00,10.012,,6.0345,,0.8181,
5/11/2025 20:15,9.95,,5.9793,,0.8722,
5/11/2025 20:30,9.825,,5.641,,0.8403,
5/11/2025 20:45,9.7,,6.1115,,0.8432,
5/11/2025 21:00,9.637,,6.7763,,0.9179,
5/11/2025 21:15,9.512,,6.8901,,0.9327,
5/11/2025 21:30,9.387,,7.9789,,0.7931,
5/11/2025 21:45,9.325,,7.7108,,0.8935,
5/11/2025 22:00,9.2,,6.198,,0.9626,
5/11/2025 22:15,9.137,,5.5278,,0.9221,
5/11/2025 22:30,9.012,,5.7294,,0.9531,
5/11/2025 22:45,8.887,,5.3136,,0.9282,
5/11/2025 23:00,8.825,,4.8366,,0.9774,
5/11/2025 23:15,8.7,,5.2172,,0.8196,
5/11/2025 23:30,8.575,,5.4099,,0.9822,
5/11/2025 23:45,8.512,,4.5455,,0.9302,
5/12/2025 0:00,8.387,,4.6314,,0.8905,
5/12/2025 0:15,8.325,,4.7999,,0.9531,
5/12/2025 0:30,8.262,,5.231,,0.9053,
5/12/2025 0:45,8.2,,4.5816,,0.9872,
5/12/2025 1:00,8.137,,4.9762,,0.9296,
5/12/2025 1:15,8.075,,5.0282,,0.882,
5/12/2025 1:30,8.012,,4.2925,,0.9291,
5/12/2025 1:45,7.95,,5.3748,,0.8603,
5/12/2025 2:00,7.887,,4.3622,,0.9584,
5/12/2025 2:15,7.887,,4.8891,,0.889,
5/12/2025 2:30,7.887,,4.6148,,1.0505,
5/12/2025 2:45,7.825,,4.6251,,0.9662,
5/12/2025 3:00,7.825,,4.8107,,0.8671,
5/12/2025 3:15,7.887,,4.7855,,0.936,
5/12/2025 3:30,7.887,,4.4745,,0.9035,
5/12/2025 3:45,7.95,,5.2049,,0.8211,
5/12/2025 4:00,7.95,,4.5149,,0.9203,
5/12/2025 4:15,8.137,,4.583,,0.812,
5/12/2025 4:30,8.262,,4.8597,,0.8741,
5/12/2025 4:45,8.325,,4.1921,,0.9505,
5/12/2025 5:00,8.512,,4.7001,,0.8303,
5/12/2025 5:15,8.7,,4.2404,,0.8717,
5/12/2025 5:30,8.887,,4.3198,,0.8224,
5/12/2025 5:45,9.137,,4.5682,,0.9062,
5/12/2025 6:00,9.262,,4.3748,,0.8368,
5/12/2025 6:15,9.45,,4.4448,,0.8292,
5/12/2025 6:30,9.637,,4.8457,,0.907,
5/12/2025 6:45,9.825,,4.9505,,0.8604,
5/12/2025 7:00,10.012,,5.0984,,0.9459,
5/12/2025 7:15,10.2,,4.9264,,0.8261,
5/12/2025 7:30,10.45,,4.4615,,0.8112,
5/12/2025 7:45,10.762,,4.6532,,0.7001,
5/12/2025 8:00,10.95,,4.8707,,0.6049,
5/12/2025 8:15,11.137,,5.5245,,0.5733,
5/12/2025 8:30,11.325,,6.9067,,0.6239,
5/12/2025 8:45,11.512,,5.2271,,0.5686,
5/12/2025 9:00,11.7,,4.9056,,0.6485,
5/12/2025 9:15,11.95,,4.6728,,0.6162,
5/12/2025 9:30,12.137,,4.9102,,0.5396,
5/12/2025 9:45,12.325,,4.8227,,0.5278,
5/12/2025 10:00,12.512,,5.4223,,0.5284,
5/12/2025 10:15,12.637,,5.7,,0.5214,
5/12/2025 10:30,12.825,,4.6452,,0.4701,
5/12/2025 10:45,12.95,,5.1485,,0.5535,
5/12/2025 11:00,13.137,,5.5158,,0.6944,
5/12/2025 11:15,13.2,,5.2284,,0.599,
5/12/2025 11:30,13.325,,5.3871,,0.6558,
5/12/2025 11:45,13.387,,5.0471,,0.7338,
5/12/2025 12:00,13.512,,5.3464,,0.7149,
5/12/2025 12:15,13.575,,7.6892,,0.7254,
5/12/2025 12:30,13.637,,6.0056,,0.7134,
5/12/2025 12:45,13.7,,7.1403,,0.701,
5/12/2025 13:00,13.762,,6.8324,,0.7185,
5/12/2025 13:15,13.7,,8.093,,0.6332,
5/12/2025 13:30,13.762,,7.6662,,0.7064,
5/12/2025 13:45,13.7,,7.244,,0.6817,
5/12/2025 14:00,13.7,,8.0959,,0.7676,
5/12/2025 14:15,13.7,,9.9401,,0.7808,
5/12/2025 14:30,13.637,,9.9239,,0.8386,
5/12/2025 14:45,13.575,,7.7904,,0.8168,
5/12/2025 15:00,13.512,,6.011,,0.7888,
5/12/2025 15:15,13.45,,5.8686,,0.8399,
5/12/2025 15:30,13.325,,4.8013,,0.7908,
5/12/2025 15:45,13.262,,5.9297,,0.7911,
5/12/2025 16:00,13.137,,5.0367,,0.869,
5/12/2025 16:15,13.075,,6.1917,,0.6732,
5/12/2025 16:30,12.95,,5.5312,,0.6989,
5/12/2025 16:45,12.887,,5.3842,,0.6923,
5/12/2025 17:00,12.762,,5.6303,,0.726,
5/12/2025 17:15,12.7,,6.1498,,0.6559,
5/12/2025 17:30,12.575,,6.0131,,0.7327,
5/12/2025 17:45,12.512,,6.1767,,0.7509,
5/12/2025 18:00,12.45,,5.1924,,0.7565,
5/12/2025 18:15,12.325,,8.179,,0.6985,
5/12/2025 18:30,12.262,,11.4211,,0.704,
5/12/2025 18:45,12.2,,7.9416,,0.681,
5/12/2025 19:00,12.075,,5.8429,,0.701,
5/12/2025 19:15,12.012,,5.9216,,0.7523,
5/12/2025 19:30,11.887,,5.9737,,0.7433,
5/12/2025 19:45,11.825,,6.8142,,0.6472,
5/12/2025 20:00,11.7,,6.6903,,0.7463,
5/12/2025 20:15,11.637,,5.6348,,0.7991,
5/12/2025 20:30,11.512,,6.6749,,0.7538,
5/12/2025 20:45,11.387,,7.7576,,0.7712,
5/12/2025 21:00,11.325,,7.4726,,0.8201,
5/12/2025 21:15,11.262,,8.1758,,0.8196,
5/12/2025 21:30,11.2,,6.1613,,0.8363,
5/12/2025 21:45,11.075,,5.6619,,0.7832,
5/12/2025 22:00,11.075,,5.7504,,0.807,
5/12/2025 22:15,11.012,,5.4335,,0.7037,
5/12/2025 22:30,10.887,,4.8267,,0.7659,
5/12/2025 22:45,10.887,,5.4282,,0.7193,
5/12/2025 23:00,10.825,,4.9732,,0.7927,
5/12/2025 23:15,10.762,,5.7502,,0.8293,
5/12/2025 23:30,10.7,,5.1693,,0.8529,
5/12/2025 23:45,10.637,,5.5975,,0.7688,
5/13/2025 0:00,10.637,,4.7553,,0.8396,
5/13/2025 0:15,10.575,,4.722,,0.8518,
5/13/2025 0:30,10.512,,5.0982,,0.8347,
5/13/2025 0:45,10.45,,4.8039,,0.826,
5/13/2025 1:00,10.387,,4.7728,,0.8336,
5/13/2025 1:15,10.325,,4.7214,,0.9208,
5/13/2025 1:30,10.262,,5.1794,,0.9451,
5/13/2025 1:45,10.262,,5.5363,,0.8347,
5/13/2025 2:00,10.2,,4.4864,,0.9248,
5/13/2025 2:15,10.137,,5.2718,,0.8714,
5/13/2025 2:30,10.137,,4.8525,,0.9618,
5/13/2025 2:45,10.137,,4.693,,0.946,
5/13/2025 3:00,10.075,,4.2856,,0.9599,
5/13/2025 3:15,10.137,,6.0361,,0.786,
5/13/2025 3:30,10.137,,4.4929,,0.9161,
5/13/2025 3:45,10.137,,3.9182,,0.8608,
5/13/2025 4:00,10.262,,5.2103,,0.7576,
5/13/2025 4:15,10.387,,4.0879,,0.8943,
5/13/2025 4:30,10.387,,4.6519,,0.7744,
5/13/2025 4:45,10.512,,4.8121,,0.7735,
5/13/2025 5:00,10.575,,4.8104,,0.7232,
5/13/2025 5:15,10.7,,5.1454,,0.7564,
5/13/2025 5:30,10.887,,5.0542,,0.8146,
5/13/2025 5:45,11.012,,5.4487,,0.6232,
5/13/2025 6:00,11.137,,4.9216,,0.6309,
5/13/2025 6:15,11.262,,5.391,,0.7348,
5/13/2025 6:30,11.387,,4.6998,,0.705,
5/13/2025 6:45,11.575,,4.3845,,0.6529,
5/13/2025 7:00,11.7,,5.1627,,0.6751,
5/13/2025 7:15,11.825,,5.1422,,0.5652,
5/13/2025 7:30,11.95,,4.9105,,0.567,
5/13/2025 7:45,12.137,,5.0459,,0.6498,
5/13/2025 8:00,12.325,,5.0465,,0.5192,
5/13/2025 8:15,12.45,,4.8639,,0.5909,
5/13/2025 8:30,12.575,,4.9366,,0.5927,
5/13/2025 8:45,12.7,,5.6329,,0.5037,
5/13/2025 9:00,12.825,,4.5965,,0.5658,
5/13/2025 9:15,12.95,,4.39,,0.6397,
5/13/2025 9:30,13.012,,4.7427,,0.6157,
5/13/2025 9:45,13.137,,4.8979,,0.6387,
5/13/2025 10:00,13.2,,4.8838,,0.6631,
5/13/2025 10:15,13.262,,4.3504,,0.7741,
5/13/2025 10:30,13.325,,5.1789,,0.769,
5/13/2025 10:45,13.387,,5.1559,,0.6878,
5/13/2025 11:00,13.45,,5.283,,0.8092,
5/13/2025 11:15,13.512,,5.4093,,0.8172,
5/13/2025 11:30,13.512,,5.4984,,0.6832,
5/13/2025 11:45,13.512,,5.8041,,0.6936,
5/13/2025 12:00,13.512,,5.2411,,0.7618,
5/13/2025 12:15,13.512,,5.9054,,0.7353,
5/13/2025 12:30,13.512,,4.8297,,0.82,
5/13/2025 12:45,13.45,,5.576,,0.7769,
5/13/2025 13:00,13.45,,6.5848,,0.8106,
5/13/2025 13:15,13.45,,5.3086,,0.7785,
5/13/2025 13:30,13.387,,4.7044,,0.8168,
5/13/2025 13:45,13.325,,5.2489,,0.7386,
5/13/2025 14:00,13.262,,5.63,,0.733,
5/13/2025 14:15,13.2,,5.6898,,0.8018,
5/13/2025 14:30,13.137,,6.0895,,0.6876,
5/13/2025 14:45,13.012,,5.5604,,0.6788,
5/13/2025 15:00,12.95,,5.1076,,0.7306,
5/13/2025 15:15,12.825,,5.2521,,0.6555,
5/13/2025 15:30,12.762,,5.5564,,0.7045,
5/13/2025 15:45,12.637,,5.803,,0.6424,
5/13/2025 16:00,12.512,,5.367,,0.6379,
5/13/2025 16:15,12.387,,5.342,,0.6406,
5/13/2025 16:30,12.262,,5.4146,,0.6501,
5/13/2025 16:45,12.137,,5.2906,,0.6866,
5/13/2025 17:00,12.012,,5.4743,,0.6479,
5/13/2025 17:15,11.887,,5.4347,,0.7051,
5/13/2025 17:30,11.825,,4.8445,,0.7235,
5/13/2025 17:45,11.7,,5.1823,,0.7114,
5/13/2025 18:00,11.575,,5.3512,,0.8316,
5/13/2025 18:15,11.512,,6.1273,,0.7884,
5/13/2025 18:30,11.387,,5.8016,,0.796,
5/13/2025 18:45,11.262,,6.8255,,0.8415,
5/13/2025 19:00,11.2,,7.6076,,0.7739,
5/13/2025 19:15,11.075,,6.711,,0.7931,
5/13/2025 19:30,11.012,,6.6921,,0.6337,
5/13/2025 19:45,10.887,,6.0474,,0.7847,
5/13/2025 20:00,10.825,,6.3877,,0.7212,
5/13/2025 20:15,10.7,,6.4276,,0.8285,
5/13/2025 20:30,10.637,,6.4788,,0.8193,
5/13/2025 20:45,10.512,,5.4815,,0.8709,
5/13/2025 21:00,10.45,,5.9652,,0.8734,
5/13/2025 21:15,10.325,,5.7482,,0.8264,
5/13/2025 21:30,10.262,,5.6294,,0.8239,
5/13/2025 21:45,10.137,,4.5062,,0.8323,
5/13/2025 22:00,10.075,,5.5506,,0.8462,
5/13/2025 22:15,10.012,,5.4487,,0.8885,
5/13/2025 22:30,9.95,,5.6724,,0.9189,
5/13/2025 22:45,9.825,,5.0099,,0.7788,
5/13/2025 23:00,9.762,,5.8653,,0.8813,
5/13/2025 23:15,9.7,,9.2427,,0.9602,
5/13/2025 23:30,9.637,,4.8308,,0.9864,
5/13/2025 23:45,9.512,,4.8175,,0.9481,
5/14/2025 0:00,9.45,,5.0041,,0.9534,
5/14/2025 0:15,9.45,,5.3519,,0.9243,
5/14/2025 0:30,9.325,,5.0964,,0.973,
5/14/2025 0:45,9.262,,4.7709,,1.0189,
5/14/2025 1:00,9.262,,4.5963,,1.0562,
5/14/2025 1:15,9.137,,5.3624,,1.0439,
5/14/2025 1:30,9.075,,4.9869,,0.948,
5/14/2025 1:45,9.012,,4.8508,,1.051,
5/14/2025 2:00,9.012,,5.024,,0.9143,
5/14/2025 2:15,8.95,,4.7807,,0.9878,
5/14/2025 2:30,8.95,,5.0729,,0.9653,
5/14/2025 2:45,8.95,,4.9125,,1.0164,
5/14/2025 3:00,8.95,,4.7189,,0.9597,
5/14/2025 3:15,9.012,,4.8256,,0.9137,
5/14/2025 3:30,9.075,,4.5948,,1.0261,
5/14/2025 3:45,9.137,,4.8102,,1.0203,
5/14/2025 4:00,9.262,,4.9901,,0.9793,
5/14/2025 4:15,9.387,,4.9896,,0.9254,
5/14/2025 4:30,9.512,,4.9733,,0.9051,
5/14/2025 4:45,9.637,,4.8457,,0.8997,
5/14/2025 5:00,9.825,,5.1374,,0.8582,
5/14/2025 5:15,10.075,,4.2576,,0.8745,
5/14/2025 5:30,10.262,,4.3754,,0.8627,
5/14/2025 5:45,10.45,,3.8242,,0.8874,
5/14/2025 6:00,10.637,,4.5653,,0.7948,
5/14/2025 6:15,10.825,,4.6528,,0.8554,
5/14/2025 6:30,11.012,,4.1278,,0.793,
5/14/2025 6:45,11.137,,5.5725,,0.7944,
5/14/2025 7:00,11.387,,4.7631,,0.7351,
5/14/2025 7:15,11.575,,4.8686,,0.6767,
5/14/2025 7:30,11.825,,5.2851,,0.6962,
5/14/2025 7:45,12.075,,4.0228,,0.6411,
5/14/2025 8:00,12.262,,4.4066,,0.656,
5/14/2025 8:15,12.45,,4.5015,,0.5594,
5/14/2025 8:30,12.637,,5.0691,,0.5526,
5/14/2025 8:45,12.825,,5.3035,,0.5883,
5/14/2025 9:00,12.95,,4.988,,0.595,
5/14/2025 9:15,13.137,,5.2136,,0.6128,
5/14/2025 9:30,13.325,,5.4493,,0.6849,
5/14/2025 9:45,13.45,,5.1916,,0.7215,
5/14/2025 10:00,13.512,,5.6725,,0.7418,
5/14/2025 10:15,13.637,,5.0369,,0.7459,
5/14/2025 10:30,13.825,,5.0666,,0.6555,
5/14/2025 10:45,13.887,,5.0175,,0.7676,
5/14/2025 11:00,14.012,,4.9177,,0.7422,
5/14/2025 11:15,14.012,,5.3828,,0.6948,
5/14/2025 11:30,14.075,,5.8499,,0.6596,
5/14/2025 11:45,14.075,,5.0815,,0.6599,
5/14/2025 12:00,14.2,,5.3691,,0.7076,
5/14/2025 12:15,14.262,,5.4589,,0.7394,
5/14/2025 12:30,14.325,,4.9777,,0.7046,
5/14/2025 12:45,14.387,,5.3184,,0.829,
5/14/2025 13:00,14.387,,5.3299,,0.7419,
5/14/2025 13:15,14.387,,5.3003,,0.7093,
5/14/2025 13:30,14.325,,7.1211,,0.6863,
5/14/2025 13:45,14.262,,4.903,,0.7567,
5/14/2025 14:00,14.2,,5.6755,,0.6952,
5/14/2025 14:15,14.2,,6.9928,,0.7779,
5/14/2025 14:30,14.137,,7.1907,,0.7863,
5/14/2025 14:45,14.075,,5.8676,,0.7092,
5/14/2025 15:00,14.012,,5.965,,0.7517,
5/14/2025 15:15,13.887,,6.6175,,0.81,
5/14/2025 15:30,13.825,,6.9752,,0.7742,
5/14/2025 15:45,13.7,,5.6743,,0.7726,
5/14/2025 16:00,13.575,,5.1236,,0.8066,
5/14/2025 16:15,13.45,,5.3273,,0.7809,
5/14/2025 16:30,13.325,,6.0193,,0.7024,
5/14/2025 16:45,13.2,,6.0395,,0.8418,
5/14/2025 17:00,13.075,,6.5085,,0.7459,
5/14/2025 17:15,12.95,,6.6861,,0.7898,
5/14/2025 17:30,12.825,,6.5108,,0.7766,
5/14/2025 17:45,12.762,,6.0616,,0.7536,
5/14/2025 18:00,12.637,,5.9933,,0.7815,
5/14/2025 18:15,12.512,,6.0625,,0.8024,
5/14/2025 18:30,12.45,,7.5211,,0.8192,
5/14/2025 18:45,12.325,,8.6973,,0.8443,
5/14/2025 19:00,12.262,,9.2462,,0.752,
5/14/2025 19:15,12.137,,7.2724,,0.7855,
5/14/2025 19:30,12.075,,8.3054,,0.7594,
5/14/2025 19:45,12.012,,7.9426,,0.7381,
5/14/2025 20:00,11.887,,6.4779,,0.8648,
5/14/2025 20:15,11.825,,10.4778,,0.7213,
5/14/2025 20:30,11.762,,7.5385,,0.7052,
5/14/2025 20:45,11.7,,5.7569,,0.7735,
5/14/2025 21:00,11.637,,8.5292,,0.8535,
5/14/2025 21:15,11.575,,7.7159,,0.7847,
5/14/2025 21:30,11.512,,6.759,,0.7467,
5/14/2025 21:45,11.512,,5.2932,,0.8552,
5/14/2025 22:00,11.45,,5.9059,,0.8005,
5/14/2025 22:15,11.387,,6.4537,,0.7849,
5/14/2025 22:30,11.325,,6.3737,,0.7601,
5/14/2025 22:45,11.262,,7.6202,,0.7779,
5/14/2025 23:00,11.262,,8.1912,,0.8839,
5/14/2025 23:15,11.2,,7.6693,,0.8191,
5/14/2025 23:30,11.2,,6.542,,0.9092,
5/14/2025 23:45,11.137,,6.0268,,0.9158,
5/15/2025 0:00,11.137,,5.9554,,0.7838,
5/15/2025 0:15,11.075,,5.5956,,0.7875,
5/15/2025 0:30,11.012,,5.0526,,0.8753,
5/15/2025 0:45,11.012,,5.1473,,0.9216,
5/15/2025 1:00,10.95,,5.6048,,0.8842,
5/15/2025 1:15,10.95,,4.9919,,0.8637,
5/15/2025 1:30,10.95,,5.0348,,0.8641,
5/15/2025 1:45,10.887,,5.3261,,0.8332,
5/15/2025 2:00,10.95,,5.487,,0.8959,
5/15/2025 2:15,10.887,,5.1012,,0.836,
5/15/2025 2:30,10.887,,3.7423,,0.8616,
5/15/2025 2:45,10.887,,5.0299,,0.8669,
5/15/2025 3:00,10.887,,6.0314,,0.9176,
5/15/2025 3:15,10.887,,5.3589,,0.8575,
5/15/2025 3:30,10.887,,4.7161,,0.8885,
5/15/2025 3:45,10.95,,5.1413,,0.8851,
5/15/2025 4:00,11.012,,5.3098,,0.8333,
5/15/2025 4:15,11.075,,5.133,,0.712,
5/15/2025 4:30,11.137,,4.5985,,0.7662,
5/15/2025 4:45,11.2,,4.7199,,0.7334,
5/15/2025 5:00,11.262,,5.0814,,0.7404,
5/15/2025 5:15,11.325,,4.4034,,0.703,
5/15/2025 5:30,11.387,,5.5457,,0.6846,
5/15/2025 5:45,11.45,,4.8127,,0.7373,
5/15/2025 6:00,11.575,,5.2433,,0.6104,
5/15/2025 6:15,11.7,,5.5186,,0.5836,
5/15/2025 6:30,11.762,,4.6423,,0.6405,
5/15/2025 6:45,11.825,,4.7472,,0.5974,
5/15/2025 7:00,11.887,,5.4799,,0.6411,
5/15/2025 7:15,12.075,,6.0822,,0.5686,
5/15/2025 7:30,12.137,,4.8042,,0.6001,
5/15/2025 7:45,12.262,,6.0142,,0.5985,
5/15/2025 8:00,12.387,,7.5469,,0.6205,
5/15/2025 8:15,12.512,,13.5388,,0.5614,
5/15/2025 8:30,12.637,,8.0013,,0.7072,
5/15/2025 8:45,12.825,,7.2207,,0.6866,
5/15/2025 9:00,12.95,,8.2837,,0.6618,
5/15/2025 9:15,13.012,,7.2567,,0.7275,
5/15/2025 9:30,13.2,,7.1912,,0.7383,
5/15/2025 9:45,13.387,,6.6994,,0.864,
5/15/2025 10:00,13.512,,6.1152,,0.8001,
5/15/2025 10:15,13.575,,5.0366,,0.7724,
5/15/2025 10:30,13.7,,6.105,,0.672,
5/15/2025 10:45,13.762,,5.5186,,0.7896,
5/15/2025 11:00,13.825,,5.4754,,0.8234,
5/15/2025 11:15,13.95,,5.6632,,0.7086,
5/15/2025 11:30,14.075,,5.6618,,0.7412,
5/15/2025 11:45,14.137,,7.2187,,0.6396,
5/15/2025 12:00,14.137,,5.9886,,0.7796,
5/15/2025 12:15,14.137,,6.0999,,0.6563,
5/15/2025 12:30,14.2,,5.845,,0.7174,
5/15/2025 12:45,14.2,,5.7219,,0.794,
5/15/2025 13:00,14.2,,10.6166,,0.719,
5/15/2025 13:30,14.262,,10.331,,0.7424,
5/15/2025 13:45,14.262,,5.3772,,0.7467,
5/15/2025 14:00,14.262,,5.6334,,0.7868,
5/15/2025 14:15,14.262,,5.7293,,0.7762,
5/15/2025 14:30,14.2,,5.8841,,0.7643,
5/15/2025 14:45,14.2,,5.2936,,0.7752,
5/15/2025 15:00,14.2,,5.935,,0.7965,
5/15/2025 15:15,14.137,,6.2632,,0.7233,
5/15/2025 15:30,14.075,,6.2567,,0.7903,
5/15/2025 15:45,14.012,,6.1839,,0.7554,
5/15/2025 16:00,13.95,,5.2702,,0.8156,
5/15/2025 16:15,13.825,,5.8677,,0.7848,
5/15/2025 16:30,13.762,,4.8143,,0.9161,
5/15/2025 16:45,13.7,,6.4245,,0.7851,
5/15/2025 17:00,13.637,,7.1948,,0.7512,
5/15/2025 17:15,13.512,,6.9658,,0.8277,
5/15/2025 17:30,13.45,,7.5503,,0.8066,
5/15/2025 17:45,13.387,,7.127,,0.8064,
5/15/2025 18:00,13.325,,7.1893,,0.7938,
5/15/2025 18:15,13.2,,6.3636,,0.816,
5/15/2025 18:30,13.137,,6.3107,,0.8083,
5/15/2025 18:45,13.075,,6.8324,,0.8189,
5/15/2025 19:00,13.012,,6.2631,,0.9402,
5/15/2025 19:15,12.95,,6.1474,,0.8341,
5/15/2025 19:30,12.887,,5.6049,,0.8019,
5/15/2025 19:45,12.825,,5.7195,,0.7999,
5/15/2025 20:00,12.762,,5.7481,,0.8667,
5/15/2025 20:15,12.7,,5.4848,,0.8283,
5/15/2025 20:30,12.7,,4.9585,,0.82,
5/15/2025 20:45,12.637,,5.5845,,0.833,
5/15/2025 21:00,12.575,,5.8251,,0.708,
5/15/2025 21:15,12.575,,6.7448,,0.7738,
5/15/2025 21:30,12.512,,6.1806,,0.8313,
5/15/2025 21:45,12.45,,5.8044,,0.7534,
5/15/2025 22:00,12.45,,5.6989,,0.8017,
5/15/2025 22:15,12.387,,5.2663,,0.7482,
5/15/2025 22:30,12.387,,4.6505,,0.6746,
5/15/2025 22:45,12.387,,4.8685,,0.7616,
5/15/2025 23:00,12.325,,4.8572,,0.8093,
5/15/2025 23:15,12.325,,6.0007,,0.7044,
5/15/2025 23:30,12.262,,5.8082,,0.8462,
5/15/2025 23:45,12.262,,6.1807,,0.6808,
5/16/2025 0:00,12.2,,6.2821,,0.7274,
5/16/2025 0:15,12.2,,5.2908,,0.7218,
5/16/2025 0:30,12.137,,4.4369,,0.7969,
5/16/2025 0:45,12.137,,5.5404,,0.6665,
5/16/2025 1:00,12.137,,5.4849,,0.7284,
5/16/2025 1:15,12.075,,5.2519,,0.6069,
5/16/2025 1:30,12.075,,5.152,,0.7128,
5/16/2025 1:45,12.012,,5.2129,,0.6729,
5/16/2025 2:00,12.012,,5.7756,,0.6351,
5/16/2025 2:15,12.012,,4.3109,,0.7224,
5/16/2025 2:30,12.012,,5.1259,,0.7653,
5/16/2025 2:45,12.012,,4.5014,,0.637,
5/16/2025 3:00,12.012,,5.1748,,0.6561,
5/16/2025 3:15,12.075,,5.1643,,0.7063,
5/16/2025 3:30,12.075,,5.0093,,0.6544,
5/16/2025 3:45,12.137,,4.8735,,0.6298,
5/16/2025 4:00,12.2,,4.9854,,0.6047,
5/16/2025 4:15,12.325,,4.802,,0.5771,
5/16/2025 4:30,12.512,,4.8695,,0.6111,
5/16/2025 4:45,12.637,,4.8545,,0.5988,
5/16/2025 5:00,12.762,,4.353,,0.6625,
5/16/2025 5:15,12.95,,4.9207,,0.6171,
5/16/2025 5:30,13.075,,4.4392,,0.6362,
5/16/2025 5:45,13.075,,5.1411,,0.6584,
5/16/2025 6:00,13.262,,4.4888,,0.6484,
5/16/2025 6:15,13.387,,4.3209,,0.6815,
5/16/2025 6:30,13.637,,5.571,,0.6697,
5/16/2025 6:45,13.887,,4.7062,,0.6634,
5/16/2025 7:00,14.075,,5.0939,,0.6916,
5/16/2025 7:15,14.325,,4.4789,,0.7553,
5/16/2025 7:30,14.387,,5.0856,,0.6522,
5/16/2025 7:45,14.45,,5.1278,,0.7067,
5/16/2025 8:00,14.7,,4.7209,,0.6456,
5/16/2025 8:15,14.887,,5.2592,,0.5995,
5/16/2025 8:30,15.012,,4.6719,,0.6269,
5/16/2025 8:45,15.075,,4.944,,0.5521,
5/16/2025 9:00,15.262,,5.4818,,0.6126,
5/16/2025 9:15,15.45,,5.4423,,0.6206,
5/16/2025 9:30,15.512,,5.5536,,0.5963,
5/16/2025 9:45,15.637,,5.1527,,0.6025,
5/16/2025 10:00,15.825,,5.1597,,0.649,
5/16/2025 10:15,15.95,,5.348,,0.6358,
5/16/2025 10:30,16.075,,5.2271,,0.6786,
5/16/2025 10:45,16.137,,5.5967,,0.666,
5/16/2025 11:00,16.2,,6.1289,,0.7546,
5/16/2025 11:15,16.325,,5.7772,,0.7696,
5/16/2025 11:30,16.325,,5.4369,,0.8159,
5/16/2025 11:45,16.387,,6.4078,,0.8319,
5/16/2025 12:00,16.45,,7.3903,,0.7964,
5/16/2025 12:15,16.45,,6.7864,,0.8428,
5/16/2025 12:30,16.45,,6.8948,,0.8062,
5/16/2025 12:45,16.45,,6.3756,,0.7163,
5/16/2025 13:00,16.512,,5.4926,,0.8459,
5/16/2025 13:15,16.512,,6.7645,,0.8148,
5/16/2025 13:30,16.512,,9.4419,,0.8672,
5/16/2025 13:45,16.512,,19.6756,,0.8496,
5/16/2025 14:00,16.45,,12.3059,,0.9298,
5/16/2025 14:15,16.45,,7.8694,,0.795,
5/16/2025 14:30,16.387,,6.2628,,0.9189,
5/16/2025 14:45,16.387,,7.7112,,0.8457,
5/16/2025 15:00,16.325,,6.8831,,0.9144,
5/16/2025 15:15,16.2,,6.9507,,0.8395,
5/16/2025 15:30,16.137,,8.0642,,0.8313,
5/16/2025 15:45,16.012,,7.6059,,0.918,
5/16/2025 16:00,15.95,,7.6733,,0.9194,
5/16/2025 16:15,15.825,,7.8066,,1.0159,
5/16/2025 16:30,15.7,,7.5546,,0.9888,
5/16/2025 16:45,15.637,,6.8052,,0.8869,
5/16/2025 17:00,15.512,,6.4194,,0.8977,
5/16/2025 17:15,15.387,,7.6589,,0.864,
5/16/2025 17:30,15.262,,8.6777,,0.841,
5/16/2025 17:45,15.2,,8.5373,,0.9506,
5/16/2025 18:00,15.075,,7.785,,0.962,
5/16/2025 18:15,14.95,,7.2702,,0.9515,
5/16/2025 18:30,14.825,,6.3441,,0.8387,
5/16/2025 18:45,14.762,,6.3203,,0.9448,
5/16/2025 19:00,14.637,,6.1737,,0.881,
5/16/2025 19:15,14.575,,5.731,,0.982,
5/16/2025 19:30,14.45,,6.0544,,0.9164,
5/16/2025 19:45,14.387,,6.9644,,0.9424,
5/16/2025 20:00,14.262,,6.8628,,0.9814,
5/16/2025 20:15,14.2,,7.2776,,0.8726,
5/16/2025 20:30,14.137,,7.1565,,0.9573,
5/16/2025 20:45,14.012,,7.3,,0.9102,
5/16/2025 21:00,14.012,,10.5079,,0.9032,
5/16/2025 21:15,13.887,,10.0059,,0.9296,
5/16/2025 21:30,13.825,,8.7448,,0.9329,
5/16/2025 21:45,13.762,,6.7137,,0.9206,
5/16/2025 22:00,13.7,,7.3865,,0.9555,
5/16/2025 22:15,13.637,,7.6711,,1.0033,
5/16/2025 22:30,13.575,,8.1155,,0.9875,
5/16/2025 22:45,13.575,,6.7003,,0.8762,
5/16/2025 23:00,13.512,,6.8713,,0.9428,
5/16/2025 23:15,13.45,,7.4199,,0.8834,
5/16/2025 23:30,13.387,,9.4742,,0.9683,
5/16/2025 23:45,13.325,,9.0775,,0.9075,
5/17/2025 0:00,13.325,,6.9893,,0.9279,
5/17/2025 0:15,13.262,,6.092,,0.8636,
5/17/2025 0:30,13.2,,6.1699,,0.895,
5/17/2025 0:45,13.2,,5.4338,,0.8507,
5/17/2025 1:00,13.137,,4.9189,,0.9718,
5/17/2025 1:15,13.075,,5.5069,,0.8289,
5/17/2025 1:30,13.075,,5.7664,,0.9391,
5/17/2025 1:45,13.012,,5.5569,,0.9807,
5/17/2025 2:00,13.012,,5.2636,,0.8778,
5/17/2025 2:15,12.95,,5.203,,0.9507,
5/17/2025 2:30,12.95,,4.9462,,0.9046,
5/17/2025 2:45,12.887,,4.8132,,0.9323,
5/17/2025 3:00,12.887,,5.7703,,0.9612,
5/17/2025 3:15,12.887,,5.7258,,0.9973,
5/17/2025 3:30,12.825,,5.2135,,0.9037,
5/17/2025 3:45,12.825,,5.3277,,0.8738,
5/17/2025 4:00,12.825,,4.7501,,1.0118,
5/17/2025 4:15,12.825,,5.6425,,0.9414,
5/17/2025 4:30,12.762,,5.7376,,0.8987,
5/17/2025 4:45,12.825,,5.6594,,0.9045,
5/17/2025 5:00,12.762,,5.1916,,0.8585,
5/17/2025 5:15,12.762,,5.4025,,0.946,
5/17/2025 5:30,12.825,,5.5783,,0.9201,
5/17/2025 5:45,12.825,,5.2407,,0.9734,
5/17/2025 6:00,12.825,,5.8234,,0.8658,
5/17/2025 6:15,12.825,,5.513,,0.8552,
5/17/2025 6:30,12.887,,6.2379,,0.8829,
5/17/2025 6:45,12.887,,5.2434,,0.8998,
5/17/2025 7:00,12.887,,5.1598,,0.8614,
5/17/2025 7:15,12.95,,4.814,,0.9413,
5/17/2025 7:30,12.95,,5.2448,,0.9189,
5/17/2025 7:45,12.95,,4.5807,,0.9749,
5/17/2025 8:00,12.95,,5.0771,,0.8915,
5/17/2025 8:15,13.012,,5.0886,,0.9128,
5/17/2025 8:30,13.012,,6.1888,,0.9486,
5/17/2025 8:45,13.012,,4.7533,,0.9735,
5/17/2025 9:00,13.012,,4.7958,,0.9339,
5/17/2025 9:15,13.012,,4.4863,,0.9654,
5/17/2025 9:30,13.075,,5.7366,,0.9016,
5/17/2025 9:45,13.075,,5.3801,,1.0362,
5/17/2025 10:00,13.075,,4.7969,,0.9713,
5/17/2025 10:15,13.012,,5.383,,0.9982,
5/17/2025 10:30,13.075,,4.484,,0.9558,
5/17/2025 10:45,13.137,,5.5182,,0.9907,
5/17/2025 11:00,13.137,,5.5852,,0.9191,
5/17/2025 11:15,13.137,,6.0729,,0.8787,
5/17/2025 11:30,13.137,,5.5214,,0.8974,
5/17/2025 11:45,13.137,,6.0566,,1.0157,
5/17/2025 12:00,13.2,,6.1071,,0.9176,
5/17/2025 12:15,13.2,,5.9654,,0.9562,
5/17/2025 12:30,13.2,,6.5553,,0.9134,
5/17/2025 12:45,13.262,,6.5732,,1.0094,
5/17/2025 13:00,13.387,,7.6065,,0.8741,
5/17/2025 13:15,13.387,,7.7682,,0.955,
5/17/2025 13:30,13.45,,8.434,,0.8812,
5/17/2025 13:45,13.45,,7.7557,,0.8964,
5/17/2025 14:00,13.512,,7.5725,,0.8946,
5/17/2025 14:15,13.512,,6.9802,,0.9293,
5/17/2025 14:30,13.512,,6.3482,,0.9165,
5/17/2025 14:45,13.512,,5.6181,,0.8596,
5/17/2025 15:00,13.512,,5.9568,,0.9277,
5/17/2025 15:15,13.45,,5.9356,,0.8469,
5/17/2025 15:30,13.45,,5.3633,,0.9001,
5/17/2025 15:45,13.387,,5.5319,,0.9342,
5/17/2025 16:00,13.387,,5.354,,0.92,
5/17/2025 16:15,13.325,,4.8161,,0.99,
5/17/2025 16:30,13.325,,5.3561,,0.989,
5/17/2025 16:45,13.262,,5.3134,,0.9386,
5/17/2025 17:00,13.2,,5.6278,,0.9762,
5/17/2025 17:15,13.137,,7.6067,,0.9517,
5/17/2025 17:30,13.137,,7.6244,,1.0217,
5/17/2025 17:45,13.075,,7.008,,0.991,
5/17/2025 18:00,13.075,,8.0693,,1.5733,
5/17/2025 18:15,13.012,,10.0903,,1.1402,
5/17/2025 18:30,13.012,,9.9776,,0.9917,
5/17/2025 18:45,12.95,,9.1858,,1.1027,
5/17/2025 19:00,12.887,,11.5839,,1.1603,
5/17/2025 19:15,12.825,,15.8462,,1.1753,
5/17/2025 19:30,12.762,,16.3225,,1.8399,
5/17/2025 19:45,12.637,,16.0379,,2.3961,
5/17/2025 20:00,12.637,,15.1529,,2.3052,
5/17/2025 20:15,12.7,,14.4003,,1.7829,
5/17/2025 20:30,12.7,,16.1512,,1.5054,
5/17/2025 20:45,12.762,,14.1884,,1.2903,
5/17/2025 21:00,12.825,,14.8796,,1.2389,
5/17/2025 21:15,12.887,,11.7732,,1.4258,
5/17/2025 21:30,12.887,,10.6691,,1.4565,
5/17/2025 21:45,12.887,,9.0572,,1.4759,
5/17/2025 22:00,12.887,,8.203,,1.4061,
5/17/2025 22:15,12.887,,10.8699,,1.2922,
5/17/2025 22:30,12.887,,8.5594,,1.2074,
5/17/2025 22:45,12.825,,8.2585,,1.244,
5/17/2025 23:00,12.825,,7.5806,,1.1648,
5/17/2025 23:15,12.825,,7.6529,,1.1065,
5/17/2025 23:30,12.825,,7.4309,,1.199,
5/17/2025 23:45,12.762,,7.6181,,1.1989,
5/18/2025 0:00,12.7,,7.9289,,1.0908,
5/18/2025 0:15,12.637,,7.6268,,1.233,
5/18/2025 0:30,12.575,,7.0131,,1.1106,
5/18/2025 0:45,12.512,,6.2192,,1.1662,
5/18/2025 1:00,12.45,,6.4827,,1.0916,
5/18/2025 1:15,12.387,,5.993,,1.0936,
5/18/2025 1:30,12.325,,6.6826,,1.1113,
5/18/2025 1:45,12.262,,6.338,,0.9459,
5/18/2025 2:00,12.262,,6.6098,,1.0507,
5/18/2025 2:15,12.2,,6.7058,,1.0175,
5/18/2025 2:30,12.2,,6.6471,,0.9281,
5/18/2025 2:45,12.2,,6.1124,,0.9583,
5/18/2025 3:00,12.2,,6.6212,,0.7663,
5/18/2025 3:15,12.2,,6.6844,,0.891,
5/18/2025 3:30,12.2,,6.1629,,0.9475,
5/18/2025 3:45,12.262,,6.7084,,0.8666,
5/18/2025 4:00,12.325,,6.7048,,0.8282,
5/18/2025 4:15,12.45,,6.5353,,0.7449,
5/18/2025 4:30,12.575,,6.4001,,0.7079,
5/18/2025 4:45,12.637,,6.258,,0.7953,
5/18/2025 5:00,12.762,,5.4475,,0.7835,
5/18/2025 5:15,12.887,,6.4988,,0.7848,
5/18/2025 5:30,13.012,,5.4444,,0.7778,
5/18/2025 5:45,13.2,,6.0012,,0.7031,
5/18/2025 6:00,13.325,,5.5991,,0.7478,
5/18/2025 6:15,13.387,,6.5048,,0.7876,
5/18/2025 6:30,13.387,,6.1115,,0.7202,
5/18/2025 6:45,13.45,,5.9768,,0.7366,
5/18/2025 7:00,13.575,,5.5433,,0.7165,
5/18/2025 7:15,13.7,,5.7407,,0.7918,
5/18/2025 7:30,13.825,,6.1825,,0.8499,
5/18/2025 7:45,13.887,,5.9209,,0.8692,
5/18/2025 8:00,13.95,,5.545,,0.7763,
5/18/2025 8:15,14.012,,5.8182,,0.7777,
5/18/2025 8:30,14.012,,5.1129,,0.8675,
5/18/2025 8:45,14.075,,5.9797,,0.7365,
5/18/2025 9:00,14.137,,5.5968,,0.7803,
5/18/2025 9:15,14.2,,6.2542,,0.7467,
5/18/2025 9:30,14.325,,5.6276,,0.8146,
5/18/2025 9:45,14.325,,6.5375,,0.7727,
5/18/2025 10:00,14.387,,5.598,,0.8162,
5/18/2025 10:15,14.45,,6.26,,0.7522,
5/18/2025 10:30,14.45,,6.2997,,0.7526,
5/18/2025 10:45,14.45,,5.9341,,0.7875,
5/18/2025 11:00,14.45,,5.2813,,0.8431,
5/18/2025 11:15,14.512,,6.2821,,0.7365,
5/18/2025 11:30,14.512,,5.3959,,0.734,
5/18/2025 11:45,14.512,,6.9858,,0.8521,
5/18/2025 12:00,14.512,,6.3704,,0.8462,
5/18/2025 12:15,14.512,,5.8589,,0.8292,
5/18/2025 12:30,14.575,,5.9402,,0.7877,
5/18/2025 12:45,14.637,,5.5623,,0.8188,
5/18/2025 13:00,14.637,,5.6856,,0.7748,
5/18/2025 13:15,14.637,,5.517,,0.8033,
5/18/2025 13:30,14.637,,6.6731,,0.8896,
5/18/2025 13:45,14.575,,6.7529,,0.8391,
5/18/2025 14:00,14.575,,6.4211,,0.8438,
5/18/2025 14:15,14.512,,8.2387,,0.839,
5/18/2025 14:30,14.512,,6.96,,0.8682,
5/18/2025 14:45,14.45,,6.9046,,0.8698,
5/18/2025 15:00,14.45,,6.1024,,0.8728,
5/18/2025 15:15,14.387,,6.0063,,0.8481,
5/18/2025 15:30,14.325,,5.511,,0.881,
5/18/2025 15:45,14.262,,5.3164,,0.9448,
5/18/2025 16:00,14.137,,5.6804,,0.899,
5/18/2025 16:15,14.075,,5.4708,,0.8907,
5/18/2025 16:30,13.95,,6.1858,,0.9043,
5/18/2025 16:45,13.887,,5.5392,,0.8684,
5/18/2025 17:00,13.825,,5.3286,,0.9563,
5/18/2025 17:15,13.762,,6.1147,,0.92,
5/18/2025 17:30,13.7,,6.2676,,0.8435,
5/18/2025 17:45,13.637,,6.0806,,0.9031,
5/18/2025 18:00,13.512,,5.6637,,0.8922,
5/18/2025 18:15,13.45,,5.8578,,0.9452,
5/18/2025 18:30,13.387,,6.2093,,0.9358,
5/18/2025 18:45,13.325,,6.8974,,0.9567,
5/18/2025 19:00,13.262,,7.2822,,1.007,
5/18/2025 19:15,13.2,,8.7379,,0.9817,
5/18/2025 19:30,13.137,,10.9804,,0.8433,
5/18/2025 19:45,13.075,,22.2447,,0.9755,
5/18/2025 20:00,12.95,,27.5755,,0.9793,
5/18/2025 20:15,12.887,,13.6353,,0.924,
5/18/2025 20:30,12.825,,8.3236,,0.9351,
5/18/2025 20:45,12.7,,6.8617,,0.9888,
5/18/2025 21:00,12.575,,7.8719,,0.9892,
5/18/2025 21:15,12.512,,7.3394,,0.951,
5/18/2025 21:30,12.45,,6.9779,,0.8844,
5/18/2025 21:45,12.387,,7.4096,,0.8932,
5/18/2025 22:00,12.325,,8.9291,,0.9074,
5/18/2025 22:15,12.2,,10.6264,,0.869,
5/18/2025 22:30,12.137,,21.0556,,0.8436,
5/18/2025 22:45,12.012,,20.9776,,0.9428,
5/18/2025 23:00,11.95,,15.2452,,0.8789,
5/18/2025 23:15,11.887,,9.7143,,0.8773,
5/18/2025 23:30,11.762,,9.268,,0.8794,
5/18/2025 23:45,11.7,,7.2179,,0.8071,
5/19/2025 0:00,11.575,,5.9892,,0.8686,
5/19/2025 0:15,11.512,,6.4555,,0.8199,
5/19/2025 0:30,11.387,,9.1389,,0.8166,
5/19/2025 0:45,11.325,,9.3406,,0.8444,
5/19/2025 1:00,11.262,,7.4903,,0.7896,
5/19/2025 1:15,11.2,,6.7197,,0.8186,
5/19/2025 1:30,11.075,,5.0867,,0.8229,
5/19/2025 1:45,11.012,,5.6785,,0.8043,
5/19/2025 2:00,10.95,,5.5983,,0.8866,
5/19/2025 2:15,10.887,,5.0432,,0.8889,
5/19/2025 2:30,10.825,,5.0685,,0.8178,
5/19/2025 2:45,10.825,,4.7955,,0.8071,
5/19/2025 3:00,10.762,,5.6803,,0.7519,
5/19/2025 3:15,10.762,,5.3997,,0.7372,
5/19/2025 3:30,10.825,,6.1455,,0.7974,
5/19/2025 3:45,10.887,,5.6062,,0.7942,
5/19/2025 4:00,10.95,,5.38,,0.8058,
5/19/2025 4:15,10.95,,5.7128,,0.809,
5/19/2025 4:30,11.012,,4.7956,,0.8386,
5/19/2025 4:45,11.075,,6.1096,,0.7521,
5/19/2025 5:00,11.137,,6.8521,,0.7607,
5/19/2025 5:15,11.262,,8.8241,,0.7587,
5/19/2025 5:30,11.45,,5.7547,,0.6736,
5/19/2025 5:45,11.575,,5.5346,,0.7721,
5/19/2025 6:00,11.575,,5.9702,,0.7253,
5/19/2025 6:15,11.7,,6.5237,,0.7533,
5/19/2025 6:30,11.825,,7.4284,,0.7549,
5/19/2025 6:45,11.95,,6.5721,,0.6333,
5/19/2025 7:00,12.012,,6.2761,,0.7166,
5/19/2025 7:15,12.137,,7.485,,0.7609,
5/19/2025 7:30,12.075,,8.9822,,0.7218,
5/19/2025 7:45,12.137,,7.8247,,0.756,
5/19/2025 8:00,12.2,,6.6127,,0.6816,
5/19/2025 8:15,12.325,,6.0997,,0.7713,
5/19/2025 8:30,12.325,,5.4996,,0.6779,
5/19/2025 8:45,12.325,,5.4637,,0.7563,
5/19/2025 9:00,12.325,,5.7149,,0.7201,
5/19/2025 9:15,12.325,,6.2618,,0.7133,
5/19/2025 9:30,12.387,,6.2974,,0.657,
5/19/2025 9:45,12.45,,6.9289,,0.6581,
5/19/2025 10:00,12.45,,5.7403,,0.7714,
5/19/2025 10:15,12.45,,6.5717,,0.7202,
5/19/2025 10:30,12.512,,7.8081,,0.7835,
5/19/2025 10:45,12.512,,5.955,,0.712,
5/19/2025 11:00,12.512,,6.6575,,0.7502,
5/19/2025 11:15,12.512,,7.7413,,0.703,
5/19/2025 11:30,12.512,,6.6522,,0.7451,
5/19/2025 11:45,12.512,,6.439,,0.7993,
5/19/2025 12:00,12.45,,10.0502,,0.7859,
5/19/2025 12:15,12.45,,7.5201,,0.7839,
5/19/2025 12:30,12.387,,17.1623,,0.7969,
5/19/2025 12:45,12.262,,8.6621,,0.7999,
5/19/2025 13:00,12.2,,10.8221,,0.7891,
5/19/2025 13:15,12.075,,7.5058,,0.8368,
5/19/2025 13:30,12.012,,8.3511,,0.7941,
5/19/2025 13:45,11.887,,7.7027,,0.7968,
5/19/2025 14:00,11.825,,7.1792,,0.7862,
5/19/2025 14:15,11.762,,6.0259,,0.8237,
5/19/2025 14:30,11.7,,8.9681,,0.8624,
5/19/2025 14:45,11.575,,9.1278,,0.832,
5/19/2025 15:00,11.512,,10.4319,,0.8354,
5/19/2025 15:15,11.387,,13.4491,,0.7912,
5/19/2025 15:30,11.325,,7.1303,,0.7548,
5/19/2025 15:45,11.2,,7.3175,,0.8163,
5/19/2025 16:00,11.137,,6.0133,,0.7791,
5/19/2025 16:15,11.012,,7.1278,,0.7593,
5/19/2025 16:30,10.95,,11.9282,,0.8182,
5/19/2025 16:45,10.887,,7.383,,0.7724,
5/19/2025 17:00,10.762,,5.9082,,0.8923,
5/19/2025 17:15,10.7,,5.9408,,0.8694,
5/19/2025 17:30,10.637,,6.8993,,0.8492,
5/19/2025 17:45,10.575,,6.6019,,0.8919,
5/19/2025 18:00,10.512,,6.2925,,0.933,
5/19/2025 18:15,10.45,,8.3702,,0.9581,
5/19/2025 18:30,10.387,,8.868,,0.8457,
5/19/2025 18:45,10.325,,16.7141,,0.913,
5/19/2025 19:00,10.262,,23.985,,0.9535,
5/19/2025 19:15,10.262,,16.7536,,0.9466,
5/19/2025 19:30,10.2,,44.3893,,0.8922,
5/19/2025 19:45,10.137,,28.1583,,1.0433,
5/19/2025 20:00,10.137,,22.3243,,0.958,
5/19/2025 20:15,10.075,,14.4885,,1.0147,
5/19/2025 20:30,10.012,,14.5568,,0.9325,
5/19/2025 20:45,10.012,,12.0235,,0.9448,
5/19/2025 21:00,9.95,,10.4158,,0.8639,
5/19/2025 21:15,9.887,,8.6371,,0.9158,
5/19/2025 21:30,9.887,,8.3542,,0.9575,
5/19/2025 21:45,9.825,,6.7732,,0.8662,
5/19/2025 22:00,9.825,,9.8512,,0.9998,
5/19/2025 22:15,9.825,,10.426,,0.8347,
5/19/2025 22:30,9.762,,9.9934,,0.9261,
5/19/2025 22:45,9.762,,9.2059,,1.0483,
5/19/2025 23:00,9.7,,7.5848,,0.911,
5/19/2025 23:15,9.7,,14.997,,0.8484,
5/19/2025 23:30,9.7,,11.3046,,0.8823,
5/19/2025 23:45,9.637,,9.8801,,0.888,
5/20/2025 0:00,9.637,,9.244,,0.8491,
5/20/2025 0:15,9.637,,8.0248,,0.8409,
5/20/2025 0:30,9.575,,6.7599,,0.8038,
5/20/2025 0:45,9.575,,6.8998,,0.8335,
5/20/2025 1:00,9.575,,5.051,,0.8893,
5/20/2025 1:15,9.512,,7.3331,,0.8335,
5/20/2025 1:30,9.512,,7.5655,,0.8295,
5/20/2025 1:45,9.512,,7.2687,,0.8444,
5/20/2025 2:00,9.45,,6.9573,,0.7802,
5/20/2025 2:15,9.45,,5.9094,,0.8713,
5/20/2025 2:30,9.45,,6.6572,,0.7809,
5/20/2025 2:45,9.45,,7.5081,,0.8679,
5/20/2025 3:00,9.45,,7.6525,,0.8102,
5/20/2025 3:15,9.512,,5.7549,,0.815,
5/20/2025 3:30,9.512,,4.4964,,0.8554,
5/20/2025 3:45,9.637,,5.2089,,0.8467,
5/20/2025 4:00,9.7,,5.0656,,0.7991,
5/20/2025 4:15,9.887,,5.5886,,0.7774,
5/20/2025 4:30,9.95,,5.0922,,0.8678,
5/20/2025 4:45,10.012,,5.3742,,0.7756,
5/20/2025 5:00,10.075,,5.6793,,0.7998,
5/20/2025 5:15,10.075,,5.4918,,0.7747,
5/20/2025 5:30,10.2,,5.6492,,0.6781,
5/20/2025 5:45,10.325,,4.8081,,0.804,
5/20/2025 6:00,10.387,,4.755,,0.6805,
5/20/2025 6:15,10.512,,5.2343,,0.7858,
5/20/2025 6:30,10.637,,5.3548,,0.7742,
5/20/2025 6:45,10.762,,5.5529,,0.7224,
5/20/2025 7:00,10.887,,5.6598,,0.6525,
5/20/2025 7:15,10.887,,5.3427,,0.653,
5/20/2025 7:30,10.95,,5.5,,0.6696,
5/20/2025 7:45,11.075,,5.2689,,0.6052,
5/20/2025 8:00,11.2,,5.407,,0.7013,
5/20/2025 8:15,11.325,,5.3138,,0.6162,
5/20/2025 8:30,11.387,,5.7363,,0.6225,
5/20/2025 8:45,11.45,,5.2293,,0.6551,
5/20/2025 9:00,11.575,,5.2605,,0.6574,
5/20/2025 9:15,11.575,,5.2163,,0.6791,
5/20/2025 9:30,11.575,,5.6072,,0.6063,
5/20/2025 9:45,11.637,,5.9818,,0.678,
5/20/2025 10:00,11.637,,6.0744,,0.5852,
5/20/2025 10:15,11.575,,6.0271,,0.6913,
5/20/2025 10:30,11.575,,5.9321,,0.6519,
5/20/2025 10:45,11.575,,5.8717,,0.6437,
5/20/2025 11:00,11.575,,5.4469,,0.6465,
5/20/2025 11:15,11.575,,7.16,,0.6286,
5/20/2025 11:30,11.575,,24.4843,,0.5804,
5/20/2025 11:45,11.575,,7.1367,,0.6503,
5/20/2025 12:00,11.512,,6.517,,0.6948,
5/20/2025 12:15,11.45,,6.1597,,0.6938,
5/20/2025 12:30,11.45,,6.3324,,0.731,
5/20/2025 12:45,11.387,,5.668,,0.6956,
5/20/2025 13:00,11.387,,5.9027,,0.6596,
5/20/2025 13:15,11.325,,6.195,,0.7988,
5/20/2025 13:30,11.325,,5.8334,,0.7377,
5/20/2025 13:45,11.262,,6.7845,,0.7824,
5/20/2025 14:00,11.262,,6.6879,,0.6847,
5/20/2025 14:15,11.2,,5.7164,,0.7562,
5/20/2025 14:30,11.137,,6.7828,,0.8001,
5/20/2025 14:45,11.137,,7.6598,,0.7922,
5/20/2025 15:00,11.075,,6.7767,,0.8053,
5/20/2025 15:15,11.012,,6.9573,,0.7565,
5/20/2025 15:30,11.012,,6.2786,,0.7572,
5/20/2025 15:45,10.95,,5.8618,,0.8298,
5/20/2025 16:00,10.887,,5.6832,,0.8632,
5/20/2025 16:15,10.887,,5.8219,,0.8151,
5/20/2025 16:30,10.825,,5.8475,,0.8111,
5/20/2025 16:45,10.762,,7.4436,,0.7869,
5/20/2025 17:00,10.7,,8.8679,,0.8096,
5/20/2025 17:15,10.7,,8.678,,0.8847,
5/20/2025 17:30,10.637,,11.5363,,0.7334,
5/20/2025 17:45,10.575,,6.7242,,0.8251,
5/20/2025 18:00,10.512,,6.6408,,0.7742,
5/20/2025 18:15,10.512,,6.2588,,0.8611,
5/20/2025 18:30,10.45,,6.3804,,0.8326,
5/20/2025 18:45,10.45,,7.0936,,0.7403,
5/20/2025 19:00,10.387,,9.0932,,0.8234,
5/20/2025 19:15,10.387,,9.1988,,0.7636,
5/20/2025 19:30,10.325,,6.4741,,0.8219,
5/20/2025 19:45,10.262,,7.7383,,0.7664,
5/20/2025 20:00,10.262,,7.9546,,0.8109,
5/20/2025 20:15,10.262,,11.0762,,0.7529,
5/20/2025 20:30,10.2,,7.4126,,0.735,
5/20/2025 20:45,10.137,,7.8045,,0.8232,
5/20/2025 21:00,10.137,,21.2008,,0.8865,
5/20/2025 21:15,10.137,,9.1172,,0.72,
5/20/2025 21:30,10.137,,7.3501,,0.7598,
5/20/2025 21:45,10.075,,7.3365,,0.8003,
5/20/2025 22:00,10.012,,6.3293,,0.8052,
5/20/2025 22:15,10.012,,7.1402,,0.7854,
5/20/2025 22:30,9.95,,6.5574,,0.7681,
5/20/2025 22:45,9.887,,7.4059,,0.8547,
5/20/2025 23:00,9.825,,7.3436,,0.823,
5/20/2025 23:15,9.762,,6.9474,,0.9125,
5/20/2025 23:30,9.762,,6.5344,,0.8274,
5/20/2025 23:45,9.7,,6.092,,0.7331,
5/21/2025 0:00,9.637,,6.0841,,0.8125,
5/21/2025 0:15,9.637,,5.7652,,0.8746,
5/21/2025 0:30,9.575,,5.7092,,0.7575,
5/21/2025 0:45,9.512,,5.2719,,0.8089,
5/21/2025 1:00,9.512,,4.3631,,0.8548,
5/21/2025 1:15,9.45,,5.8103,,0.7593,
5/21/2025 1:30,9.45,,4.9032,,0.8285,
5/21/2025 1:45,9.387,,5.0878,,0.7457,
5/21/2025 2:00,9.387,,5.0854,,0.8448,
5/21/2025 2:15,9.325,,4.0926,,0.8629,
5/21/2025 2:30,9.325,,4.3263,,0.7727,
5/21/2025 2:45,9.325,,4.3381,,0.8419,
5/21/2025 3:00,9.325,,4.9776,,0.7986,
5/21/2025 3:15,9.325,,4.6918,,0.7902,
5/21/2025 3:30,9.325,,4.4505,,0.8868,
5/21/2025 3:45,9.325,,4.9669,,0.8766,
5/21/2025 4:00,9.325,,6.0269,,0.9157,
5/21/2025 4:15,9.325,,4.2947,,0.8298,
5/21/2025 4:30,9.387,,4.7188,,0.8291,
5/21/2025 4:45,9.387,,5.4753,,0.8353,
5/21/2025 5:00,9.387,,6.4523,,0.7437,
5/21/2025 5:15,9.45,,5.5197,,0.8439,
5/21/2025 5:30,9.512,,5.5038,,0.7548,
5/21/2025 5:45,9.512,,6.0991,,0.8257,
5/21/2025 6:00,9.512,,5.596,,0.8008,
5/21/2025 6:15,9.512,,5.3543,,0.699,
5/21/2025 6:30,9.575,,5.6194,,0.7062,
5/21/2025 6:45,9.575,,5.6374,,0.7782,
5/21/2025 7:00,9.637,,6.6284,,0.8131,
5/21/2025 7:15,9.637,,6.8516,,0.7528,
5/21/2025 7:30,9.7,,5.7361,,0.7518,
5/21/2025 7:45,9.762,,5.2953,,0.7833,
5/21/2025 8:00,9.887,,4.9579,,0.833,
5/21/2025 8:15,9.95,,4.4219,,0.7926,
5/21/2025 8:30,9.95,,4.7209,,0.7102,
5/21/2025 8:45,10.012,,4.8373,,0.8708,
5/21/2025 9:00,10.075,,4.1975,,0.7823,
5/21/2025 9:15,10.137,,4.2973,,0.7696,
5/21/2025 9:30,10.2,,5.1126,,0.7594,
5/21/2025 9:45,10.262,,5.2141,,0.8001,
5/21/2025 10:00,10.262,,5.0822,,0.831,
5/21/2025 10:15,10.387,,4.306,,0.7488,
5/21/2025 10:30,10.45,,4.5597,,0.806,
5/21/2025 10:45,10.45,,4.6482,,0.7142,
5/21/2025 11:00,10.512,,4.5449,,0.6642,
5/21/2025 11:15,10.512,,5.3758,,0.803,
5/21/2025 11:30,10.512,,5.5768,,0.7394,
5/21/2025 11:45,10.512,,5.839,,0.7981,
5/21/2025 12:00,10.512,,5.2932,,0.6971,
5/21/2025 12:15,10.512,,4.5658,,0.7952,
5/21/2025 12:30,10.512,,5.231,,0.8038,
5/21/2025 12:45,10.512,,5.1604,,0.7383,
5/21/2025 13:00,10.45,,5.1651,,0.8101,
5/21/2025 13:15,10.387,,5.0779,,0.746,
5/21/2025 13:30,10.325,,5.1206,,0.6847,
5/21/2025 13:45,10.325,,5.549,,0.7832,
5/21/2025 14:00,10.262,,4.5053,,0.7964,
5/21/2025 14:15,10.2,,5.5265,,0.7955,
5/21/2025 14:30,10.2,,5.4651,,0.755,
5/21/2025 14:45,10.137,,4.8916,,0.7495,
5/21/2025 15:00,10.075,,5.5076,,0.7404,
5/21/2025 15:15,10.075,,5.1344,,0.7784,
5/21/2025 15:30,10.012,,5.4432,,0.8973,
5/21/2025 15:45,9.95,,4.2281,,0.7765,
5/21/2025 16:00,9.95,,5.4251,,0.7833,
5/21/2025 16:15,9.825,,5.5919,,0.741,
5/21/2025 16:30,9.825,,6.1586,,0.784,
5/21/2025 16:45,9.762,,4.8557,,0.86,
5/21/2025 17:00,9.762,,5.0622,,0.7894,
5/21/2025 17:15,9.7,,5.0219,,0.7784,
5/21/2025 17:30,9.637,,4.6754,,0.8521,
5/21/2025 17:45,9.575,,4.6321,,0.8553,
5/21/2025 18:00,9.575,,5.1396,,0.8644,
5/21/2025 18:15,9.512,,4.9184,,0.9198,
5/21/2025 18:30,9.512,,5.795,,0.7989,
5/21/2025 18:45,9.45,,5.874,,0.8697,
5/21/2025 19:00,9.45,,6.5739,,0.8503,
5/21/2025 19:15,9.387,,5.8713,,0.8729,
5/21/2025 19:30,9.325,,5.1741,,0.8224,
5/21/2025 19:45,9.325,,4.9795,,0.8234,
5/21/2025 20:00,9.325,,4.6627,,0.7974,
5/21/2025 20:15,9.325,,5.8228,,0.9036,
5/21/2025 20:30,9.262,,6.592,,0.8998,
5/21/2025 20:45,9.262,,5.8258,,0.8602,
5/21/2025 21:00,9.262,,6.7344,,0.8864,
5/21/2025 21:15,9.2,,6.5062,,0.8603,
5/21/2025 21:30,9.2,,7.4369,,0.8874,
5/21/2025 21:45,9.137,,18.5842,,1.027,
5/21/2025 22:00,9.137,,10.7609,,0.8657,
5/21/2025 22:15,9.137,,24.5596,,0.8825,
5/21/2025 22:30,9.075,,45.9547,,0.9832,
5/21/2025 22:45,9.075,,28.7631,,0.996,
5/21/2025 23:00,9.012,,15.7167,,0.9808,
5/21/2025 23:15,9.012,,9.8458,,0.8643,
5/21/2025 23:30,9.012,,15.3137,,0.9639,
5/21/2025 23:45,9.012,,11.709,,0.964,
5/22/2025 0:00,8.95,,7.6406,,0.94,
5/22/2025 0:15,8.95,,6.4921,,0.9773,
5/22/2025 0:30,8.95,,8.418,,1.0673,
5/22/2025 0:45,8.887,,8.6005,,0.958,
5/22/2025 1:00,8.887,,6.0705,,1.0284,
5/22/2025 1:15,8.887,,6.1892,,0.9479,
5/22/2025 1:30,8.825,,5.2872,,1.0438,
5/22/2025 1:45,8.825,,5.1478,,0.9601,
5/22/2025 2:00,8.825,,4.6238,,1.0251,
5/22/2025 2:15,8.825,,5.4523,,0.9402,
5/22/2025 2:30,8.762,,4.6961,,1.0882,
5/22/2025 2:45,8.762,,3.9935,,0.9445,
5/22/2025 3:00,8.762,,5.3196,,0.9869,
5/22/2025 3:15,8.762,,5.0884,,0.8637,
5/22/2025 3:30,8.762,,4.9146,,0.9102,
5/22/2025 3:45,8.762,,6.0011,,0.869,
5/22/2025 4:00,8.762,,5.4546,,0.8753,
5/22/2025 4:15,8.762,,5.1499,,0.9464,
5/22/2025 4:30,8.825,,5.5157,,0.9684,
5/22/2025 4:45,8.825,,11.7781,,0.9155,
5/22/2025 5:00,8.825,,16.0721,,0.9472,
5/22/2025 5:15,8.762,,18.8746,,0.8995,
5/22/2025 5:30,8.762,,8.808,,0.8729,
5/22/2025 5:45,8.825,,6.3422,,0.8942,
5/22/2025 6:00,8.825,,8.5326,,0.8459,
5/22/2025 6:15,8.825,,17.7259,,0.8667,
5/22/2025 6:30,8.825,,22.7301,,0.877,
5/22/2025 6:45,8.825,,20.7599,,0.8911,
5/22/2025 7:00,8.825,,13.8376,,1.0137,
5/22/2025 7:15,8.825,,10.1008,,0.8297,
5/22/2025 7:30,8.825,,8.0358,,0.9347,
5/22/2025 7:45,8.825,,8.2138,,0.8869,
5/22/2025 8:00,8.762,,6.7141,,0.9476,
5/22/2025 8:15,8.762,,5.5931,,0.8883,
5/22/2025 8:30,8.825,,4.8272,,0.9749,
5/22/2025 8:45,8.762,,5.213,,0.978,
5/22/2025 9:00,8.825,,5.1374,,0.9916,
5/22/2025 9:15,8.825,,5.3422,,0.9192,
5/22/2025 9:30,8.825,,4.4248,,0.9233,
5/22/2025 9:45,8.762,,5.0649,,0.9457,
5/22/2025 10:00,8.762,,4.3746,,0.9276,
5/22/2025 10:15,8.762,,5.1116,,0.8648,
5/22/2025 10:30,8.7,,5.5768,,0.9445,
5/22/2025 10:45,8.7,,5.3591,,0.8221,
5/22/2025 11:00,8.7,,5.3441,,1.0021,
5/22/2025 11:15,8.7,,7.8065,,0.8959,
5/22/2025 11:30,8.637,,7.9867,,0.9083,
5/22/2025 11:45,8.637,,9.5973,,0.9143,
5/22/2025 12:00,8.575,,8.746,,0.9724,
5/22/2025 12:15,8.575,,8.7873,,0.9608,
5/22/2025 12:30,8.575,,7.5356,,0.9294,
5/22/2025 12:45,8.575,,7.6841,,1.0636,
5/22/2025 13:00,8.575,,8.5182,,0.9508,
5/22/2025 13:15,8.512,,8.7397,,1.0996,
5/22/2025 13:30,8.512,,9.1443,,1.3241,
5/22/2025 13:45,8.512,,9.8831,,1.509,
5/22/2025 14:00,8.512,,10.8549,,1.7256,
5/22/2025 14:15,8.512,,11.1752,,1.7795,
5/22/2025 14:30,8.512,,12.3824,,1.7693,
5/22/2025 14:45,8.512,,12.4517,,1.8518,
5/22/2025 15:00,8.575,,12.2436,,1.6105,
5/22/2025 15:15,8.637,,13.6249,,1.4988,
5/22/2025 15:30,8.637,,14.4396,,1.4324,
5/22/2025 15:45,8.7,,12.8188,,1.3544,
5/22/2025 16:00,8.575,,12.4884,,1.2165,
5/22/2025 16:15,8.575,,12.0777,,1.1883,
5/22/2025 16:30,8.512,,14.6513,,1.2615,
5/22/2025 16:45,8.45,,18.8701,,1.322,
5/22/2025 17:00,8.45,,21.1989,,1.4307,
5/22/2025 17:15,8.45,,19.7184,,1.4686,
5/22/2025 17:30,8.45,,17.1763,,1.3579,
5/22/2025 17:45,8.512,,17.0147,,1.3623,
5/22/2025 18:00,8.512,,16.7634,,1.2603,
5/22/2025 18:15,8.512,,18.0107,,1.3605,
5/22/2025 18:30,8.512,,18.274,,1.2471,
5/22/2025 18:45,8.512,,20.416,,1.1638,
5/22/2025 19:00,8.45,,20.409,,1.1709,
5/22/2025 19:15,8.45,,22.0586,,1.2359,
5/22/2025 19:30,8.45,,28.3151,,1.2762,
5/22/2025 19:45,8.512,,33.4356,,1.399,
5/22/2025 20:00,8.512,,35.8428,,1.2974,
5/22/2025 20:15,8.45,,35.0556,,0.3475,
5/22/2025 20:30,8.512,,34.2059,,0.3125,
5/22/2025 20:45,8.512,,33.277,,0.2808,
5/22/2025 21:00,8.512,,27.9961,,0.4456,
5/22/2025 21:15,8.45,,25.4603,,0.4251,
5/22/2025 21:30,8.45,,22.3182,,0.3935,
5/22/2025 21:45,8.387,,19.9786,,0.3749,
5/22/2025 22:00,8.387,,18.5009,,0.3783,
5/22/2025 22:15,8.325,,16.8119,,0.3622,
5/22/2025 22:30,8.325,,15.9397,,0.3484,
5/22/2025 22:45,8.325,,14.4317,,0.3618,
5/22/2025 23:00,8.325,,14.6878,,0.3759,
5/22/2025 23:15,8.262,,16.903,,0.2786,
5/22/2025 23:30,8.262,,14.5761,,0.3378,
5/22/2025 23:45,8.262,,14.5927,,0.3009,
5/23/2025 0:00,8.262,,13.1243,,1.1418,
5/23/2025 0:15,8.262,,12.7817,,0.2456,
5/23/2025 0:30,8.2,,12.9892,,1.1021,
5/23/2025 0:45,8.2,,11.5686,,0.2558,
5/23/2025 1:00,8.137,,11.265,,0.3025,
5/23/2025 1:15,8.137,,11.2406,,0.2044,
5/23/2025 1:30,8.137,,10.7119,,0.2346,
5/23/2025 1:45,8.137,,10.8824,,0.2939,
5/23/2025 2:00,8.075,,10.3402,,0.2442,
5/23/2025 2:15,8.075,,10.4659,,0.291,
5/23/2025 2:30,8.075,,10.1234,,0.3292,
5/23/2025 2:45,8.075,,10.2195,,0.2233,
5/23/2025 3:00,8.075,,9.9371,,0.258,
5/23/2025 3:15,8.075,,10.2015,,0.274,
5/23/2025 3:30,8.012,,10.5827,,0.2808,
5/23/2025 3:45,8.075,,9.9266,,0.3091,
5/23/2025 4:00,8.075,,10.6597,,0.3178,
5/23/2025 4:15,8.075,,10.5345,,0.3385,
5/23/2025 4:30,8.137,,9.947,,0.2651,
5/23/2025 4:45,8.137,,9.8817,,0.2341,
5/23/2025 5:00,8.2,,10.3865,,0.2592,
5/23/2025 5:15,8.2,,9.4734,,0.2411,
5/23/2025 5:30,8.262,,10.0686,,0.2697,
5/23/2025 5:45,8.325,,9.8074,,0.1916,
5/23/2025 6:00,8.387,,10.9385,,0.146,
5/23/2025 6:15,8.512,,9.87,,0.2269,
5/23/2025 6:30,8.512,,10.4673,,0.1993,
5/23/2025 6:45,8.575,,10.1822,,0.2179,
5/23/2025 7:00,8.7,,8.7771,,0.176,
5/23/2025 7:15,8.762,,9.3483,,0.0616,
5/23/2025 7:30,8.825,,9.7819,,0.1107,
5/23/2025 7:45,8.887,,9.5049,,0.0778,
5/23/2025 8:00,8.95,,9.4556,,0.0703,
5/23/2025 8:15,9.075,,10.8093,,0.0668,
5/23/2025 8:30,9.2,,9.4314,,0.0748,
5/23/2025 8:45,9.325,,9.284,,0.1075,
5/23/2025 9:00,9.387,,8.4667,,0,
5/23/2025 9:15,9.512,,8.8922,,0.0083,
5/23/2025 9:30,9.637,,8.9635,,0,
5/23/2025 9:45,9.762,,8.5744,,0,
5/23/2025 10:00,9.887,,8.8465,,0,
5/23/2025 10:15,9.95,,9.7316,,0,
5/23/2025 10:30,10.075,,9.1305,,0,
5/23/2025 10:45,10.2,,9.2321,,0,
5/23/2025 11:00,10.262,,8.6801,,0,
5/23/2025 11:15,10.325,,9.2374,,0,
5/23/2025 11:30,10.325,,9.2549,,0,
5/23/2025 11:45,10.387,,11.0709,,0,
5/23/2025 12:00,10.45,,8.9425,,0,
5/23/2025 12:15,10.45,,11.9558,,0,
5/23/2025 12:30,10.45,,10.9659,,0,
5/23/2025 12:45,10.45,,14.6263,,0,
5/23/2025 13:00,10.45,,10.5905,,0,
5/23/2025 13:15,10.45,,17.4639,,0,
5/23/2025 13:30,10.45,,8.9405,,0,
5/23/2025 13:45,10.45,,8.6195,,0,
5/23/2025 14:00,10.45,,8.5056,,0,
5/23/2025 14:15,10.45,,10.5889,,0,
5/23/2025 14:30,10.45,,8.85,,0.7428,
5/23/2025 14:45,10.387,,8.612,,0.6606,
5/23/2025 15:00,10.387,,10.8838,,0.7245,
5/23/2025 15:15,10.325,,13.7596,,0.6905,
5/23/2025 15:30,10.325,,11.8458,,0,
5/23/2025 15:45,10.325,,11.1721,,0,
5/23/2025 16:00,10.262,,11.9578,,0.6954,
5/23/2025 16:15,10.262,,13.4374,,0,
5/23/2025 16:30,10.2,,10.0831,,0,
5/23/2025 16:45,10.2,,9.5688,,0.7167,
5/23/2025 17:00,10.137,,8.1601,,0.7045,
5/23/2025 17:15,10.075,,9.4412,,0.5806,
5/23/2025 17:30,10.075,,8.6915,,0.667,
5/23/2025 17:45,10.012,,7.3236,,0.6486,
5/23/2025 18:00,9.95,,7.3327,,0.6425,
5/23/2025 18:15,9.95,,7.7492,,0.6338,
5/23/2025 18:30,9.887,,19.3164,,0,
5/23/2025 18:45,9.887,,10.0463,,0.7484,
5/23/2025 19:00,9.825,,8.153,,0.6531,
5/23/2025 19:15,9.825,,8.6553,,0.714,
5/23/2025 19:30,9.762,,8.1669,,0.7265,
5/23/2025 19:45,9.762,,7.8777,,0.6889,
5/23/2025 20:00,9.7,,7.8902,,0.6136,
5/23/2025 20:15,9.7,,7.3146,,0.7918,
5/23/2025 20:30,9.7,,14.3068,,0.7083,
5/23/2025 20:45,9.637,,9.0188,,0.7504,
5/23/2025 21:00,9.637,,9.1975,,0.7241,
5/23/2025 21:15,9.637,,9.6546,,0.6928,
5/23/2025 21:30,9.637,,11.2429,,0.7383,
5/23/2025 21:45,9.575,,9.2331,,0.6334,
5/23/2025 22:00,9.575,,7.7873,,0.7928,
5/23/2025 22:15,9.575,,13.2489,,0.6479,
5/23/2025 22:30,9.575,,8.6473,,0.7362,
5/23/2025 22:45,9.575,,8.8939,,0.7209,
5/23/2025 23:00,9.512,,9.5963,,0.6427,
5/23/2025 23:15,9.512,,8.6511,,0.6497,
5/23/2025 23:30,9.512,,7.086,,0.7143,
5/23/2025 23:45,9.512,,7.1388,,0.7185,
5/24/2025 0:00,9.45,,7.3768,,0.6653,
5/24/2025 0:15,9.512,,28.0224,,0,
5/24/2025 0:30,9.45,,10.8626,,0.6571,
5/24/2025 0:45,9.45,,17.0112,,0.6963,
5/24/2025 1:00,9.45,,8.5246,,0.7373,
5/24/2025 1:15,9.45,,7.8517,,0.6601,
5/24/2025 1:30,9.45,,6.6888,,0.6636,
5/24/2025 1:45,9.387,,5.783,,0.6339,
5/24/2025 2:00,9.387,,6.5617,,0.689,
5/24/2025 2:15,9.387,,6.2919,,0.6297,
5/24/2025 2:30,9.387,,6.9391,,0.6523,
5/24/2025 2:45,9.387,,6.3512,,0.6517,
5/24/2025 3:00,9.387,,6.2598,,0.6845,
5/24/2025 3:15,9.387,,5.9963,,0.6886,
5/24/2025 3:30,9.387,,6.4779,,0.6776,
5/24/2025 3:45,9.45,,6.8634,,0.6652,
5/24/2025 4:00,9.45,,6.6225,,0.6907,
5/24/2025 4:15,9.512,,5.6916,,0.647,
5/24/2025 4:30,9.575,,6.5621,,0.6277,
5/24/2025 4:45,9.637,,6.298,,0.6978,
5/24/2025 5:00,9.762,,6.1197,,0.6694,
5/24/2025 5:15,9.825,,7.4667,,0.7097,
5/24/2025 5:30,9.95,,5.7379,,0.61,
5/24/2025 5:45,9.95,,9.8947,,0.6949,
5/24/2025 6:00,10.075,,9.2856,,0.6213,
5/24/2025 6:15,10.2,,7.6663,,0.6654,
5/24/2025 6:30,10.387,,9.9252,,0.5595,
5/24/2025 6:45,10.45,,7.3437,,0.5489,
5/24/2025 7:00,10.45,,6.0198,,0.5506,
5/24/2025 7:15,10.575,,14.2442,,0.6213,
5/24/2025 7:30,10.7,,7.5183,,0.5935,
5/24/2025 7:45,10.825,,6.7432,,0.5204,
5/24/2025 8:00,10.887,,6.9086,,0.5026,
5/24/2025 8:15,11.075,,10.1686,,0.5426,
5/24/2025 8:30,11.137,,13.4163,,0.5062,
5/24/2025 8:45,11.2,,9.6,,0.552,
5/24/2025 9:00,11.325,,7.7795,,0.4822,
5/24/2025 9:15,11.325,,6.5115,,0,
5/24/2025 9:30,11.512,,6.3678,,0.5214,
5/24/2025 9:45,11.637,,6.8525,,0.5171,
5/24/2025 10:00,11.7,,7.0191,,0.4666,
5/24/2025 10:15,11.825,,7.3931,,0.4129,
5/24/2025 10:30,12.012,,7.9699,,0.406,
5/24/2025 10:45,12.075,,7.8128,,0.4071,
5/24/2025 11:00,12.137,,10.0777,,0.4127,
5/24/2025 11:15,12.2,,15.6845,,0.4285,
5/24/2025 11:30,12.325,,14.5308,,0.4311,
5/24/2025 11:45,12.387,,6.6652,,0.4418,
5/24/2025 12:00,12.45,,6.7851,,0.3772,
5/24/2025 12:15,12.45,,6.2418,,0.5026,
5/24/2025 12:30,12.45,,5.8315,,0.4457,
5/24/2025 12:45,12.45,,9.2438,,0.3798,
5/24/2025 13:00,12.45,,10.8535,,0.4462,
5/24/2025 13:15,12.45,,24.4745,,0,
5/24/2025 13:30,12.387,,10.8272,,0.3721,
5/24/2025 13:45,12.387,,7.0898,,0.4212,
5/24/2025 14:00,12.325,,7.6677,,0.3989,
5/24/2025 14:15,12.262,,6.2096,,0.4032,
5/24/2025 14:30,12.2,,7.0526,,0.365,
5/24/2025 14:45,12.137,,10.4761,,0.4121,
5/24/2025 15:00,12.012,,8.5738,,0.3767,
5/24/2025 15:15,11.95,,7.4268,,0.4481,
5/24/2025 15:30,11.887,,7.5323,,0.4171,
5/24/2025 15:45,11.762,,7.8319,,0.3643,
5/24/2025 16:00,11.7,,8.4609,,0.4465,
5/24/2025 16:15,11.637,,9.1021,,0.446,
5/24/2025 16:30,11.575,,8.5728,,0.4378,
5/24/2025 16:45,11.45,,7.7337,,0.5179,
5/24/2025 17:00,11.387,,8.0226,,0.4642,
5/24/2025 17:15,11.325,,8.4534,,0.5292,
5/24/2025 17:30,11.2,,9.2831,,0.4112,
5/24/2025 17:45,11.137,,11.9973,,0.4562,
5/24/2025 18:00,11.075,,7.4227,,0.4466,
5/24/2025 18:15,11.012,,7.1248,,0.4976,
5/24/2025 18:30,10.95,,6.828,,0.518,
5/24/2025 18:45,10.887,,6.6412,,0.4563,
5/24/2025 19:00,10.825,,6.8457,,0.4189,
5/24/2025 19:15,10.762,,6.3254,,0.5012,
5/24/2025 19:30,10.7,,6.2101,,0.5841,
5/24/2025 19:45,10.7,,15.8328,,0.602,
5/24/2025 20:00,10.637,,14.6512,,0.521,
5/24/2025 20:15,10.575,,7.7092,,0.5708,
5/24/2025 20:30,10.512,,8.8497,,0.5591,
5/24/2025 20:45,10.45,,7.7216,,0.4987,
5/24/2025 21:00,10.387,,6.4093,,0.6733,
5/24/2025 21:15,10.387,,8.8578,,0.4976,
5/24/2025 21:30,10.325,,9.6675,,0.562,
5/24/2025 21:45,10.262,,7.2406,,0.697,
5/24/2025 22:00,10.262,,6.5426,,0.5377,
5/24/2025 22:15,10.2,,5.9835,,0.5936,
5/24/2025 22:30,10.137,,8.1824,,0.6246,
5/24/2025 22:45,10.137,,7.0696,,0.5565,
5/24/2025 23:00,10.075,,8.5022,,0.6528,
5/24/2025 23:15,10.012,,7.7259,,0.6045,
5/24/2025 23:30,10.012,,8.3114,,0.6641,
5/24/2025 23:45,9.95,,14.1761,,0.5949,
5/25/2025 0:00,9.95,,8.5186,,0.5461,
5/25/2025 0:15,9.887,,6.7295,,0.6792,
5/25/2025 0:30,9.825,,6.3714,,0.714,
5/25/2025 0:45,9.825,,6.0856,,0.6358,
5/25/2025 1:00,9.762,,13.7241,,0.6718,
5/25/2025 1:15,9.7,,8.4923,,0.752,
5/25/2025 1:30,9.7,,6.223,,0.6389,
5/25/2025 1:45,9.637,,5.6626,,0.7528,
5/25/2025 2:00,9.575,,6.5222,,0.6831,
5/25/2025 2:15,9.575,,5.7262,,0.7684,
5/25/2025 2:30,9.512,,5.862,,0.7722,
5/25/2025 2:45,9.575,,5.8574,,0.658,
5/25/2025 3:00,9.575,,5.6437,,0.7361,
5/25/2025 3:15,9.575,,5.6994,,0.6794,
5/25/2025 3:30,9.637,,5.6632,,0.7335,
5/25/2025 3:45,9.7,,5.5912,,0.5984,
5/25/2025 4:00,9.825,,6.256,,0.6218,
5/25/2025 4:15,9.825,,14.5116,,0.6444,
5/25/2025 4:30,9.887,,15.8319,,0.7609,
5/25/2025 4:45,10.012,,6.363,,0.6948,
5/25/2025 5:00,10.137,,6.1711,,0.6779,
5/25/2025 5:15,10.262,,6.1274,,0.5958,
5/25/2025 5:30,10.45,,5.4607,,0.5488,
5/25/2025 5:45,10.575,,6.0928,,0.5336,
5/25/2025 6:00,10.637,,6.9597,,0.5069,
5/25/2025 6:15,10.762,,6.7896,,0.5046,
5/25/2025 6:30,10.887,,8.5192,,0.5366,
5/25/2025 6:45,10.95,,5.9489,,0.435,
5/25/2025 7:00,10.95,,5.5953,,0.4616,
5/25/2025 7:15,11.012,,5.4321,,0.5281,
5/25/2025 7:30,11.012,,5.7765,,0.5222,
5/25/2025 7:45,11.137,,5.29,,0.4657,
5/25/2025 8:00,11.2,,5.2485,,0.4395,
5/25/2025 8:15,11.2,,5.9414,,0.4065,
5/25/2025 8:30,11.262,,5.7667,,0.404,
5/25/2025 8:45,11.325,,5.8249,,0.4609,
5/25/2025 9:00,11.325,,5.6386,,0.5099,
5/25/2025 9:15,11.387,,7.3772,,0.3937,
5/25/2025 9:30,11.45,,5.6095,,0.4568,
5/25/2025 9:45,11.45,,8.7737,,0.3828,
5/25/2025 10:00,11.512,,9.0561,,0.3433,
5/25/2025 10:15,11.512,,7.7421,,0.5193,
5/25/2025 10:30,11.575,,9.1192,,0.5103,
5/25/2025 10:45,11.575,,15.4548,,0.4406,
5/25/2025 11:00,11.575,,17.1019,,0.4573,
5/25/2025 11:15,11.575,,7.2581,,0.4606,
5/25/2025 11:30,11.512,,13.6326,,0.4087,
5/25/2025 11:45,11.512,,11.2728,,0.39,
5/25/2025 12:00,11.512,,8.5699,,0.5095,
5/25/2025 12:15,11.575,,10.2622,,0.4388,
5/25/2025 12:30,11.575,,11.7226,,0.5693,
5/25/2025 12:45,11.637,,7.7331,,0.5154,
5/25/2025 13:00,11.7,,13.6997,,0.4098,
5/25/2025 13:15,11.637,,7.1622,,0.5155,
5/25/2025 13:30,11.7,,7.1312,,0.4992,
5/25/2025 13:45,11.637,,6.8559,,0.5345,
5/25/2025 14:00,11.637,,8.4028,,0.5545,
5/25/2025 14:15,11.575,,7.2316,,0.5547,
5/25/2025 14:30,11.575,,6.7118,,0.5109,
5/25/2025 14:45,11.575,,6.6504,,0.5241,
5/25/2025 15:00,11.575,,6.0961,,0.4913,
5/25/2025 15:15,11.512,,6.4111,,0.5696,
5/25/2025 15:30,11.512,,6.4559,,0.4897,
5/25/2025 15:45,11.45,,8.482,,0.4806,
5/25/2025 16:00,11.45,,8.5923,,0.5984,
5/25/2025 16:15,11.387,,9.9389,,0.6064,
5/25/2025 16:30,11.325,,9.3629,,0.5333,
5/25/2025 16:45,11.325,,7.8948,,0.6005,
5/25/2025 17:00,11.262,,7.4365,,0.5164,
5/25/2025 17:15,11.2,,7.8466,,0.562,
5/25/2025 17:30,11.2,,7.0662,,0.6363,
5/25/2025 17:45,11.137,,7.6258,,0.5973,
5/25/2025 18:00,11.075,,7.5106,,0.6361,
5/25/2025 18:15,11.012,,16.0202,,0.6746,
5/25/2025 18:30,11.012,,11.3764,,0.6285,
5/25/2025 18:45,10.95,,13.5196,,0.6546,
5/25/2025 19:00,10.887,,27.7166,,0,
5/25/2025 19:15,10.825,,31.1255,,0,
5/25/2025 19:30,10.762,,14.1472,,0.7543,
5/25/2025 19:45,10.762,,13.3862,,0.6514,
5/25/2025 20:00,10.637,,6.7994,,0.6173,
5/25/2025 20:15,10.637,,7.0174,,0.7821,
5/25/2025 20:30,10.575,,7.4594,,0.7173,
5/25/2025 20:45,10.575,,7.3786,,0.6787,
5/25/2025 21:00,10.512,,6.9887,,0.6941,
5/25/2025 21:15,10.45,,6.0651,,0.7122,
5/25/2025 21:30,10.387,,5.9308,,0.7326,
5/25/2025 21:45,10.387,,16.0107,,0.8374,
5/25/2025 22:00,10.387,,10.8551,,0.7074,
5/25/2025 22:15,10.325,,7.9045,,0.7615,
5/25/2025 22:30,10.262,,8.7759,,0.673,
5/25/2025 22:45,10.262,,8.3092,,0.8402,
5/25/2025 23:00,10.2,,9.441,,0.6917,
5/25/2025 23:15,10.137,,8.5513,,0.7227,
5/25/2025 23:30,10.075,,8.896,,0.714,
5/25/2025 23:45,10.075,,7.8857,,0.7806,
5/26/2025 0:00,10.012,,8.1423,,0.6593,
5/26/2025 0:15,9.95,,7.4729,,0.7414,
5/26/2025 0:30,9.887,,7.5873,,0.7792,
5/26/2025 0:45,9.825,,6.4271,,0.7586,
5/26/2025 1:00,9.762,,6.2066,,0.7265,
5/26/2025 1:15,9.7,,5.9506,,0.9164,
5/26/2025 1:30,9.637,,6.6547,,0.8491,
5/26/2025 1:45,9.637,,8.5003,,0.7818,
5/26/2025 2:00,9.575,,7.1325,,0.8491,
5/26/2025 2:15,9.575,,6.1416,,0.8311,
5/26/2025 2:30,9.512,,5.6465,,0.8008,
5/26/2025 2:45,9.45,,5.6909,,0.8753,
5/26/2025 3:00,9.512,,4.6079,,0.9009,
5/26/2025 3:15,9.512,,4.861,,0.8299,
5/26/2025 3:30,9.637,,5.3565,,0.7552,
5/26/2025 3:45,9.7,,4.8701,,0.7918,
5/26/2025 4:00,9.825,,4.8311,,0.7871,
5/26/2025 4:15,10.012,,5.163,,0.7784,
5/26/2025 4:30,10.075,,5.3369,,0.7794,
5/26/2025 4:45,10.262,,4.9301,,0.7399,
5/26/2025 5:00,10.387,,5.5907,,0.7228,
5/26/2025 5:15,10.575,,6.5247,,0.72,
5/26/2025 5:30,10.762,,6.1702,,0.6595,
5/26/2025 5:45,10.887,,5.4168,,0.5338,
5/26/2025 6:00,11.075,,5.8805,,0.669,
5/26/2025 6:15,11.325,,7.1458,,0.6316,
5/26/2025 6:30,11.512,,6.1413,,0.6032,
5/26/2025 6:45,11.575,,5.4425,,0.6114,
5/26/2025 7:00,11.575,,5.9969,,0.5835,
5/26/2025 7:15,11.762,,6.3243,,0.5296,
5/26/2025 7:30,11.95,,5.94,,0.6293,
5/26/2025 7:45,12.012,,5.5672,,0.5566,
5/26/2025 8:00,12.137,,5.4,,0.6555,
5/26/2025 8:15,12.2,,5.6525,,0.5629,
5/26/2025 8:30,12.325,,4.8806,,0.6245,
5/26/2025 8:45,12.45,,6.5777,,0.6596,
5/26/2025 9:00,12.575,,5.2563,,0.5738,
5/26/2025 9:15,12.575,,5.9257,,0.5475,
5/26/2025 9:30,12.637,,5.9364,,0.5925,
5/26/2025 9:45,12.825,,5.813,,0.6363,
5/26/2025 10:00,12.887,,6.3427,,0.6489,
5/26/2025 10:15,12.887,,9.5432,,0.6182,
5/26/2025 10:30,12.887,,8.8431,,0.744,
5/26/2025 10:45,13.012,,7.4935,,0.6579,
5/26/2025 11:00,13.075,,7.3388,,0.5578,
5/26/2025 11:15,13.075,,7.0745,,0.655,
5/26/2025 11:30,13.137,,7.1901,,0.6,
5/26/2025 11:45,13.2,,17.4846,,0.6493,
5/26/2025 12:00,13.262,,28.3999,,0.6324,
5/26/2025 12:15,13.325,,21.3303,,0.7019,
5/26/2025 12:30,13.325,,12.3113,,0.6823,
5/26/2025 12:45,13.325,,8.0933,,0.6042,
5/26/2025 13:00,13.262,,17.8526,,0.6037,
5/26/2025 13:15,13.325,,9.0947,,0.6082,
5/26/2025 13:30,13.325,,13.7663,,0.6565,
5/26/2025 13:45,13.325,,13.2293,,0.6696,
5/26/2025 14:00,13.325,,9.0364,,0.6559,
5/26/2025 14:15,13.262,,8.1553,,0.683,
5/26/2025 14:30,13.262,,7.8152,,0.6168,
5/26/2025 14:45,13.2,,9.542,,0.6397,
5/26/2025 15:00,13.137,,21.18,,0.6814,
5/26/2025 15:15,13.137,,14.6359,,0.7279,
5/26/2025 15:30,13.075,,14.4168,,0.7894,
5/26/2025 15:45,13.012,,30.9415,,0.8439,
5/26/2025 16:00,12.95,,29.0679,,0.8674,
5/26/2025 16:15,12.887,,18.4091,,0.767,
5/26/2025 16:30,12.762,,11.6947,,0.7605,
5/26/2025 16:45,12.7,,8.5938,,0.7985,
5/26/2025 17:00,12.575,,8.2206,,0.7555,
5/26/2025 17:15,12.512,,8.0791,,0.7197,
5/26/2025 17:30,12.45,,7.8042,,0.6651,
5/26/2025 17:45,12.325,,7.373,,0.7799,
5/26/2025 18:00,12.262,,14.3745,,0.7102,
5/26/2025 18:15,12.2,,23.3088,,0.7383,
5/26/2025 18:30,12.075,,18.4556,,0.8735,
5/26/2025 18:45,11.95,,16.5762,,0.7723,
5/26/2025 19:00,11.825,,10.4562,,0.7672,
5/26/2025 19:15,11.762,,11.1425,,0.7899,
5/26/2025 19:30,11.637,,20.126,,0.7508,
5/26/2025 19:45,11.575,,10.1988,,0.6667,
5/26/2025 20:00,11.45,,21.2049,,0.6182,
5/26/2025 20:15,11.387,,8.7538,,0.6963,
5/26/2025 20:30,11.325,,10.0301,,0.6725,
5/26/2025 20:45,11.2,,16.0053,,0.7818,
5/26/2025 21:00,11.075,,24.4623,,0.781,
5/26/2025 21:15,11.012,,16.8792,,0.8053,
5/26/2025 21:30,10.95,,12.1613,,0.7038,
5/26/2025 21:45,10.825,,10.4111,,0.7989,
5/26/2025 22:00,10.7,,9.6968,,0.7358,
5/26/2025 22:15,10.637,,10.0928,,0.7198,
5/26/2025 22:30,10.575,,12.0626,,0.8072,
5/26/2025 22:45,10.512,,9.2246,,0.8679,
5/26/2025 23:00,10.45,,8.9591,,0.7914,
5/26/2025 23:15,10.325,,7.0096,,0.8528,
5/26/2025 23:30,10.2,,8.2341,,0.8714,
5/26/2025 23:45,10.137,,7.6227,,0.8749,
5/27/2025 0:00,10.012,,8.4087,,0.8851,
5/27/2025 0:15,9.95,,7.9446,,0.8586,
5/27/2025 0:30,9.887,,9.2722,,0.8329,
5/27/2025 0:45,9.762,,9.0338,,0.8154,
5/27/2025 1:00,9.7,,8.0761,,0.9659,
5/27/2025 1:15,9.637,,7.7714,,0.9771,
5/27/2025 1:30,9.575,,7.6611,,1.0203,
5/27/2025 1:45,9.512,,7.4634,,1.0225,
5/27/2025 2:00,9.387,,8.0385,,0.9289,
5/27/2025 2:15,9.387,,8.9401,,0.9888,
5/27/2025 2:30,9.325,,8.5917,,0.9719,
5/27/2025 2:45,9.325,,8.4987,,0.9979,
5/27/2025 3:00,9.387,,8.023,,1.0025,
5/27/2025 3:15,9.45,,7.4433,,0.9669,
5/27/2025 3:30,9.512,,6.0774,,0.9592,
5/27/2025 3:45,9.637,,6.1141,,0.9437,
5/27/2025 4:00,9.762,,5.6339,,0.8769,
5/27/2025 4:15,9.887,,5.3242,,1.0357,
5/27/2025 4:30,10.075,,5.9115,,0.9017,
5/27/2025 4:45,10.262,,5.5023,,0.8584,
5/27/2025 5:00,10.45,,9.1936,,0.9647,
5/27/2025 5:15,10.637,,19.968,,0.8108,
5/27/2025 5:30,10.887,,14.8284,,0.7805,
5/27/2025 5:45,11.137,,7.64,,0.7854,
5/27/2025 6:00,11.325,,12.0502,,0.7281,
5/27/2025 6:15,11.575,,16.9955,,0.7514,
5/27/2025 6:30,11.762,,13.9668,,0.754,
5/27/2025 6:45,11.95,,7.7209,,0.705,
5/27/2025 7:00,12.137,,6.1672,,0.7256,
5/27/2025 7:15,12.325,,6.7897,,0.7253,
5/27/2025 7:30,12.512,,6.2477,,0.7087,
5/27/2025 7:45,12.7,,5.7342,,0.7902,
5/27/2025 8:00,12.887,,6.3578,,0.7645,
5/27/2025 8:15,13.012,,6.4291,,0.735,
5/27/2025 8:30,13.137,,6.0225,,0.7851,
5/27/2025 8:45,13.325,,6.205,,0.7254,
5/27/2025 9:00,13.45,,6.1487,,0.6712,
5/27/2025 9:15,13.575,,5.7356,,0.6259,
5/27/2025 9:30,13.7,,5.4604,,0.6508,
5/27/2025 9:45,13.825,,6.1156,,0.6236,
5/27/2025 10:00,13.95,,5.4601,,0.7182,
5/27/2025 10:15,14.012,,5.648,,0.7117,
5/27/2025 10:30,14.075,,5.5135,,0.8171,
5/27/2025 10:45,14.137,,6.4623,,0.7842,
5/27/2025 11:00,14.262,,10.8847,,0.7613,
5/27/2025 11:15,14.325,,9.8074,,0.8047,
5/27/2025 11:30,14.45,,6.8677,,0.768,
5/27/2025 11:45,14.512,,8.7295,,0.8083,
5/27/2025 12:00,14.512,,7.0715,,0.7723,
5/27/2025 12:15,14.512,,7.2763,,0.8267,
5/27/2025 12:30,14.575,,8.0191,,0.8568,
5/27/2025 12:45,14.575,,9.6918,,0.8772,
5/27/2025 13:00,14.637,,16.4452,,0.7973,
5/27/2025 13:15,14.637,,18.834,,0.8704,
5/27/2025 13:30,14.7,,17.6484,,1.0306,
5/27/2025 13:45,14.7,,26.2496,,0.9218,
5/27/2025 14:00,14.7,,12.4886,,0.909,
5/27/2025 14:15,14.7,,9.5911,,0.8606,
5/27/2025 14:30,14.7,,10.4033,,0.9015,
5/27/2025 14:45,14.637,,9.3125,,0.8803,
5/27/2025 15:00,14.637,,7.768,,0.9864,
5/27/2025 15:15,14.575,,7.2173,,0.9096,
5/27/2025 15:30,14.575,,7.6863,,0.966,
5/27/2025 15:45,14.45,,7.3362,,0.9388,
5/27/2025 16:00,14.387,,6.9066,,0.9548,
5/27/2025 16:15,14.262,,6.9267,,0.929,
5/27/2025 16:30,14.2,,6.836,,1.0238,
5/27/2025 16:45,14.075,,6.1202,,0.9795,
5/27/2025 17:00,14.012,,6.1995,,1.0518,
5/27/2025 17:15,13.887,,6.1907,,1.0829,
5/27/2025 17:30,13.825,,8.2331,,0.9259,
5/27/2025 17:45,13.7,,9.1904,,0.974,
5/27/2025 18:00,13.575,,10.6693,,0.9395,
5/27/2025 18:15,13.512,,9.1263,,0.9001,
5/27/2025 18:30,13.387,,7.371,,0.9862,
5/27/2025 18:45,13.325,,7.9507,,0.9965,
5/27/2025 19:00,13.2,,8.8512,,1.0065,
5/27/2025 19:15,13.137,,9.06,,0.9232,
5/27/2025 19:30,13.012,,8.5274,,0.9662,
5/27/2025 19:45,12.887,,7.2004,,0.9318,
5/27/2025 20:00,12.825,,6.9105,,1.0496,
5/27/2025 20:15,12.762,,7.2794,,0.9685,
5/27/2025 20:30,12.637,,9.7343,,0.9253,
5/27/2025 20:45,12.575,,8.8198,,0.9338,
5/27/2025 21:00,12.45,,8.9503,,0.945,
5/27/2025 21:15,12.387,,9.0671,,0.7935,
5/27/2025 21:30,12.262,,8.1625,,0.9057,
5/27/2025 21:45,12.2,,8.9011,,0.9144,
5/27/2025 22:00,12.137,,10.1223,,0.8683,
5/27/2025 22:15,12.012,,8.0594,,0.9113,
5/27/2025 22:30,11.95,,8.3966,,0.8736,
5/27/2025 22:45,11.887,,8.6369,,0.8619,
5/27/2025 23:00,11.825,,7.6156,,0.916,
5/27/2025 23:15,11.762,,7.8207,,0.9855,
5/27/2025 23:30,11.637,,7.7266,,0.9358,
5/27/2025 23:45,11.575,,9.3626,,1.0608,
5/28/2025 0:00,11.512,,11.8771,,0.9201,
5/28/2025 0:15,11.45,,10.1184,,0.9562,
5/28/2025 0:30,11.325,,10.0292,,0.938,
5/28/2025 0:45,11.262,,10.6914,,0.9317,
5/28/2025 1:00,11.2,,9.3135,,0.9268,
5/28/2025 1:15,11.137,,8.2483,,0.9206,
5/28/2025 1:30,11.012,,8.677,,1.0288,
5/28/2025 1:45,10.95,,8.0753,,0.8609,
5/28/2025 2:00,10.887,,7.6426,,0.9854,
5/28/2025 2:15,10.825,,6.9695,,0.9323,
5/28/2025 2:30,10.825,,7.2496,,0.9163,
5/28/2025 2:45,10.825,,6.5152,,0.9175,
5/28/2025 3:00,10.825,,6.9994,,0.9455,
5/28/2025 3:15,10.887,,7.0739,,0.9076,
5/28/2025 3:30,10.95,,6.6331,,0.8567,
5/28/2025 3:45,11.075,,6.5071,,0.8953,
5/28/2025 4:00,11.2,,6.3375,,0.8493,
5/28/2025 4:15,11.325,,6.5363,,0.8115,
5/28/2025 4:30,11.45,,6.1888,,0.7652,
5/28/2025 4:45,11.637,,6.1656,,0.8609,
5/28/2025 5:00,11.825,,5.8586,,0.8209,
5/28/2025 5:15,11.95,,6.3146,,0.7861,
5/28/2025 5:30,12.137,,5.9733,,0.7675,
5/28/2025 5:45,12.262,,9.4951,,0.833,
5/28/2025 6:00,12.512,,9.0572,,0.7834,
5/28/2025 6:15,12.7,,19.9011,,0.9639,
5/28/2025 6:30,12.95,,27.1358,,0.8549,
5/28/2025 6:45,13.075,,25.8454,,0.9326,
5/28/2025 7:00,13.262,,30.4749,,0.9543,
5/28/2025 7:15,13.387,,18.1471,,0.9205,
5/28/2025 7:30,13.512,,19.4289,,0.9487,
5/28/2025 7:45,13.7,,37.7405,,0.9809,
5/28/2025 8:00,13.887,,24.9081,,0.9021,
5/28/2025 8:15,13.95,,30.3847,,0.8661,
5/28/2025 8:30,14.137,,26.3323,,0.9115,
5/28/2025 8:45,14.262,,16.6579,,0.8204,
5/28/2025 9:00,14.387,,13.2267,,0.8107,
5/28/2025 9:15,14.512,,8.6762,,0.8692,
5/28/2025 9:30,14.637,,6.2783,,0.902,
5/28/2025 9:45,14.762,,7.2067,,0.8336,
5/28/2025 10:00,14.825,,12.6142,,0.8428,
5/28/2025 10:15,14.95,,18.8209,,0.9165,
5/28/2025 10:30,15.012,,12.8521,,0.9091,
5/28/2025 10:45,15.012,,27.9226,,0.9913,
5/28/2025 11:00,15.075,,28.3945,,0.948,
5/28/2025 11:15,15.075,,17.9283,,0.8623,
5/28/2025 11:30,15.137,,23.6863,,1.0309,
5/28/2025 11:45,15.2,,16.3573,,1.0357,
5/28/2025 12:00,15.262,,9.969,,1.0886,
5/28/2025 12:15,15.325,,8.8192,,1.0293,
5/28/2025 12:30,15.387,,10.7982,,1.0568,
5/28/2025 12:45,15.45,,10.72,,1.0326,
5/28/2025 13:00,15.512,,15.0025,,1.0795,
5/28/2025 13:15,15.512,,12.3661,,1.0837,
5/28/2025 13:30,15.512,,8.2714,,1.0635,
5/28/2025 13:45,15.512,,8.4966,,1.0787,
5/28/2025 14:00,15.575,,13.9114,,1.0517,
5/28/2025 14:15,15.575,,8.6073,,1.1103,
5/28/2025 14:30,15.575,,7.1794,,0.9976,
5/28/2025 14:45,15.575,,8.2012,,1.1095,
5/28/2025 15:00,15.512,,12.4598,,1.1036,
5/28/2025 15:15,15.512,,10.6241,,1.1508,
5/28/2025 15:30,15.45,,9.3556,,1.0575,
5/28/2025 15:45,15.387,,8.6361,,1.0778,
5/28/2025 16:00,15.325,,6.9719,,1.0598,
5/28/2025 16:15,15.2,,6.7313,,1.1022,
5/28/2025 16:30,15.137,,7.4272,,1.097,
5/28/2025 16:45,15.012,,6.5902,,1.1637,
5/28/2025 17:00,14.887,,8.2319,,1.1385,
5/28/2025 17:15,14.825,,8.8001,,1.0705,
5/28/2025 17:30,14.7,,6.9721,,1.1387,
5/28/2025 17:45,14.637,,9.6546,,1.1778,
5/28/2025 18:00,14.512,,14.7583,,1.1786,
5/28/2025 18:15,14.387,,15.9969,,1.2068,
5/28/2025 18:30,14.325,,14.9669,,1.1418,
5/28/2025 18:45,14.2,,34.3826,,1.249,
5/28/2025 19:00,14.075,,36.8639,,1.1178,
5/28/2025 19:15,13.95,,13.0744,,1.1601,
5/28/2025 19:30,13.887,,12.4333,,1.2138,
5/28/2025 19:45,13.762,,10.8482,,1.1168,
5/28/2025 20:00,13.7,,10.6043,,1.147,
5/28/2025 20:15,13.575,,9.5559,,1.2235,
5/28/2025 20:30,13.45,,11.7543,,1.0242,
5/28/2025 20:45,13.387,,9.459,,1.0811,
5/28/2025 21:00,13.262,,12.1452,,1.1206,
5/28/2025 21:15,13.2,,11.4073,,1.1441,
5/28/2025 21:30,13.075,,10.0227,,1.1455,
5/28/2025 21:45,13.012,,9.8804,,1.1098,
5/28/2025 22:00,12.95,,11.6358,,1.1,
5/28/2025 22:15,12.825,,11.5815,,1.1274,
5/28/2025 22:30,12.762,,12.1744,,1.0876,
5/28/2025 22:45,12.7,,12.7365,,1.133,
5/28/2025 23:00,12.637,,11.6563,,1.0708,
5/28/2025 23:15,12.575,,11.0832,,1.0879,
5/28/2025 23:30,12.512,,11.0247,,1.1049,
5/28/2025 23:45,12.45,,11.0369,,1.0884,
5/29/2025 0:00,12.387,,12.3415,,1.0044,
5/29/2025 0:15,12.387,,11.4618,,1.0565,
5/29/2025 0:30,12.262,,9.0299,,1.1015,
5/29/2025 0:45,12.262,,7.7772,,1.118,
5/29/2025 1:00,12.2,,7.1521,,1.0596,
5/29/2025 1:15,12.137,,7.6961,,1.0563,
5/29/2025 1:30,12.137,,6.722,,1.1812,
5/29/2025 1:45,12.075,,6.8871,,1.0968,
5/29/2025 2:00,12.075,,7.4843,,1.0466,
5/29/2025 2:15,12.012,,7.1756,,1.0986,
5/29/2025 2:30,12.012,,7.3735,,1.1411,
5/29/2025 2:45,12.012,,7.3718,,1.0228,
5/29/2025 3:00,12.012,,7.2697,,1.1017,
5/29/2025 3:15,12.012,,7.2318,,1.0513,
5/29/2025 3:30,12.012,,6.2159,,1.0255,
5/29/2025 3:45,12.075,,6.3224,,1.1188,
5/29/2025 4:00,12.137,,6.132,,1.043,
5/29/2025 4:15,12.262,,6.3458,,0.9807,
5/29/2025 4:30,12.325,,6.0098,,1.0008,
5/29/2025 4:45,12.45,,5.093,,1.0746,
5/29/2025 5:00,12.637,,6.2955,,1.0283,
5/29/2025 5:15,12.825,,6.1395,,1.0307,
5/29/2025 5:30,13.075,,5.6263,,1.0607,
5/29/2025 5:45,13.262,,4.7273,,1.0627,
5/29/2025 6:00,13.387,,6.178,,1.013,
5/29/2025 6:15,13.45,,5.2036,,1.0606,
5/29/2025 6:30,13.575,,5.4079,,1.041,
5/29/2025 6:45,13.762,,5.2059,,1.0293,
5/29/2025 7:00,13.825,,5.3534,,1.0018,
5/29/2025 7:15,13.887,,7.4595,,1.0172,
5/29/2025 7:30,13.95,,6.8274,,0.9991,
5/29/2025 7:45,13.95,,5.961,,0.9818,
5/29/2025 8:00,14.075,,5.7018,,0.9757,
5/29/2025 8:15,14.137,,6.2579,,1.0718,
5/29/2025 8:30,14.137,,5.9858,,1.1082,
5/29/2025 8:45,14.137,,5.7635,,0.9559,
5/29/2025 9:00,14.2,,5.6589,,0.9318,
5/29/2025 9:15,14.2,,6.2599,,0.9695,
5/29/2025 9:30,14.2,,8.1178,,1.0057,
5/29/2025 9:45,14.2,,11.1354,,1.0308,
5/29/2025 10:00,14.262,,8.3301,,0.9999,
5/29/2025 10:15,14.262,,14.127,,1.0602,
5/29/2025 10:30,14.387,,17.0361,,1.0663,
5/29/2025 10:45,14.45,,11.935,,1.0199,
5/29/2025 11:00,14.512,,9.4452,,0.9886,
5/29/2025 11:15,14.512,,9.1285,,1.0388,
5/29/2025 11:30,14.512,,7.7483,,1.0792,
5/29/2025 11:45,14.512,,6.8702,,1.0463,
5/29/2025 12:00,14.575,,7.4945,,1.1727,
5/29/2025 12:15,14.575,,8.3506,,1.0788,
5/29/2025 12:30,14.575,,6.9315,,1.1507,
5/29/2025 12:45,14.575,,7.8305,,1.071,
5/29/2025 13:00,14.575,,6.8073,,1.1678,
5/29/2025 13:15,14.575,,31.4371,,1.2097,
5/29/2025 13:30,14.512,,22.9651,,1.0744,
5/29/2025 13:45,14.512,,10.0782,,1.1126,
5/29/2025 14:00,14.575,,26.8007,,1.133,
5/29/2025 14:15,14.575,,29.9957,,1.1951,
5/29/2025 14:30,14.512,,18.2093,,1.1175,
5/29/2025 14:45,14.45,,9.2194,,1.1908,
5/29/2025 15:00,14.387,,6.8756,,1.0891,
5/29/2025 15:15,14.387,,6.2975,,1.1512,
5/29/2025 15:30,14.325,,6.0649,,1.1837,
5/29/2025 15:45,14.262,,5.7791,,1.0741,
5/29/2025 16:00,14.2,,5.7584,,1.0942,
5/29/2025 16:15,14.137,,5.5248,,1.2659,
5/29/2025 16:30,14.075,,5.9431,,1.169,
5/29/2025 16:45,14.012,,5.7973,,1.1319,
5/29/2025 17:00,13.887,,5.6519,,1.1133,
5/29/2025 17:15,13.825,,7.0019,,1.0526,
5/29/2025 17:30,13.762,,7.509,,1.0596,
5/29/2025 17:45,13.637,,8.4542,,0.9758,
5/29/2025 18:00,13.575,,12.2095,,1.0593,
5/29/2025 18:15,13.45,,22.2445,,1.044,
5/29/2025 18:30,13.387,,16.2575,,1.0831,
5/29/2025 18:45,13.325,,14.0956,,0.9986,
5/29/2025 19:00,13.2,,11.4238,,1.1104,
5/29/2025 19:15,13.137,,15.6244,,1.0891,
5/29/2025 19:30,13.075,,18.0583,,1.2046,
5/29/2025 19:45,13.012,,19.3794,,1.1195,
5/29/2025 20:00,12.95,,14.2521,,1.0675,
5/29/2025 20:15,12.887,,11.8043,,1.0638,
5/29/2025 20:30,12.825,,10.4197,,1.1111,
5/29/2025 20:45,12.762,,9.487,,1.0765,
5/29/2025 21:00,12.762,,8.0541,,1.0453,
5/29/2025 21:15,12.7,,6.9816,,1.0073,
5/29/2025 21:30,12.637,,8.0402,,1.1048,
5/29/2025 21:45,12.575,,7.1862,,1.0066,
5/29/2025 22:00,12.512,,6.6721,,1.0796,
5/29/2025 22:15,12.512,,7.8592,,1.0612,
5/29/2025 22:30,12.45,,7.2035,,1.0203,
5/29/2025 22:45,12.387,,7.4369,,0.9982,
5/29/2025 23:00,12.325,,11.0187,,1.0181,
5/29/2025 23:15,12.262,,17.8377,,1.1231,
5/29/2025 23:30,12.2,,15.1315,,0.9586,
5/29/2025 23:45,12.2,,14.7717,,1.053,
5/30/2025 0:00,12.137,,14.2025,,1.0284,
5/30/2025 0:15,12.075,,9.8876,,1.0916,
5/30/2025 0:30,12.075,,9.2606,,1.047,
5/30/2025 0:45,12.012,,7.8742,,1.165,
5/30/2025 1:00,11.95,,10.4692,,1.0281,
5/30/2025 1:15,11.887,,11.1145,,1.0924,
5/30/2025 1:30,11.887,,8.4915,,1.1042,
5/30/2025 1:45,11.825,,8.9938,,1.1435,
5/30/2025 2:00,11.825,,9.1924,,0.9862,
5/30/2025 2:15,11.825,,8.4608,,0.9744,
5/30/2025 2:30,11.825,,7.8943,,1.0752,
5/30/2025 2:45,11.887,,8.7478,,0.9898,
5/30/2025 3:00,11.95,,9.0657,,0.9791,
5/30/2025 3:15,11.95,,10.4983,,0.9584,
5/30/2025 3:30,12.012,,10.4527,,1.0503,
5/30/2025 3:45,12.137,,13.8349,,1.0694,
5/30/2025 4:00,12.325,,17.7665,,0.9832,
5/30/2025 4:15,12.45,,16.9613,,1.0009,
5/30/2025 4:30,12.575,,14.5188,,1.0528,
5/30/2025 4:45,12.7,,9.6291,,0.9696,
5/30/2025 5:00,12.887,,7.9863,,0.9331,
5/30/2025 5:15,13.075,,9.0631,,1.0222,
5/30/2025 5:30,13.262,,7.555,,1.0314,
5/30/2025 5:45,13.45,,14.8988,,1.0817,
5/30/2025 6:00,13.575,,20.1871,,1.0108,
5/30/2025 6:15,13.7,,13.4641,,1.0141,
5/30/2025 6:30,13.825,,12.8218,,1.0044,
5/30/2025 6:45,14.012,,7.1533,,0.9707,
5/30/2025 7:00,14.137,,6.5046,,0.9789,
5/30/2025 7:15,14.2,,7.5962,,0.8698,
5/30/2025 7:30,14.325,,5.6432,,1.0163,
5/30/2025 7:45,14.387,,6.7445,,0.9873,
5/30/2025 8:00,14.512,,5.5853,,0.9917,
5/30/2025 8:15,14.575,,6.1087,,1.0293,
5/30/2025 8:30,14.887,,5.2837,,1.0578,
5/30/2025 8:45,15.012,,5.5431,,1.0657,
5/30/2025 9:00,15.012,,5.2083,,1.0795,
5/30/2025 9:15,14.95,,6.7827,,0.9876,
5/30/2025 9:30,14.95,,6.6175,,0.9755,
5/30/2025 9:45,15.012,,6.5266,,0.967,
5/30/2025 10:00,15.2,,6.729,,1.135,
5/30/2025 10:15,15.262,,6.1643,,1.1537,
5/30/2025 10:30,15.325,,6.1224,,1.0909,
5/30/2025 10:45,15.262,,6.3692,,1.0594,
5/30/2025 11:00,15.2,,7.4562,,1.0698,
5/30/2025 11:15,15.2,,8.7234,,1.0415,
5/30/2025 11:30,15.137,,7.3549,,1.0278,
5/30/2025 11:45,15.137,,8.294,,1.1145,
5/30/2025 12:00,15.137,,9.5256,,1.126,
5/30/2025 12:15,15.137,,13.6878,,1.1281,
5/30/2025 12:30,15.2,,34.1267,,1.1553,
5/30/2025 12:45,15.2,,15.3955,,1.1507,
5/30/2025 13:00,15.2,,9.6263,,1.0412,
5/30/2025 13:15,15.2,,8.8565,,1.0407,
5/30/2025 13:30,15.2,,9.7281,,1.0707,
5/30/2025 13:45,15.2,,8.3736,,1.0385,
5/30/2025 14:00,15.2,,7.2417,,1.147,
5/30/2025 14:15,15.137,,7.097,,1.1267,
5/30/2025 14:30,15.137,,6.4868,,1.1396,
5/30/2025 14:45,15.137,,6.5957,,1.128,
5/30/2025 15:00,15.075,,6.0137,,1.1215,
5/30/2025 15:15,15.075,,5.9343,,1.1695,
5/30/2025 15:30,15.012,,5.4623,,1.138,
5/30/2025 15:45,14.95,,6.2836,,1.1477,
5/30/2025 16:00,14.95,,6.2666,,1.1268,
5/30/2025 16:15,14.825,,5.6992,,1.075,
5/30/2025 16:30,14.825,,5.9099,,1.1132,
5/30/2025 16:45,14.762,,6.9327,,1.06,
5/30/2025 17:00,14.7,,7.8428,,1.1171,
5/30/2025 17:15,14.637,,34.9151,,1.3027,
5/30/2025 17:30,14.575,,21.8124,,1.2437,
5/30/2025 17:45,14.512,,14.3642,,1.2987,
5/30/2025 18:00,14.45,,12.0475,,1.0991,
5/30/2025 18:15,14.387,,10.3269,,1.1445,
5/30/2025 18:30,14.325,,8.002,,1.1463,
5/30/2025 18:45,14.262,,9.4955,,1.1692,
5/30/2025 19:00,14.2,,10.2298,,1.0854,
5/30/2025 19:15,14.137,,10.5355,,1.1647,
5/30/2025 19:30,14.075,,25.4523,,1.1487,
5/30/2025 19:45,14.075,,16.0163,,1.0926,
5/30/2025 20:00,14.012,,13.5714,,1.2073,
5/30/2025 20:15,13.95,,21.9874,,1.1204,
5/30/2025 20:30,13.887,,18.8828,,1.0757,
5/30/2025 20:45,13.825,,17.6996,,1.108,
5/30/2025 21:00,13.825,,18.6416,,1.1007,
5/30/2025 21:15,13.762,,14.8217,,1.012,
5/30/2025 21:30,13.7,,12.7237,,1.1149,
5/30/2025 21:45,13.7,,11.2538,,1.1513,
5/30/2025 22:00,13.637,,11.0368,,1.1227,
5/30/2025 22:15,13.575,,10.5762,,1.0433,
5/30/2025 22:30,13.575,,9.1589,,1.1333,
5/30/2025 22:45,13.512,,17.5152,,1.0402,
5/30/2025 23:00,13.512,,14.9302,,1.0406,
5/30/2025 23:15,13.512,,9.2659,,1.0433,
5/30/2025 23:30,13.45,,7.731,,1.0354,
5/30/2025 23:45,13.45,,6.5732,,1.1018,
5/31/2025 0:00,13.387,,8.3482,,1.0176,
5/31/2025 0:15,13.387,,8.4961,,0.9796,
5/31/2025 0:30,13.325,,7.9737,,1.0456,
5/31/2025 0:45,13.325,,12.9322,,1.1435,
5/31/2025 1:00,13.325,,15.9049,,1.1061,
5/31/2025 1:15,13.262,,9.0389,,0.9926,
5/31/2025 1:30,13.2,,9.1893,,0.9989,
5/31/2025 1:45,13.2,,9.526,,1.0076,
5/31/2025 2:00,13.137,,11.3869,,1.2116,
5/31/2025 2:15,13.075,,21.8109,,1.1707,
5/31/2025 2:30,13.012,,29.5695,,1.1844,
5/31/2025 2:45,12.95,,30.0937,,1.2481,
5/31/2025 3:00,12.825,,49.2515,,1.2385,
5/31/2025 3:15,12.7,,52.2596,,2.3041,
5/31/2025 3:30,12.825,,45.152,,2.715,
5/31/2025 3:45,12.95,,48.4785,,0.8746,
5/31/2025 4:00,12.887,,38.7521,,0.4577,
5/31/2025 4:15,12.825,,29.0703,,0.3691,
5/31/2025 4:30,12.825,,24.8306,,0.3088,
5/31/2025 4:45,12.762,,22.3114,,0.26,
5/31/2025 5:00,12.825,,19.4287,,1.1134,
5/31/2025 5:15,12.887,,17.6692,,1.4017,
5/31/2025 5:30,12.887,,17.2301,,1.6427,
5/31/2025 5:45,12.95,,15.2706,,1.7355,
5/31/2025 6:00,12.95,,16.6073,,1.6601,
5/31/2025 6:15,12.95,,15.5221,,1.6021,
5/31/2025 6:30,13.012,,15.1107,,1.4169,
5/31/2025 6:45,13.075,,13.3555,,1.3257,
5/31/2025 7:00,13.137,,15.1613,,1.1832,
5/31/2025 7:15,13.137,,13.91,,1.1215,
5/31/2025 7:30,13.2,,15.5192,,0.6494,
5/31/2025 7:45,13.262,,14.2134,,0.956,
5/31/2025 8:00,13.387,,12.0022,,0.6935,
5/31/2025 8:15,13.45,,10.6695,,0.4529,
5/31/2025 8:30,13.512,,10.582,,0.2713,
5/31/2025 8:45,13.575,,9.4899,,0.8353,
5/31/2025 9:00,13.637,,10.0703,,0.1144,
5/31/2025 9:15,13.637,,9.1696,,0.8124,
5/31/2025 9:30,13.762,,8.6405,,0.8081,
5/31/2025 9:45,13.825,,8.3929,,0.0786,
5/31/2025 10:00,13.887,,10.6492,,0.8038,
5/31/2025 10:15,13.95,,9.1875,,0.1267,
5/31/2025 10:30,13.95,,7.9652,,0.1407,
5/31/2025 10:45,14.075,,9.4936,,0.0755,
5/31/2025 11:00,14.137,,8.1959,,0.7951,
5/31/2025 11:15,14.262,,7.9223,,0.1724,
5/31/2025 11:30,14.262,,9.2601,,0.1852,
5/31/2025 11:45,14.325,,8.7419,,0.1836,
5/31/2025 12:00,14.325,,8.046,,0.1489,
5/31/2025 12:15,14.387,,16.8046,,0.1739,
5/31/2025 12:30,14.387,,17.2434,,0.0648,
5/31/2025 12:45,14.387,,13.8779,,0.8608,
5/31/2025 13:00,14.387,,9.164,,0.9382,
5/31/2025 13:15,14.387,,9.0491,,0.7564,
5/31/2025 13:30,14.45,,11.1535,,0.8813,
5/31/2025 13:45,14.45,,10.3724,,0.8366,
5/31/2025 14:00,14.512,,8.1121,,0.8091,
5/31/2025 14:15,14.512,,8.0994,,0.0927,
5/31/2025 14:30,14.45,,8.3571,,0.7799,
5/31/2025 14:45,14.45,,8.2455,,0.8599,
5/31/2025 15:00,14.387,,11.6983,,0.7592,
5/31/2025 15:15,14.325,,7.7384,,0.8097,
5/31/2025 15:30,14.325,,9.3235,,0.8584,
5/31/2025 15:45,14.262,,11.0308,,0.7974,
5/31/2025 16:00,14.2,,10.5398,,0.8269,
5/31/2025 16:15,14.137,,9.8139,,0.7356,
5/31/2025 16:30,14.075,,10.1477,,0.8543,
5/31/2025 16:45,13.95,,10.7962,,0.8086,
5/31/2025 17:00,13.887,,11.3572,,0.7763,
5/31/2025 17:15,13.762,,15.8034,,0.804,
5/31/2025 17:30,13.7,,11.7622,,0.9041,
5/31/2025 17:45,13.575,,11.2996,,0.7503,
5/31/2025 18:00,13.512,,12.6961,,0.8389,
5/31/2025 18:15,13.387,,13.3577,,0.7919,
5/31/2025 18:30,13.262,,11.6243,,0.8222,
5/31/2025 18:45,13.2,,10.0945,,0.8469,
5/31/2025 19:00,13.075,,10.4788,,0.885,
5/31/2025 19:15,13.012,,9.0545,,1.0047,
5/31/2025 19:30,12.887,,9.0777,,0.9337,
5/31/2025 19:45,12.825,,9.1111,,0.8885,
5/31/2025 20:00,12.762,,8.9814,,0.942,
5/31/2025 20:15,12.7,,9.0553,,0.9745,
5/31/2025 20:30,12.575,,7.5543,,0.9401,
5/31/2025 20:45,12.512,,9.4467,,0.9105,
5/31/2025 21:00,12.512,,7.8768,,0.9,
5/31/2025 21:15,12.45,,8.0341,,0.8159,
5/31/2025 21:30,12.325,,12.0429,,0.8153,
5/31/2025 21:45,12.325,,11.297,,0.7675,
5/31/2025 22:00,12.2,,11.1095,,0.7547,
5/31/2025 22:15,12.2,,11.4657,,0.7264,
5/31/2025 22:30,12.137,,13.5486,,0.8082,
5/31/2025 22:45,12.075,,10.6327,,0.7406,
5/31/2025 23:00,12.012,,7.6372,,0.7305,
5/31/2025 23:15,12.012,,7.0268,,0.7034,
5/31/2025 23:30,11.95,,7.6532,,0.6997,
5/31/2025 23:45,11.887,,6.9958,,0.7416,
6/1/2025 0:00,11.825,,6.315,,0.7296,
6/1/2025 0:15,11.825,,6.8492,,0.6665,
6/1/2025 0:30,11.762,,7.6068,,0.662,
6/1/2025 0:45,11.762,,8.0208,,0.7708,
6/1/2025 1:00,11.7,,7.151,,0.7365,
6/1/2025 1:15,11.637,,5.9579,,0.8043,
6/1/2025 1:30,11.637,,6.1601,,0.7457,
6/1/2025 1:45,11.575,,6.3897,,0.7237,
6/1/2025 2:00,11.575,,7.2976,,0.688,
6/1/2025 2:15,11.512,,7.3578,,0.8136,
6/1/2025 2:30,11.512,,6.1549,,0.7855,
6/1/2025 2:45,11.512,,6.233,,0.6721,
6/1/2025 3:00,11.45,,8.6329,,0.7561,
6/1/2025 3:15,11.45,,6.628,,0.7091,
6/1/2025 3:30,11.45,,13.6309,,0.7137,
6/1/2025 3:45,11.512,,7.5849,,0.7472,
6/1/2025 4:00,11.575,,6.0468,,0.9512,
6/1/2025 4:15,11.575,,6.7947,,0.8068,
6/1/2025 4:30,11.637,,7.4289,,0.8055,
6/1/2025 4:45,11.7,,8.115,,0.7677,
6/1/2025 5:00,11.762,,6.9659,,0.7567,
6/1/2025 5:15,11.95,,6.2868,,0.8104,
6/1/2025 5:30,12.075,,7.2435,,0.7062,
6/1/2025 5:45,12.075,,8.3944,,0.7088,
6/1/2025 6:00,12.012,,6.4338,,0.855,
6/1/2025 6:15,12.137,,5.7296,,0.8326,
6/1/2025 6:30,12.262,,5.3284,,0.7758,
6/1/2025 6:45,12.387,,6.1775,,0.7562,
6/1/2025 7:00,12.45,,7.0981,,0.7266,
6/1/2025 7:15,12.637,,5.9604,,0.7584,
6/1/2025 7:30,12.637,,6.8918,,0.755,
6/1/2025 7:45,12.762,,6.2769,,0.7931,
6/1/2025 8:00,12.825,,5.7423,,0.88,
6/1/2025 8:15,12.887,,6.5119,,0.7718,
6/1/2025 8:30,12.95,,5.5767,,0.7756,
6/1/2025 8:45,13.012,,6.5882,,0.8655,
6/1/2025 9:00,13.075,,6.8382,,0.8023,
6/1/2025 9:15,13.137,,6.2376,,0.8208,
6/1/2025 9:30,13.2,,7.3306,,0.8313,
6/1/2025 9:45,13.262,,6.4073,,0.8676,
6/1/2025 10:00,13.325,,5.5983,,0.7743,
6/1/2025 10:15,13.325,,6.6296,,0.7505,
6/1/2025 10:30,13.387,,5.8653,,0.8084,
6/1/2025 10:45,13.45,,7.0174,,0.8085,
6/1/2025 11:00,13.512,,34.7965,,0.7821,
6/1/2025 11:15,13.512,,13.1829,,0.836,
6/1/2025 11:30,13.512,,8.8297,,0.8903,
6/1/2025 11:45,13.575,,7.1283,,0.7608,
6/1/2025 12:00,13.575,,7.0424,,0.7478,
6/1/2025 12:15,13.575,,8.0086,,0.8527,
6/1/2025 12:30,13.575,,8.9959,,0.8599,
6/1/2025 12:45,13.637,,14.4871,,0.7768,
6/1/2025 13:00,13.637,,16.4979,,0.7985,
6/1/2025 13:15,13.575,,13.4918,,0.745,
6/1/2025 13:30,13.575,,11.8148,,0.7586,
6/1/2025 13:45,13.512,,9.0768,,0.814,
6/1/2025 14:00,13.512,,6.9971,,0.822,
6/1/2025 14:15,13.387,,7.4696,,0.8029,
6/1/2025 14:30,13.325,,11.0591,,0.85,
6/1/2025 14:45,13.325,,15.8476,,0.7739,
6/1/2025 15:00,13.262,,14.9284,,0.8733,
6/1/2025 15:15,13.262,,11.054,,0.821,
6/1/2025 15:30,13.137,,8.4788,,0.8691,
6/1/2025 15:45,13.137,,7.0415,,0.9546,
6/1/2025 16:00,13.012,,7.1104,,0.8897,
6/1/2025 16:15,12.95,,6.7718,,0.8609,
6/1/2025 16:30,12.887,,6.3684,,0.9515,
6/1/2025 16:45,12.762,,6.1243,,0.9526,
6/1/2025 17:00,12.7,,6.3684,,0.9289,
6/1/2025 17:15,12.637,,6.1053,,0.8247,
6/1/2025 17:30,12.512,,8.0528,,0.695,
6/1/2025 17:45,12.45,,6.3529,,0.7533,
6/1/2025 18:00,12.387,,6.4246,,0.8865,
6/1/2025 18:15,12.262,,6.7675,,0.8431,
6/1/2025 18:30,12.2,,5.8157,,0.7799,
6/1/2025 18:45,12.075,,6.5994,,0.9441,
6/1/2025 19:00,11.95,,8.0778,,0.9047,
6/1/2025 19:15,11.887,,9.7202,,0.8686,
6/1/2025 19:30,11.762,,10.694,,0.7525,
6/1/2025 19:45,11.637,,11.3655,,0.8759,
6/1/2025 20:00,11.575,,30.4289,,0.9084,
6/1/2025 20:15,11.45,,24.2919,,0.8929,
6/1/2025 20:30,11.325,,16.6574,,0.8326,
6/1/2025 20:45,11.262,,12.1786,,0.8233,
6/1/2025 21:00,11.137,,8.9844,,0.7803,
6/1/2025 21:15,11.012,,7.8211,,0.8992,
6/1/2025 21:30,10.95,,7.7229,,0.8908,
6/1/2025 21:45,10.887,,6.9639,,0.9311,
6/1/2025 22:00,10.762,,6.7448,,0.8296,
6/1/2025 22:15,10.7,,6.4529,,0.9268,
6/1/2025 22:30,10.575,,6.8266,,0.8889,
6/1/2025 22:45,10.512,,8.885,,0.9346,
6/1/2025 23:00,10.45,,10.1515,,0.9199,
6/1/2025 23:15,10.325,,10.2872,,0.8533,
6/1/2025 23:30,10.262,,8.0021,,0.8798,
6/1/2025 23:45,10.2,,7.6437,,0.8552,
6/2/2025 0:00,10.137,,8.2275,,0.8616,
6/2/2025 0:15,10.012,,8.0538,,0.9332,
6/2/2025 0:30,9.95,,7.4033,,0.926,
6/2/2025 0:45,9.887,,8.9161,,0.9967,
6/2/2025 1:00,9.825,,8.57,,0.973,
6/2/2025 1:15,9.762,,41.8609,,1.0222,
6/2/2025 1:30,9.7,,25.3704,,0.9751,
6/2/2025 1:45,9.637,,15.6743,,1.0285,
6/2/2025 2:00,9.637,,16.4515,,0.9344,
6/2/2025 2:15,9.575,,10.7661,,0.9773,
6/2/2025 2:30,9.512,,8.1707,,0.9663,
6/2/2025 2:45,9.575,,7.1413,,0.9218,
6/2/2025 3:00,9.637,,6.2734,,0.9008,
6/2/2025 3:15,9.7,,6.4284,,0.8574,
6/2/2025 3:30,9.762,,6.443,,0.9277,
6/2/2025 3:45,9.887,,5.9346,,0.9345,
6/2/2025 4:00,10.075,,5.8412,,0.8085,
6/2/2025 4:15,10.2,,5.3828,,0.9109,
6/2/2025 4:30,10.387,,5.6246,,0.96,
6/2/2025 4:45,10.387,,5.3277,,0.8839,
6/2/2025 5:00,10.387,,7.045,,0.9782,
6/2/2025 5:15,10.512,,5.5132,,0.8717,
6/2/2025 5:30,10.7,,5.8327,,0.8078,
6/2/2025 5:45,10.887,,6.1291,,0.7871,
6/2/2025 6:00,11.137,,5.5455,,0.8275,
6/2/2025 6:15,11.325,,5.1787,,0.7204,
6/2/2025 6:30,11.575,,4.9647,,0.7006,
6/2/2025 6:45,11.7,,5.134,,0.7451,
6/2/2025 7:00,11.825,,5.8579,,0.6967,
6/2/2025 7:15,11.95,,5.7903,,0.7326,
6/2/2025 7:30,12.075,,5.4649,,0.7472,
6/2/2025 7:45,12.2,,5.7973,,0.6773,
6/2/2025 8:00,12.325,,5.4401,,0.6934,
6/2/2025 8:15,12.45,,5.6624,,0.7485,
6/2/2025 8:30,12.575,,5.8703,,0.7093,
6/2/2025 8:45,12.7,,5.3568,,0.7645,
6/2/2025 9:00,12.825,,5.1824,,0.68,
6/2/2025 9:15,12.95,,6.6047,,0.7151,
6/2/2025 9:30,13.075,,5.4047,,0.7165,
6/2/2025 9:45,13.137,,5.7735,,0.6999,
6/2/2025 10:00,13.262,,5.8368,,0.7716,
6/2/2025 10:15,13.325,,5.9956,,0.7655,
6/2/2025 10:30,13.387,,5.6541,,0.7093,
6/2/2025 10:45,13.45,,5.7679,,0.7585,
6/2/2025 11:00,13.512,,5.7236,,0.789,
6/2/2025 11:15,13.575,,5.621,,0.8015,
6/2/2025 11:30,13.575,,6.3314,,0.7526,
6/2/2025 11:45,13.637,,16.029,,0.6791,
6/2/2025 12:00,13.7,,25.733,,0.714,
6/2/2025 12:15,13.762,,12.2261,,0.7772,
6/2/2025 12:30,13.825,,9.4477,,0.7716,
6/2/2025 12:45,13.887,,8.0764,,0.7878,
6/2/2025 13:00,13.95,,6.1339,,0.6522,
6/2/2025 13:15,13.95,,5.79,,0.6724,
6/2/2025 13:30,13.95,,6.683,,0.7508,
6/2/2025 13:45,13.95,,7.9843,,0.7339,
6/2/2025 14:00,13.95,,6.6629,,0.7708,
6/2/2025 14:15,13.95,,6.6699,,0.7032,
6/2/2025 14:30,13.95,,5.8406,,0.8138,
6/2/2025 14:45,13.95,,5.7302,,0.6265,
6/2/2025 15:00,13.95,,6.1011,,0.7284,
6/2/2025 15:15,13.887,,6.7329,,0.808,
6/2/2025 15:30,13.825,,6.1603,,0.7375,
6/2/2025 15:45,13.762,,5.7706,,0.7571,
6/2/2025 16:00,13.7,,6.3191,,0.7867,
6/2/2025 16:15,13.637,,6.5087,,0.7509,
6/2/2025 16:30,13.575,,8.3421,,0.8399,
6/2/2025 16:45,13.512,,6.7498,,0.8463,
6/2/2025 17:00,13.387,,7.4444,,0.784,
6/2/2025 17:15,13.325,,6.1489,,0.8825,
6/2/2025 17:30,13.262,,6.6486,,0.8396,
6/2/2025 17:45,13.137,,7.2204,,0.7828,
6/2/2025 18:00,13.075,,10.3714,,0.8939,
6/2/2025 18:15,13.012,,11.4066,,0.9921,
6/2/2025 18:30,12.95,,11.8623,,0.9912,
6/2/2025 18:45,12.887,,13.1131,,0.9384,
6/2/2025 19:00,12.825,,13.7465,,0.9152,
6/2/2025 19:15,12.762,,13.6611,,0.9767,
6/2/2025 19:30,12.7,,16.138,,0.8957,
6/2/2025 19:45,12.575,,16.2576,,0.7928,
6/2/2025 20:00,12.512,,13.7141,,0.9305,
6/2/2025 20:15,12.45,,10.7226,,0.9127,
6/2/2025 20:30,12.325,,9.744,,0.912,
6/2/2025 20:45,12.2,,9.0546,,0.8389,
6/2/2025 21:00,12.137,,11.6475,,0.8893,
6/2/2025 21:15,12.012,,10.8737,,0.9001,
6/2/2025 21:30,11.95,,13.7992,,0.7659,
6/2/2025 21:45,11.887,,18.147,,0.8345,
6/2/2025 22:00,11.762,,32.1198,,0.9608,
6/2/2025 22:15,11.7,,16.7855,,0.9362,
6/2/2025 22:30,11.637,,12.5151,,0.8795,
6/2/2025 22:45,11.512,,10.5603,,0.8024,
6/2/2025 23:00,11.45,,8.0438,,0.8429,
6/2/2025 23:15,11.325,,6.7161,,0.8158,
6/2/2025 23:30,11.262,,7.1757,,0.8222,
6/2/2025 23:45,11.137,,7.3808,,0.7491,
6/3/2025 0:00,11.075,,7.0684,,0.8281,
6/3/2025 0:15,10.95,,7.5289,,0.7814,
6/3/2025 0:30,10.887,,24.2781,,0.9601,
6/3/2025 0:45,10.762,,16.0084,,0.8117,
6/3/2025 1:00,10.637,,17.7936,,0.9165,
6/3/2025 1:15,10.575,,18.0699,,0.9187,
6/3/2025 1:30,10.512,,16.3858,,0.9599,
6/3/2025 1:45,10.387,,16.2392,,0.9391,
6/3/2025 2:00,10.325,,13.0221,,0.9318,
6/3/2025 2:15,10.262,,10.8291,,0.8768,
6/3/2025 2:30,10.262,,9.5713,,0.8943,
6/3/2025 2:45,10.262,,8.8576,,0.9532,
6/3/2025 3:00,10.325,,8.0524,,0.8887,
6/3/2025 3:15,10.387,,6.8948,,0.9668,
6/3/2025 3:30,10.45,,6.0991,,0.9236,
6/3/2025 3:45,10.512,,6.3534,,0.8861,
6/3/2025 4:00,10.7,,5.7605,,0.8524,
6/3/2025 4:15,10.825,,6.3324,,0.778,
6/3/2025 4:30,11.012,,6.1098,,0.6695,
6/3/2025 4:45,11.2,,5.9957,,0.7374,
6/3/2025 5:00,11.387,,5.7959,,0.6189,
6/3/2025 5:15,11.575,,5.7735,,0.6858,
6/3/2025 5:30,11.762,,5.2837,,0.6884,
6/3/2025 5:45,11.95,,5.4781,,0.7429,
6/3/2025 6:00,12.137,,6.65,,0.7091,
6/3/2025 6:15,12.325,,7.3835,,0.7805,
6/3/2025 6:30,12.512,,6.4245,,0.8193,
6/3/2025 6:45,12.637,,5.3307,,0.7747,
6/3/2025 7:00,12.825,,5.3944,,0.8654,
6/3/2025 7:15,12.95,,5.8654,,0.8058,
6/3/2025 7:30,13.075,,5.7255,,0.8165,
6/3/2025 7:45,13.262,,5.6233,,0.8655,
6/3/2025 8:00,13.387,,5.7755,,0.9181,
6/3/2025 8:15,13.512,,6.1206,,0.8846,
6/3/2025 8:30,13.637,,6.3551,,0.8203,
6/3/2025 8:45,13.762,,6.5966,,0.7686,
6/3/2025 9:00,13.887,,6.4868,,0.8244,
6/3/2025 9:15,14.012,,6.1995,,0.7326,
6/3/2025 9:30,14.137,,6.6751,,0.7867,
6/3/2025 9:45,14.262,,6.3897,,0.8036,
6/3/2025 10:00,14.325,,6.8616,,0.7048,
6/3/2025 10:15,14.387,,6.3988,,0.812,
6/3/2025 10:30,14.45,,6.3468,,0.8385,
6/3/2025 10:45,14.45,,5.6454,,0.752,
6/3/2025 11:00,14.512,,5.8273,,0.9012,
6/3/2025 11:15,14.575,,6.028,,0.8776,
6/3/2025 11:30,14.575,,6.883,,0.8216,
6/3/2025 11:45,14.637,,8.2849,,0.7791,
6/3/2025 12:00,14.637,,7.4369,,0.9127,
6/3/2025 12:15,14.7,,6.4072,,0.9125,
6/3/2025 12:30,14.7,,6.2941,,0.976,
6/3/2025 12:45,14.762,,8.0464,,0.8919,
6/3/2025 13:00,14.7,,7.8206,,0.8754,
6/3/2025 13:15,14.7,,7.3933,,0.9979,
6/3/2025 13:30,14.762,,7.1514,,0.9789,
6/3/2025 13:45,14.7,,6.5357,,0.9393,
6/3/2025 14:00,14.7,,7.0372,,1.0413,
6/3/2025 14:15,14.7,,7.347,,0.9191,
6/3/2025 14:30,14.7,,7.0377,,1.0141,
6/3/2025 14:45,14.7,,7.766,,0.9489,
6/3/2025 15:00,14.7,,7.2128,,0.9505,
6/3/2025 15:15,14.637,,7.0203,,1.0624,
6/3/2025 15:30,14.575,,6.5633,,0.9966,
6/3/2025 15:45,14.575,,6.8404,,1.0995,
6/3/2025 16:00,14.512,,6.4512,,1.0224,
6/3/2025 16:15,14.45,,6.2271,,1.0009,
6/3/2025 16:30,14.325,,6.1433,,1.0083,
6/3/2025 16:45,14.2,,7.4374,,1.0285,
6/3/2025 17:00,14.075,,5.1513,,1.0724,
6/3/2025 17:15,14.012,,6.7762,,0.9463,
6/3/2025 17:30,13.95,,8.2031,,0.9424,
6/3/2025 17:45,13.825,,9.1148,,0.9764,
6/3/2025 18:00,13.7,,10.863,,0.9297,
6/3/2025 18:15,13.637,,11.2123,,0.9798,
6/3/2025 18:30,13.512,,10.7573,,1.0971,
6/3/2025 18:45,13.45,,15.3167,,1.063,
6/3/2025 19:00,13.387,,16.723,,1.0553,
6/3/2025 19:15,13.262,,17.2059,,1.1849,
6/3/2025 19:30,13.137,,16.2249,,1.0029,
6/3/2025 19:45,13.075,,16.4422,,1.0679,
6/3/2025 20:00,12.95,,14.2769,,1.0159,
6/3/2025 20:15,12.825,,13.9476,,0.9426,
6/3/2025 20:30,12.762,,13.0341,,0.9403,
6/3/2025 20:45,12.637,,10.777,,1.0486,
6/3/2025 21:00,12.512,,13.9928,,1.0232,
6/3/2025 21:15,12.45,,11.3359,,1.0453,
6/3/2025 21:30,12.325,,9.2417,,1.0343,
6/3/2025 21:45,12.262,,11.7833,,0.9476,
6/3/2025 22:00,12.2,,10.9435,,0.9739,
6/3/2025 22:15,12.075,,11.5272,,1.1289,
6/3/2025 22:30,11.95,,12.2843,,0.8909,
6/3/2025 22:45,11.887,,28.175,,1.085,
6/3/2025 23:00,11.825,,19.1341,,1.0283,
6/3/2025 23:15,11.762,,38.2818,,1.059,
6/3/2025 23:30,11.7,,21.232,,1.0454,
6/3/2025 23:45,11.575,,15.7361,,1.0056,
6/4/2025 0:00,11.512,,17.2855,,1.0105,
6/4/2025 0:15,11.45,,22.8314,,1.0537,
6/4/2025 0:30,11.387,,29.31,,1.0118,
6/4/2025 0:45,11.325,,16.5809,,1.0322,
6/4/2025 1:00,11.262,,14.5471,,1.0104,
6/4/2025 1:15,11.2,,13.7292,,1.0551,
6/4/2025 1:30,11.137,,13.4471,,1.0016,
6/4/2025 1:45,11.075,,11.6768,,1.0419,
6/4/2025 2:00,11.012,,10.9307,,0.9521,
6/4/2025 2:15,11.012,,9.6765,,1.0455,
6/4/2025 2:30,10.95,,8.9169,,1.0294,
6/4/2025 2:45,10.95,,7.6984,,0.9442,
6/4/2025 3:00,11.012,,6.6598,,0.9355,
6/4/2025 3:15,11.012,,6.6422,,0.884,
6/4/2025 3:30,11.075,,6.54,,0.9165,
6/4/2025 3:45,11.137,,6.5834,,0.9966,
6/4/2025 4:00,11.262,,6.4611,,0.9064,
6/4/2025 4:15,11.325,,11.0464,,0.8634,
6/4/2025 4:30,11.45,,12.0073,,0.8693,
6/4/2025 4:45,11.512,,11.3575,,0.9573,
6/4/2025 5:00,11.7,,10.3013,,1.0295,
6/4/2025 5:15,11.887,,9.2619,,0.8689,
6/4/2025 5:30,12.012,,8.169,,0.9389,
6/4/2025 5:45,12.2,,8.7866,,0.9609,
6/4/2025 6:00,12.45,,9.1055,,0.969,
6/4/2025 6:15,12.575,,6.5884,,1.0048,
6/4/2025 6:30,12.762,,6.6767,,0.9149,
6/4/2025 6:45,12.95,,6.6204,,0.9588,
6/4/2025 7:00,13.075,,6.5085,,0.9818,
6/4/2025 7:15,13.262,,4.9516,,0.9323,
6/4/2025 7:30,13.387,,5.6751,,0.9628,
6/4/2025 7:45,13.637,,5.806,,0.9633,
6/4/2025 8:00,13.762,,5.3997,,0.9604,
6/4/2025 8:15,13.95,,6.9597,,0.8544,
6/4/2025 8:30,14.137,,6.2124,,0.9087,
6/4/2025 8:45,14.262,,5.6625,,0.8499,
6/4/2025 9:00,14.45,,6.2425,,0.781,
6/4/2025 9:15,14.637,,5.7158,,0.9606,
6/4/2025 9:30,14.762,,5.7924,,0.9319,
6/4/2025 9:45,14.887,,6.1622,,0.9088,
6/4/2025 10:00,15.075,,6.1232,,0.9229,
6/4/2025 10:15,15.2,,7.1002,,0.8914,
6/4/2025 10:30,15.325,,7.1161,,0.9568,
6/4/2025 10:45,15.45,,9.432,,0.9925,
6/4/2025 11:00,15.512,,8.6744,,1.0572,
6/4/2025 11:15,15.637,,7.0067,,1.0883,
6/4/2025 11:30,15.7,,6.7233,,0.9869,
6/4/2025 11:45,15.762,,5.9613,,1.0334,
6/4/2025 12:00,15.887,,6.3301,,1.1346,
6/4/2025 12:15,15.887,,7.3793,,1.1883,
6/4/2025 12:30,15.95,,7.5266,,1.1742,
6/4/2025 12:45,16.012,,6.7911,,1.2038,
6/4/2025 13:00,16.075,,6.9339,,1.1582,
6/4/2025 13:15,16.075,,7.1977,,1.148,
6/4/2025 13:30,16.137,,8.531,,1.182,
6/4/2025 13:45,16.137,,8.2723,,1.1184,
6/4/2025 14:00,16.075,,8.3652,,1.1522,
6/4/2025 14:15,16.075,,7.8747,,1.2469,
6/4/2025 14:30,16.075,,7.8554,,1.2195,
6/4/2025 14:45,16.137,,7.5226,,1.3645,
6/4/2025 15:00,16.075,,6.4763,,1.2669,
6/4/2025 15:15,16.075,,6.769,,1.354,
6/4/2025 15:30,16.075,,5.9735,,1.2899,
6/4/2025 15:45,16.075,,6.2548,,1.2374,
6/4/2025 16:00,16.012,,6.3099,,1.2907,
6/4/2025 16:15,15.95,,7.3977,,1.2269,
6/4/2025 16:30,15.825,,6.9296,,1.3375,
6/4/2025 16:45,15.762,,6.0691,,1.2879,
6/4/2025 17:00,15.7,,6.9614,,1.2824,
6/4/2025 17:15,15.637,,7.5611,,1.3294,
6/4/2025 17:30,15.512,,35.6049,,1.3215,
6/4/2025 17:45,15.512,,14.6426,,1.2939,
6/4/2025 18:00,15.387,,18.9606,,1.2321,
6/4/2025 18:15,15.325,,18.1959,,1.2221,
6/4/2025 18:30,15.262,,14.3215,,1.3379,
6/4/2025 18:45,15.2,,12.4537,,1.2901,
6/4/2025 19:00,15.137,,11.3023,,1.3487,
6/4/2025 19:15,15.075,,13.8341,,1.2936,
6/4/2025 19:30,14.95,,11.7976,,1.3247,
6/4/2025 19:45,14.887,,9.8695,,1.2769,
6/4/2025 20:00,14.887,,16.0974,,1.1648,
6/4/2025 20:15,14.762,,18.4496,,1.3349,
6/4/2025 20:30,14.7,,16.7525,,1.3508,
6/4/2025 20:45,14.637,,25.5555,,1.4062,
6/4/2025 21:00,14.575,,22.0604,,1.3597,
6/4/2025 21:15,14.45,,23.0509,,1.386,
6/4/2025 21:30,14.387,,21.4452,,1.2866,
6/4/2025 21:45,14.325,,18.2256,,1.2712,
6/4/2025 22:00,14.262,,15.6906,,1.2272,
6/4/2025 22:15,14.2,,14.0391,,1.2057,
6/4/2025 22:30,14.137,,12.1996,,1.128,
6/4/2025 22:45,14.075,,10.9518,,1.1859,
6/4/2025 23:00,14.012,,10.8695,,1.1495,
6/4/2025 23:15,13.95,,11.9244,,1.1174,
6/4/2025 23:30,13.887,,17.9907,,1.2232,
6/4/2025 23:45,13.825,,20.1604,,1.1811,
6/5/2025 0:00,13.762,,15.7396,,1.1846,
6/5/2025 0:15,13.7,,12.9968,,1.0875,
6/5/2025 0:30,13.637,,13.8963,,1.1378,
6/5/2025 0:45,13.575,,11.4925,,1.12,
6/5/2025 1:00,13.512,,10.8456,,1.0844,
6/5/2025 1:15,13.512,,9.2483,,1.0337,
6/5/2025 1:30,13.387,,9.773,,1.1631,
6/5/2025 1:45,13.387,,11.5501,,1.258,
6/5/2025 2:00,13.325,,10.7961,,1.2429,
6/5/2025 2:15,13.262,,10.061,,1.1699,
6/5/2025 2:30,13.262,,8.8933,,1.1686,
6/5/2025 2:45,13.325,,8.7646,,1.1681,
6/5/2025 3:00,13.325,,34.3093,,1.152,
6/5/2025 3:15,13.45,,18.4392,,1.1357,
6/5/2025 3:30,13.45,,11.8974,,1.0975,
6/5/2025 3:45,13.575,,18.9563,,1.2148,
6/5/2025 4:00,13.7,,13.6788,,1.0822,
6/5/2025 4:15,13.887,,9.9472,,1.0365,
6/5/2025 4:30,14.075,,9.0841,,1.083,
6/5/2025 4:45,14.2,,8.0593,,1.1213,
6/5/2025 5:00,14.387,,7.2185,,1.1237,
6/5/2025 5:15,14.637,,7.6937,,1.034,
6/5/2025 5:30,14.825,,6.7937,,1.0803,
6/5/2025 5:45,15.012,,7.0775,,1.1996,
6/5/2025 6:00,15.2,,9.4114,,1.0824,
6/5/2025 6:15,15.45,,9.1497,,1.1423,
6/5/2025 6:30,15.575,,7.2592,,1.154,
6/5/2025 6:45,15.762,,7.5981,,1.1265,
6/5/2025 7:00,15.887,,6.5754,,1.2469,
6/5/2025 7:15,16.075,,6.7806,,1.0879,
6/5/2025 7:30,16.2,,6.7411,,1.203,
6/5/2025 7:45,16.325,,7.0013,,1.1629,
6/5/2025 8:00,16.512,,6.8854,,1.2067,
6/5/2025 8:15,16.637,,6.6451,,1.1261,
6/5/2025 8:30,16.825,,6.7873,,1.072,
6/5/2025 8:45,17.012,,7.116,,1.1393,
6/5/2025 9:00,17.075,,6.892,,1.1482,
6/5/2025 9:15,17.075,,6.614,,0.9945,
6/5/2025 9:30,17.137,,6.784,,1.0552,
6/5/2025 9:45,17.262,,10.887,,1.1236,
6/5/2025 10:00,17.387,,7.0746,,1.0597,
6/5/2025 10:15,17.512,,46.8614,,1.1462,
6/5/2025 10:30,17.7,,78.8291,,0.2042,
6/5/2025 10:45,17.762,,55.2445,,1.1086,
6/5/2025 11:00,17.887,,40.9941,,1.1422,
6/5/2025 11:15,17.95,,25.4841,,1.0273,
6/5/2025 11:30,18.012,,14.1973,,1.0539,
6/5/2025 11:45,18.075,,10.8298,,0.9914,
6/5/2025 12:00,18.075,,13.1886,,1.001,
6/5/2025 12:15,18.075,,10.0321,,1.037,
6/5/2025 12:30,18.137,,13.5232,,0.9923,
6/5/2025 12:45,18.137,,9.793,,0.8922,
6/5/2025 13:00,18.137,,9.1479,,0.9637,
6/5/2025 13:15,18.137,,7.6389,,0.9697,
6/5/2025 13:30,18.137,,6.8942,,1.0087,
6/5/2025 13:45,18.075,,7.3496,,1.0193,
6/5/2025 14:00,18.012,,7.2052,,1.0306,
6/5/2025 14:15,18.012,,7.3314,,1.0462,
6/5/2025 14:30,17.95,,8.7288,,1.0596,
6/5/2025 14:45,17.887,,9.44,,1.0487,
6/5/2025 15:00,17.887,,8.4857,,1.1501,
6/5/2025 15:15,17.887,,8.8029,,0.9908,
6/5/2025 15:30,17.825,,7.2809,,1.0749,
6/5/2025 15:45,17.762,,7.4357,,1.0918,
6/5/2025 16:00,17.762,,7.515,,1.1377,
6/5/2025 16:15,17.637,,7.8408,,1.1862,
6/5/2025 16:30,17.575,,8.6565,,1.0987,
6/5/2025 16:45,17.45,,8.0322,,1.0582,
6/5/2025 17:00,17.387,,9.2276,,1.1101,
6/5/2025 17:15,17.262,,8.5463,,1.1373,
6/5/2025 17:30,17.2,,8.9899,,1.2569,
6/5/2025 17:45,17.137,,8.7229,,1.1744,
6/5/2025 18:00,17.075,,8.1968,,1.244,
6/5/2025 18:15,16.95,,8.021,,1.1684,
6/5/2025 18:30,16.887,,9.7834,,1.254,
6/5/2025 18:45,16.825,,29.6963,,1.22,
6/5/2025 19:00,16.7,,19.3785,,1.2163,
6/5/2025 19:15,16.637,,23.2963,,1.2705,
6/5/2025 19:30,16.575,,29.6753,,1.304,
6/5/2025 19:45,16.512,,51.573,,1.3726,
6/5/2025 20:00,16.45,,32.1676,,1.2898,
6/5/2025 20:15,16.387,,27.4398,,1.3003,
6/5/2025 20:30,16.325,,25.7104,,1.3396,
6/5/2025 20:45,16.262,,18.8662,,1.3088,
6/5/2025 21:00,16.137,,18.0442,,1.2406,
6/5/2025 21:15,16.075,,15.1398,,1.3427,
6/5/2025 21:30,16.012,,15.6737,,1.3431,
6/5/2025 21:45,15.95,,14.666,,1.205,
6/5/2025 22:00,15.887,,12.3717,,1.2763,
6/5/2025 22:15,15.825,,10.7209,,1.2114,
6/5/2025 22:30,15.762,,17.9922,,1.2334,
6/5/2025 22:45,15.7,,12.5507,,1.1506,
6/5/2025 23:00,15.637,,9.2586,,1.2043,
6/5/2025 23:15,15.575,,10.5349,,1.2166,
6/5/2025 23:30,15.512,,11.7013,,1.1682,
6/5/2025 23:45,15.512,,12.7642,,1.1052,
6/6/2025 0:00,15.45,,13.9457,,1.2083,
6/6/2025 0:15,15.45,,12.0396,,1.2856,
6/6/2025 0:30,15.387,,12.9599,,1.1619,
6/6/2025 0:45,15.387,,14.2755,,1.1025,
6/6/2025 1:00,15.325,,15.5552,,1.2418,
6/6/2025 1:15,15.325,,13.8884,,1.2264,
6/6/2025 1:30,15.325,,29.1959,,1.1535,
6/6/2025 1:45,15.262,,20.0482,,1.2582,
6/6/2025 2:00,15.262,,15.5687,,1.1977,
6/6/2025 2:15,15.137,,15.0846,,1.1767,
6/6/2025 2:30,15.075,,14.5289,,1.2781,
6/6/2025 2:45,15.012,,13.1761,,1.1549,
6/6/2025 3:00,15.012,,11.9932,,1.3609,
6/6/2025 3:15,15.012,,11.3971,,1.5172,
6/6/2025 3:30,14.95,,10.5367,,1.7601,
6/6/2025 3:45,14.95,,9.8959,,2.0568,
6/6/2025 4:00,14.887,,11.1344,,2.2468,
6/6/2025 4:15,14.887,,10.981,,2.1898,
6/6/2025 4:30,14.95,,9.8346,,2.1162,
6/6/2025 4:45,14.95,,10.0948,,2.0046,
6/6/2025 5:00,15.012,,9.2463,,1.8666,
6/6/2025 5:15,15.075,,8.1122,,1.5717,
6/6/2025 5:30,15.075,,7.4631,,1.558,
6/6/2025 5:45,15.075,,8.1587,,1.3564,
6/6/2025 6:00,15.2,,7.206,,1.3725,
6/6/2025 6:15,15.262,,6.863,,1.2319,
6/6/2025 6:30,15.387,,8.9143,,1.1775,
6/6/2025 6:45,15.45,,8.2704,,1.0888,
6/6/2025 7:00,15.575,,9.7913,,1.0918,
6/6/2025 7:15,15.762,,7.8496,,0.955,
6/6/2025 7:30,15.887,,7.3251,,0.98,
6/6/2025 7:45,16.075,,7.7089,,0.8865,
6/6/2025 8:00,16.325,,6.6362,,1.0202,
6/6/2025 8:15,16.45,,7.6698,,0.9469,
6/6/2025 8:30,16.512,,6.4449,,0.8595,
6/6/2025 8:45,16.575,,6.6987,,0.8785,
6/6/2025 9:00,16.637,,5.9508,,0.8852,
6/6/2025 9:15,16.825,,7.1168,,0.7839,
6/6/2025 9:30,16.95,,6.9371,,0.797,
6/6/2025 9:45,17.075,,6.7333,,0.7984,
6/6/2025 10:00,17.137,,6.8528,,0.7512,
6/6/2025 10:15,17.2,,6.4518,,0.7601,
6/6/2025 10:30,17.262,,6.8517,,0.7401,
6/6/2025 10:45,17.325,,6.511,,0.7242,
6/6/2025 11:00,17.325,,6.5695,,0.7578,
6/6/2025 11:15,17.387,,7.2104,,0.6897,
6/6/2025 11:30,17.45,,6.5177,,0.6722,
6/6/2025 11:45,17.512,,7.085,,0.7223,
6/6/2025 12:00,17.512,,7.6823,,0.7329,
6/6/2025 12:15,17.512,,7.7109,,0.7017,
6/6/2025 12:30,17.45,,9.3445,,0.7547,
6/6/2025 12:45,17.45,,19.9261,,0.685,
6/6/2025 13:00,17.387,,10.362,,0.6354,
6/6/2025 13:15,17.325,,8.8444,,0.707,
6/6/2025 13:30,17.262,,53.9022,,0.8799,
6/6/2025 13:45,17.2,,56.2404,,0.8909,
6/6/2025 14:00,17.137,,27.1532,,0.9244,
6/6/2025 14:15,17.012,,19.7275,,0.9358,
6/6/2025 14:30,16.95,,26.1068,,0.9587,
6/6/2025 14:45,16.95,,12.8429,,0.9734,
6/6/2025 15:00,16.825,,8.5832,,0.9828,
6/6/2025 15:15,16.762,,8.5846,,1.0077,
6/6/2025 15:30,16.762,,23.2431,,1.1452,
6/6/2025 15:45,16.7,,38.8308,,1.2582,
6/6/2025 16:00,16.637,,71.7897,,0.348,
6/6/2025 16:15,16.387,,78.9943,,0.3885,
6/6/2025 16:30,16.012,,108.9989,,1.1919,
6/6/2025 16:45,16.262,,107.6033,,2.3523,
6/6/2025 17:00,16.512,,80.6922,,1.4926,
6/6/2025 17:15,16.512,,65.2092,,0.9201,
6/6/2025 17:30,16.387,,50.2021,,0.8178,
6/6/2025 17:45,16.262,,43.6338,,0.7194,
6/6/2025 18:00,16.075,,37.9927,,0.6339,
6/6/2025 18:15,16.075,,31.2424,,0.4977,
6/6/2025 18:30,16.075,,24.2098,,0.7174,
6/6/2025 18:45,16.075,,19.7684,,1.3653,
6/6/2025 19:00,16.075,,20.8441,,1.3533,
6/6/2025 19:15,16.2,,18.7292,,1.2026,
6/6/2025 19:30,16.325,,15.1874,,1.0018,
6/6/2025 19:45,16.387,,14.939,,0.8487,
6/6/2025 20:00,16.45,,17.1577,,0.8639,
6/6/2025 20:15,16.45,,14.2198,,0.7497,
6/6/2025 20:30,16.45,,11.9064,,0.6449,
6/6/2025 20:45,16.387,,11.351,,0.5355,
6/6/2025 21:00,16.387,,11.1771,,0.6162,
6/6/2025 21:15,16.387,,11.5391,,0.5395,
6/6/2025 21:30,16.387,,11.4827,,0.5875,
6/6/2025 21:45,16.325,,12.3888,,0.5635,
6/6/2025 22:00,16.325,,12.2555,,0.4377,
6/6/2025 22:15,16.325,,12.4559,,0.4949,
6/6/2025 22:30,16.262,,12.7323,,0.4718,
6/6/2025 22:45,16.262,,11.1027,,0.4496,
6/6/2025 23:00,16.2,,10.3512,,0.5335,
6/6/2025 23:15,16.2,,10.2124,,0.3676,
6/6/2025 23:30,16.2,,11.0801,,0.3188,
6/6/2025 23:45,16.137,,13.1187,,0.238,
6/7/2025 0:00,16.075,,10.7848,,0.3023,
6/7/2025 0:15,16.075,,9.756,,0.2412,
6/7/2025 0:30,16.012,,10.0135,,0.3043,
6/7/2025 0:45,16.012,,10.8774,,0.245,
6/7/2025 1:00,15.95,,11.2388,,0.1708,
6/7/2025 1:15,15.887,,10.0672,,0.1197,
6/7/2025 1:30,15.887,,8.7979,,0.2271,
6/7/2025 1:45,15.825,,7.9635,,0.1377,
6/7/2025 2:00,15.825,,7.644,,0.1381,
6/7/2025 2:15,15.762,,7.1928,,0.169,
6/7/2025 2:30,15.762,,8.3039,,0.1264,
6/7/2025 2:45,15.762,,8.5317,,0.1462,
6/7/2025 3:00,15.762,,8.8593,,0.1626,
6/7/2025 3:15,15.7,,7.8681,,0.124,
6/7/2025 3:30,15.7,,7.4702,,0.147,
6/7/2025 3:45,15.7,,7.4919,,0.141,
6/7/2025 4:00,15.7,,6.3187,,0.9553,
6/7/2025 4:15,15.762,,6.3601,,0.9098,
6/7/2025 4:30,15.762,,6.9807,,0.1212,
6/7/2025 4:45,15.7,,6.9653,,0.8179,
6/7/2025 5:00,15.762,,10.4009,,0.0571,
6/7/2025 5:15,15.762,,6.8032,,0.0983,
6/7/2025 5:30,15.762,,6.768,,0.8096,
6/7/2025 5:45,15.762,,6.853,,0.8546,
6/7/2025 6:00,15.762,,6.6074,,0.8627,
6/7/2025 6:15,15.762,,7.8735,,0.8407,
6/7/2025 6:30,15.762,,7.2097,,0.8248,
6/7/2025 6:45,15.762,,7.171,,0.7528,
6/7/2025 7:00,15.762,,6.5851,,0.7706,
6/7/2025 7:15,15.762,,7.6811,,0.8644,
6/7/2025 7:30,15.762,,5.8423,,0.8032,
6/7/2025 7:45,15.762,,6.1737,,0.8176,
6/7/2025 8:00,15.762,,6.3426,,0.7928,
6/7/2025 8:15,15.762,,6.3268,,0.84,
6/7/2025 8:30,15.762,,6.4878,,0.8607,
6/7/2025 8:45,15.825,,6.4306,,0.8125,
6/7/2025 9:00,15.825,,7.1401,,0.7419,
6/7/2025 9:15,15.825,,6.6045,,0.7533,
6/7/2025 9:30,15.887,,7.0351,,0.786,
6/7/2025 9:45,15.887,,5.5874,,0.8597,
6/7/2025 10:00,15.95,,8.1742,,0.8026,
6/7/2025 10:15,16.012,,7.706,,0.7219,
6/7/2025 10:30,16.012,,7.5563,,0.796,
6/7/2025 10:45,16.012,,6.9537,,0.7416,
6/7/2025 11:00,16.012,,8.3888,,0.6729,
6/7/2025 11:15,16.012,,14.4065,,0,
6/7/2025 11:30,16.012,,18.1914,,0,
6/7/2025 11:45,15.95,,17.0514,,0,
6/7/2025 12:00,15.95,,11.8023,,0.8109,
6/7/2025 12:15,15.95,,10.9657,,0.7988,
6/7/2025 12:30,15.887,,9.969,,0.8599,
6/7/2025 12:45,15.825,,10.3661,,0.816,
6/7/2025 13:00,15.762,,11.1614,,0.7924,
6/7/2025 13:15,15.7,,12.9874,,0.8767,
6/7/2025 13:30,15.637,,14.4881,,0.9069,
6/7/2025 13:45,15.512,,13.1118,,1.394,
6/7/2025 14:00,15.387,,12.2948,,1.7505,
6/7/2025 14:15,15.325,,12.1324,,1.7384,
6/7/2025 14:30,15.387,,12.8219,,0.659,
6/7/2025 14:45,15.45,,13.5314,,0.3915,
6/7/2025 15:00,15.45,,11.5486,,0.1019,
6/7/2025 15:15,15.512,,12.3188,,0.0933,
6/7/2025 15:30,15.512,,11.9537,,0,
6/7/2025 15:45,15.512,,11.1832,,0.0206,
6/7/2025 16:00,15.512,,11.0528,,0.0525,
6/7/2025 16:15,15.512,,12.496,,0.0286,
6/7/2025 16:30,15.512,,12.1679,,0.1173,
6/7/2025 16:45,15.512,,10.7729,,0.1204,
6/7/2025 17:00,15.512,,10.7138,,0.0675,
6/7/2025 17:15,15.45,,12.693,,0.1186,
6/7/2025 17:30,15.45,,10.924,,0.1225,
6/7/2025 17:45,15.45,,8.4357,,0.1194,
6/7/2025 18:00,15.45,,8.1847,,0.1243,
6/7/2025 18:15,15.387,,8.4115,,0.0955,
6/7/2025 18:30,15.387,,7.9134,,0.1223,
6/7/2025 18:45,15.325,,10.4286,,0,
6/7/2025 19:00,15.262,,11.5501,,0.1127,
6/7/2025 19:15,15.2,,10.6998,,0,
6/7/2025 19:30,15.137,,10.8608,,0.0992,
6/7/2025 19:45,15.075,,22.7676,,0.0514,
6/7/2025 20:00,15.012,,14.5462,,0.0521,
6/7/2025 20:15,14.95,,10.9772,,0.0528,
6/7/2025 20:30,14.887,,12.1196,,0.1251,
6/7/2025 20:45,14.887,,9.2208,,0.0616,
6/7/2025 21:00,14.825,,9.6794,,0.0789,
6/7/2025 21:15,14.762,,12.4556,,0.13,
6/7/2025 21:30,14.7,,15.8758,,0.0364,
6/7/2025 21:45,14.637,,16.1332,,0.1503,
6/7/2025 22:00,14.575,,13.526,,0.1183,
6/7/2025 22:15,14.512,,11.2394,,0.1402,
6/7/2025 22:30,14.45,,13.9824,,0.2189,
6/7/2025 22:45,14.387,,14.2194,,0.1485,
6/7/2025 23:00,14.325,,14.5158,,0.1318,
6/7/2025 23:15,14.262,,19.1297,,0.1454,
6/7/2025 23:30,14.2,,13.211,,0.1957,
6/7/2025 23:45,14.137,,17.4958,,0.1544,
6/8/2025 0:00,14.075,,18.3285,,0.246,
6/8/2025 0:15,14.012,,15.1398,,0.1883,
6/8/2025 0:30,13.887,,11.3714,,0.2107,
6/8/2025 0:45,13.825,,9.6835,,1.0513,
6/8/2025 1:00,13.825,,9.497,,0.1857,
6/8/2025 1:15,13.7,,8.5214,,0.929,
6/8/2025 1:30,13.7,,7.6699,,0.2364,
6/8/2025 1:45,13.637,,7.8184,,0.2739,
6/8/2025 2:00,13.637,,8.2917,,0.9663,
6/8/2025 2:15,13.575,,7.3541,,1.0311,
6/8/2025 2:30,13.575,,8.0692,,0.9423,
6/8/2025 2:45,13.575,,7.7653,,0.2257,
6/8/2025 3:00,13.575,,5.9958,,0.9885,
6/8/2025 3:15,13.575,,6.124,,0.9654,
6/8/2025 3:30,13.575,,6.4954,,1.0325,
6/8/2025 3:45,13.637,,5.5039,,1.0277,
6/8/2025 4:00,13.7,,5.646,,0.9944,
6/8/2025 4:15,13.762,,5.8731,,0.9944,
6/8/2025 4:30,13.825,,6.2248,,0.0884,
6/8/2025 4:45,13.95,,6.758,,0.2261,
6/8/2025 5:00,14.075,,6.4915,,0.9731,
6/8/2025 5:15,14.2,,7.3205,,0.9037,
6/8/2025 5:30,14.325,,5.7428,,0.9591,
6/8/2025 5:45,14.45,,6.5054,,0.9283,
6/8/2025 6:00,14.637,,6.3129,,0.8499,
6/8/2025 6:15,14.762,,6.4997,,0.9688,
6/8/2025 6:30,14.887,,6.82,,0.9327,
6/8/2025 6:45,15.012,,6.1093,,0.937,
6/8/2025 7:00,15.137,,7.0361,,0.7196,
6/8/2025 7:15,15.262,,7.7351,,0.6761,
6/8/2025 7:30,15.387,,7.8174,,0.6416,
6/8/2025 7:45,15.512,,6.9031,,0.7025,
6/8/2025 8:00,15.575,,6.4017,,0.7515,
6/8/2025 8:15,15.7,,7.2763,,0.7003,
6/8/2025 8:30,15.825,,6.872,,0.7049,
6/8/2025 8:45,15.887,,6.861,,0.6223,
6/8/2025 9:00,16.012,,6.7936,,0.64,
6/8/2025 9:15,16.075,,7.0077,,0.6443,
6/8/2025 9:30,16.2,,11.0505,,1.0172,
6/8/2025 9:45,16.262,,6.5611,,0.667,
6/8/2025 10:00,16.387,,6.0556,,0.6946,
6/8/2025 10:15,16.387,,6.674,,0.7358,
6/8/2025 10:30,16.45,,5.2745,,0.7106,
6/8/2025 10:45,16.45,,6.87,,0.7077,
6/8/2025 11:00,16.512,,7.4763,,0.7093,
6/8/2025 11:15,16.575,,6.4227,,0.6726,
6/8/2025 11:30,16.575,,6.5747,,0.6903,
6/8/2025 11:45,16.637,,6.4342,,0.6999,
6/8/2025 12:00,16.637,,5.3339,,0.7834,
6/8/2025 12:15,16.637,,6.1139,,0.7284,
6/8/2025 12:30,16.7,,5.0395,,0.7509,
6/8/2025 12:45,16.7,,6.071,,0.6661,
6/8/2025 13:00,16.7,,6.4045,,0.7013,
6/8/2025 13:15,16.7,,5.7748,,0.709,
6/8/2025 13:30,16.7,,5.7631,,0.7235,
6/8/2025 13:45,16.637,,5.7206,,0.6581,
6/8/2025 14:00,16.637,,6.61,,0.7253,
6/8/2025 14:15,16.637,,6.2305,,0.6194,
6/8/2025 14:30,16.575,,5.8343,,0.736,
6/8/2025 14:45,16.512,,6.1342,,0.7112,
6/8/2025 15:00,16.512,,7.4616,,0.7012,
6/8/2025 15:15,16.45,,8.1798,,0.6982,
6/8/2025 15:30,16.45,,6.9984,,0.8092,
6/8/2025 15:45,16.325,,6.9194,,0.7672,
6/8/2025 16:00,16.262,,6.2983,,0.7671,
6/8/2025 16:15,16.137,,6.0262,,0.9045,
6/8/2025 16:30,16.012,,6.5326,,0.8092,
6/8/2025 16:45,15.95,,6.5807,,0.7984,
6/8/2025 17:00,15.825,,6.3287,,0.8322,
6/8/2025 17:15,15.7,,6.5941,,0.7704,
6/8/2025 17:30,15.637,,7.4689,,0.8057,
6/8/2025 17:45,15.512,,7.1376,,0.8911,
6/8/2025 18:00,15.387,,9.9593,,0.8915,
6/8/2025 18:15,15.325,,8.9061,,0.7884,
6/8/2025 18:30,15.2,,7.61,,0.8303,
6/8/2025 18:45,15.137,,6.9771,,0.9351,
6/8/2025 19:00,15.012,,9.9357,,0.8369,
6/8/2025 19:15,14.95,,13.6666,,0.9147,
6/8/2025 19:30,14.825,,16.6973,,0.2169,
6/8/2025 19:45,14.762,,22.1967,,0.1981,
6/8/2025 20:00,14.7,,13.5978,,0.918,
6/8/2025 20:15,14.637,,24.744,,0.2405,
6/8/2025 20:30,14.512,,13.2644,,0.9498,
6/8/2025 20:45,14.45,,9.7361,,1.0611,
6/8/2025 21:00,14.387,,9.6067,,1.0579,
6/8/2025 21:15,14.387,,20.5135,,1.0923,
6/8/2025 21:30,14.325,,14.6297,,1.0629,
6/8/2025 21:45,14.262,,16.8697,,1.0405,
6/8/2025 22:00,14.2,,11.3966,,1.1029,
6/8/2025 22:15,14.137,,8.7839,,1.1306,
6/8/2025 22:30,14.012,,9.5079,,1.0917,
6/8/2025 22:45,14.012,,27.5733,,1.1756,
6/8/2025 23:00,13.95,,23.7411,,1.0592,
6/8/2025 23:15,13.887,,35.6786,,0.3615,
6/8/2025 23:30,13.887,,36.6865,,0.3275,
6/8/2025 23:45,13.825,,26.9874,,0.3855,
6/9/2025 0:00,13.762,,17.825,,1.1546,
6/9/2025 0:15,13.762,,13.0183,,1.1479,
6/9/2025 0:30,13.7,,11.7907,,1.175,
6/9/2025 0:45,13.7,,18.3183,,1.0673,
6/9/2025 1:00,13.637,,14.6179,,1.1465,
6/9/2025 1:15,13.637,,13.3098,,1.1286,
6/9/2025 1:30,13.575,,11.3012,,1.0511,
6/9/2025 1:45,13.575,,8.1431,,1.1242,
6/9/2025 2:00,13.575,,7.2796,,1.0002,
6/9/2025 2:15,13.512,,6.7996,,1.0051,
6/9/2025 2:30,13.512,,6.3289,,1.103,
6/9/2025 2:45,13.45,,7.3105,,1.1737,
6/9/2025 3:00,13.45,,6.4105,,1.1098,
6/9/2025 3:15,13.45,,6.1569,,1.0051,
6/9/2025 3:30,13.45,,5.5621,,1.119,
6/9/2025 3:45,13.45,,6.1446,,0.9799,
6/9/2025 4:00,13.512,,6.9864,,1.068,
6/9/2025 4:15,13.512,,6.9826,,0.9654,
6/9/2025 4:30,13.575,,5.7842,,1.1004,
6/9/2025 4:45,13.575,,6.1328,,0.9959,
6/9/2025 5:00,13.637,,6.2969,,0.9713,
6/9/2025 5:15,13.637,,6.2151,,1.076,
6/9/2025 5:30,13.7,,6.1298,,1.0417,
6/9/2025 5:45,13.762,,6.0299,,1.0776,
6/9/2025 6:00,13.762,,6.0776,,1.0875,
6/9/2025 6:15,13.825,,5.9296,,1.0455,
6/9/2025 6:30,13.887,,5.933,,1.0355,
6/9/2025 6:45,13.95,,5.8403,,0.9757,
6/9/2025 7:00,14.012,,5.7958,,0.9625,
6/9/2025 7:15,14.075,,6.0395,,0.9663,
6/9/2025 7:30,14.2,,6.152,,0.9621,
6/9/2025 7:45,14.262,,6.2944,,1.1202,
6/9/2025 8:00,14.325,,5.7445,,1.0653,
6/9/2025 8:15,14.45,,5.9793,,0.9826,
6/9/2025 8:30,14.45,,6.7983,,0.9371,
6/9/2025 8:45,14.512,,6.9893,,0.9505,
6/9/2025 9:00,14.575,,6.2872,,0.9969,
6/9/2025 9:15,14.637,,6.0589,,0.9939,
6/9/2025 9:30,14.762,,6.2186,,0.8896,
6/9/2025 9:45,14.762,,5.5954,,0.8869,
6/9/2025 10:00,14.762,,6.1661,,0.9175,
6/9/2025 10:15,14.762,,6.8051,,0.936,
6/9/2025 10:30,14.825,,6.8565,,0.8992,
6/9/2025 10:45,14.825,,6.6054,,0.8828,
6/9/2025 11:00,14.762,,6.3661,,0.8449,
6/9/2025 11:15,14.762,,6.5293,,0.8501,
6/9/2025 11:30,14.7,,5.9081,,0.9632,
6/9/2025 11:45,14.637,,5.8379,,0.9306,
6/9/2025 12:00,14.637,,7.3074,,0.8639,
6/9/2025 12:15,14.575,,6.5141,,0.9891,
6/9/2025 12:30,14.512,,6.8233,,0.9601,
6/9/2025 12:45,14.512,,6.1416,,0.9882,
6/9/2025 13:00,14.45,,5.6905,,0.9868,
6/9/2025 13:15,14.387,,7.8638,,0.9251,
6/9/2025 13:30,14.325,,5.4222,,1.0681,
6/9/2025 13:45,14.262,,6.0212,,1.0418,
6/9/2025 14:00,14.262,,7.5241,,0.8992,
6/9/2025 14:15,14.2,,7.4553,,1.0406,
6/9/2025 14:30,14.137,,7.4208,,1.0347,
6/9/2025 14:45,14.075,,6.7967,,1.0593,
6/9/2025 15:00,14.012,,6.7328,,1.0852,
6/9/2025 15:15,13.95,,7.6938,,1.0562,
6/9/2025 15:30,13.95,,8.177,,1.0993,
6/9/2025 15:45,13.825,,15.5331,,1.1289,
6/9/2025 16:00,13.825,,20.1729,,1.0965,
6/9/2025 16:15,13.762,,14.1806,,1.1899,
6/9/2025 16:30,13.7,,11.8453,,1.0797,
6/9/2025 16:45,13.637,,12.2146,,1.1117,
6/9/2025 17:00,13.637,,17.7023,,1.0577,
6/9/2025 17:15,13.575,,15.0418,,1.0994,
6/9/2025 17:30,13.512,,10.7616,,1.1267,
6/9/2025 17:45,13.45,,8.5362,,1.1115,
6/9/2025 18:00,13.45,,9.1528,,1.0266,
6/9/2025 18:15,13.387,,9.4553,,1.097,
6/9/2025 18:30,13.387,,10.215,,1.0473,
6/9/2025 18:45,13.325,,9.4474,,1.0293,
6/9/2025 19:00,13.262,,19.071,,1.0985,
6/9/2025 19:15,13.262,,21.0899,,1.138,
6/9/2025 19:30,13.2,,17.997,,1.0856,
6/9/2025 19:45,13.2,,14.4849,,1.1389,
6/9/2025 20:00,13.137,,12.4582,,1.0996,
6/9/2025 20:15,13.137,,41.4064,,1.1554,
6/9/2025 20:30,13.137,,23.4776,,1.1408,
6/9/2025 20:45,13.137,,15.2776,,1.0488,
6/9/2025 21:00,13.075,,12.8125,,1.0772,
6/9/2025 21:15,13.075,,11.5679,,1.1684,
6/9/2025 21:30,13.012,,13.4545,,1.2995,
6/9/2025 21:45,13.012,,17.4686,,1.3581,
6/9/2025 22:00,13.012,,19.6856,,1.7224,
6/9/2025 22:15,12.95,,17.7594,,1.5977,
6/9/2025 22:30,12.95,,14.4238,,1.5259,
6/9/2025 22:45,12.95,,12.0818,,1.507,
6/9/2025 23:00,12.95,,9.8656,,1.2838,
6/9/2025 23:15,12.887,,10.1392,,1.3461,
6/9/2025 23:30,12.887,,18.6517,,1.2737,
6/9/2025 23:45,12.887,,10.6392,,1.1811,
6/10/2025 0:00,12.887,,15.0242,,1.2509,
6/10/2025 0:15,12.887,,13.5779,,1.277,
6/10/2025 0:30,12.887,,13.6331,,1.3057,
6/10/2025 0:45,12.887,,11.9682,,1.3041,
6/10/2025 1:00,12.825,,9.9555,,1.33,
6/10/2025 1:15,12.825,,7.8147,,1.2188,
6/10/2025 1:30,12.825,,7.9625,,1.2828,
6/10/2025 1:45,12.825,,6.8794,,1.1654,
6/10/2025 2:00,12.825,,7.7844,,1.029,
6/10/2025 2:15,12.762,,7.1246,,1.0887,
6/10/2025 2:30,12.762,,7.7477,,1.0214,
6/10/2025 2:45,12.762,,7.8423,,1.1234,
6/10/2025 3:00,12.762,,7.0296,,1.0128,
6/10/2025 3:15,12.762,,7.7485,,1.0888,
6/10/2025 3:30,12.762,,8.0371,,1.0491,
6/10/2025 3:45,12.762,,8.4117,,1.0758,
6/10/2025 4:00,12.762,,8.2106,,1.1284,
6/10/2025 4:15,12.762,,7.5373,,1.0473,
6/10/2025 4:30,12.762,,7.1924,,1.1212,
6/10/2025 4:45,12.762,,6.9769,,1.0508,
6/10/2025 5:00,12.762,,6.8183,,1.1466,
6/10/2025 5:15,12.825,,7.4111,,0.9654,
6/10/2025 5:30,12.825,,7.2349,,1.0523,
6/10/2025 5:45,12.887,,7.0868,,1.0461,
6/10/2025 6:00,12.95,,7.2145,,1.1504,
6/10/2025 6:15,13.075,,7.1292,,1.1346,
6/10/2025 6:30,13.137,,7.8107,,1.2064,
6/10/2025 6:45,13.137,,6.4354,,1.1971,
6/10/2025 7:00,13.2,,7.7508,,1.2691,
6/10/2025 7:15,13.262,,7.1323,,1.2566,
6/10/2025 7:30,13.262,,7.6452,,1.1385,
6/10/2025 7:45,13.325,,6.4831,,1.2875,
6/10/2025 8:00,13.325,,8.6189,,1.103,
6/10/2025 8:15,13.387,,10.0337,,1.1341,
6/10/2025 8:30,13.387,,9.5558,,1.1938,
6/10/2025 8:45,13.45,,7.9873,,1.0463,
6/10/2025 9:00,13.45,,6.8871,,1.1256,
6/10/2025 9:15,13.45,,7.3422,,1.0927,
6/10/2025 9:30,13.512,,10.8564,,1.075,
6/10/2025 9:45,13.575,,10.0297,,1.0684,
6/10/2025 10:00,13.575,,8.2643,,1.0709,
6/10/2025 10:15,13.575,,6.9693,,1.0287,
6/10/2025 10:30,13.575,,5.857,,1.0922,
6/10/2025 10:45,13.575,,6.8763,,1.0015,
6/10/2025 11:00,13.637,,6.0777,,1.009,
6/10/2025 11:15,13.7,,6.1587,,1.0407,
6/10/2025 11:30,13.7,,7.0349,,1.008,
6/10/2025 11:45,13.762,,6.654,,0.9636,
6/10/2025 12:00,13.762,,6.8503,,1.0006,
6/10/2025 12:15,13.825,,6.1208,,0.96,
6/10/2025 12:30,13.887,,6.3428,,1.0288,
6/10/2025 12:45,13.95,,6.2858,,0.9747,
6/10/2025 13:00,13.95,,5.6107,,0.9956,
6/10/2025 13:15,13.95,,6.3051,,1.019,
6/10/2025 13:30,13.95,,6.2562,,0.9706,
6/10/2025 13:45,13.95,,5.771,,0.9185,
6/10/2025 14:00,13.95,,6.1042,,0.9937,
6/10/2025 14:15,13.95,,5.7171,,0.9047,
6/10/2025 14:30,13.95,,6.1844,,0.9512,
6/10/2025 14:45,13.95,,5.7314,,0.9676,
6/10/2025 15:00,13.887,,5.7546,,0.9647,
6/10/2025 15:15,13.887,,6.5851,,0.9088,
6/10/2025 15:30,13.887,,5.7683,,1.0309,
6/10/2025 15:45,13.887,,6.8642,,0.9646,
6/10/2025 16:00,13.887,,6.473,,1.025,
6/10/2025 16:15,13.887,,5.7859,,1.0583,
6/10/2025 16:30,13.825,,5.688,,1.046,
6/10/2025 16:45,13.825,,5.9405,,0.9757,
6/10/2025 17:00,13.825,,7.5259,,1.0375,
6/10/2025 17:15,13.762,,8.6449,,1.0261,
6/10/2025 17:30,13.762,,6.9591,,1.0363,
6/10/2025 17:45,13.762,,6.7923,,1.0243,
6/10/2025 18:00,13.7,,6.8028,,1.0262,
6/10/2025 18:15,13.7,,6.5383,,1.114,
6/10/2025 18:30,13.7,,7.9667,,1.0772,
6/10/2025 18:45,13.637,,19.0234,,1.0963,
6/10/2025 19:00,13.637,,17.8442,,1.1327,
6/10/2025 19:15,13.637,,15.2896,,1.0671,
6/10/2025 19:30,13.575,,12.2511,,1.0238,
6/10/2025 19:45,13.575,,8.6545,,1.1688,
6/10/2025 20:00,13.575,,7.883,,1.0261,
6/10/2025 20:15,13.575,,9.2301,,0.9758,
6/10/2025 20:30,13.512,,8.1377,,1.0879,
6/10/2025 20:45,13.512,,10.4849,,1.0822,
6/10/2025 21:00,13.45,,12.7632,,1.1233,
6/10/2025 21:15,13.45,,16.1256,,1.0893,
6/10/2025 21:30,13.387,,17.0499,,1.1757,
6/10/2025 21:45,13.325,,14.7773,,1.1387,
6/10/2025 22:00,13.325,,13.8099,,1.0605,
6/10/2025 22:15,13.325,,14.5698,,0.9899,
6/10/2025 22:30,13.262,,16.3573,,0.975,
6/10/2025 22:45,13.262,,23.6479,,1.0056,
6/10/2025 23:00,13.262,,34.127,,0.3065,
6/10/2025 23:15,13.2,,32.9121,,0.2334,
6/10/2025 23:30,13.137,,29.0961,,1.0726,
6/10/2025 23:45,13.137,,23.9068,,1.0502,
6/11/2025 0:00,13.075,,20.0934,,1.0614,
6/11/2025 0:15,13.012,,15.3557,,1.1039,
6/11/2025 0:30,13.012,,12.0953,,0.9986,
6/11/2025 0:45,12.95,,11.5817,,0.9996,
6/11/2025 1:00,12.887,,11.4724,,0.9274,
6/11/2025 1:15,12.825,,9.6929,,0.9017,
6/11/2025 1:30,12.825,,7.7199,,0.8385,
6/11/2025 1:45,12.762,,6.8464,,0.9401,
6/11/2025 2:00,12.7,,6.583,,1.0398,
6/11/2025 2:15,12.7,,6.6499,,0.8536,
6/11/2025 2:30,12.637,,5.9522,,0.9499,
6/11/2025 2:45,12.637,,5.602,,1.0281,
6/11/2025 3:00,12.762,,5.9474,,0.9253,
6/11/2025 3:15,12.762,,6.2082,,0.8776,
6/11/2025 3:30,12.887,,6.7522,,1.0909,
6/11/2025 3:45,12.95,,7.2015,,1.0186,
6/11/2025 4:00,13.075,,7.7947,,0.9623,
6/11/2025 4:15,13.262,,6.8241,,0.9844,
6/11/2025 4:30,13.387,,5.858,,1.0511,
6/11/2025 4:45,13.512,,7.3807,,0.9369,
6/11/2025 5:00,13.637,,10.5705,,0.97,
6/11/2025 5:15,13.825,,10.7822,,1.0047,
6/11/2025 5:30,14.012,,8.7519,,1.0141,
6/11/2025 5:45,14.137,,7.0493,,1.033,
6/11/2025 6:00,14.387,,7.1034,,0.9504,
6/11/2025 6:15,14.575,,6.2451,,0.9342,
6/11/2025 6:30,14.7,,6.7873,,0.9168,
6/11/2025 6:45,14.887,,6.9629,,0.8186,
6/11/2025 7:00,15.012,,7.1456,,0.743,
6/11/2025 7:15,15.137,,7.1747,,0.6869,
6/11/2025 7:30,15.262,,7.401,,0.8586,
6/11/2025 7:45,15.387,,6.7732,,0.7919,
6/11/2025 8:00,15.512,,6.7988,,0.7671,
6/11/2025 8:15,15.637,,9.0434,,0.7363,
6/11/2025 8:30,15.7,,9.5996,,0.6953,
6/11/2025 8:45,15.887,,9.9814,,0.7014,
6/11/2025 9:00,16.012,,8.6628,,0.7231,
6/11/2025 9:15,16.137,,7.0288,,0.7667,
6/11/2025 9:30,16.2,,6.9717,,0.7985,
6/11/2025 9:45,16.262,,7.4026,,0.735,
6/11/2025 10:00,16.325,,11.3718,,0.8175,
6/11/2025 10:15,16.45,,10.9278,,0.7199,
6/11/2025 10:30,16.512,,10.2276,,0.8848,
6/11/2025 10:45,16.512,,8.31,,0.8221,
6/11/2025 11:00,16.575,,7.086,,0.8722,
6/11/2025 11:15,16.637,,6.0992,,0.8483,
6/11/2025 11:30,16.7,,6.3031,,0.8815,
6/11/2025 11:45,16.762,,6.0722,,0.8203,
6/11/2025 12:00,16.762,,6.2946,,0.729,
6/11/2025 12:15,16.762,,8.7894,,0.7676,
6/11/2025 12:30,16.825,,8.5651,,0.8098,
6/11/2025 12:45,16.825,,7.9993,,0.8482,
6/11/2025 13:00,16.825,,6.5965,,0.8453,
6/11/2025 13:15,16.887,,7.5729,,0.7473,
6/11/2025 13:30,16.825,,7.9875,,0.8575,
6/11/2025 13:45,16.825,,6.8093,,0.7163,
6/11/2025 14:00,16.887,,6.7991,,0.7458,
6/11/2025 14:15,16.825,,6.2643,,0.7955,
6/11/2025 14:30,16.887,,6.6375,,0.8723,
6/11/2025 14:45,16.887,,6.1718,,0.8836,
6/11/2025 15:00,16.887,,6.0619,,0.9395,
6/11/2025 15:15,16.887,,6.3658,,0.8664,
6/11/2025 15:30,16.825,,6.9575,,0.8195,
6/11/2025 15:45,16.825,,5.9806,,0.8958,
6/11/2025 16:00,16.762,,9.1762,,0.9072,
6/11/2025 16:15,16.637,,6.005,,0.9514,
6/11/2025 16:30,16.575,,6.3809,,0.9257,
6/11/2025 16:45,16.512,,6.4208,,0.9045,
6/11/2025 17:00,16.387,,6.7579,,0.9111,
6/11/2025 17:15,16.325,,7.0709,,0.9353,
6/11/2025 17:30,16.262,,6.1356,,0.9978,
6/11/2025 17:45,16.137,,6.6092,,1.0096,
6/11/2025 18:00,16.075,,6.6561,,0.8904,
6/11/2025 18:15,15.95,,6.8088,,0.9383,
6/11/2025 18:30,15.887,,6.0311,,1.0276,
6/11/2025 18:45,15.762,,6.5569,,0.9891,
6/11/2025 19:00,15.7,,6.0348,,0.9781,
6/11/2025 19:15,15.637,,7.2809,,1.0409,
6/11/2025 19:30,15.575,,8.3513,,0.9922,
6/11/2025 19:45,15.45,,12.3401,,0.9388,
6/11/2025 20:00,15.387,,16.858,,1.0677,
6/11/2025 20:15,15.325,,16.6831,,1.0642,
6/11/2025 20:30,15.2,,18.0482,,1.1516,
6/11/2025 20:45,15.137,,17.4852,,1.1118,
6/11/2025 21:00,15.012,,14.6963,,1.0994,
6/11/2025 21:15,14.887,,13.1518,,1.0906,
6/11/2025 21:30,14.825,,11.1231,,0.976,
6/11/2025 21:45,14.762,,10.0758,,1.1476,
6/11/2025 22:00,14.7,,9.2204,,1.1198,
6/11/2025 22:15,14.575,,9.6676,,1.1323,
6/11/2025 22:30,14.512,,10.7487,,1.1607,
6/11/2025 22:45,14.45,,29.8232,,1.2246,
6/11/2025 23:00,14.387,,18.7604,,1.1768,
6/11/2025 23:15,14.262,,16.988,,1.291,
6/11/2025 23:30,14.262,,32.351,,1.272,
6/11/2025 23:45,14.137,,21.4812,,1.2184,
6/12/2025 0:00,14.075,,13.6531,,1.1656,
6/12/2025 0:15,14.012,,10.0201,,1.1735,
6/12/2025 0:30,13.95,,10.237,,1.2118,
6/12/2025 0:45,13.95,,13.1263,,1.1649,
6/12/2025 1:00,13.825,,53.7222,,1.005,
6/12/2025 1:15,13.762,,18.5285,,1.1631,
6/12/2025 1:30,13.762,,19.3536,,1.1798,
6/12/2025 1:45,13.7,,16.8257,,1.2271,
6/12/2025 2:00,13.637,,14.3922,,1.2098,
6/12/2025 2:15,13.637,,10.4094,,1.2112,
6/12/2025 2:30,13.575,,9.524,,1.1923,
6/12/2025 2:45,13.637,,7.5279,,1.1742,
6/12/2025 3:00,13.7,,7.1097,,1.1453,
6/12/2025 3:15,13.762,,7.3255,,1.1228,
6/12/2025 3:30,13.825,,7.6395,,1.1732,
6/12/2025 3:45,13.95,,6.7112,,1.1078,
6/12/2025 4:00,14.075,,6.204,,1.0877,
6/12/2025 4:15,14.2,,6.6104,,1.1181,
6/12/2025 4:30,14.387,,7.4789,,1.102,
6/12/2025 4:45,14.512,,8.1112,,1.118,
6/12/2025 5:00,14.7,,9.0688,,1.101,
6/12/2025 5:15,14.887,,7.3816,,1.0921,
6/12/2025 5:30,15.075,,7.531,,1.0753,
6/12/2025 5:45,15.262,,7.1816,,0.9732,
6/12/2025 6:00,15.387,,7.7714,,0.8768,
6/12/2025 6:15,15.575,,8.5848,,0.9946,
6/12/2025 6:30,15.762,,9.0472,,0.8547,
6/12/2025 6:45,15.95,,7.9597,,0.9243,
6/12/2025 7:00,16.137,,7.0459,,0.803,
6/12/2025 7:15,16.262,,6.3509,,1.0092,
6/12/2025 7:30,16.387,,6.4353,,0.9397,
6/12/2025 7:45,16.512,,6.2553,,0.9435,
6/12/2025 8:00,16.637,,6.8033,,0.9427,
6/12/2025 8:15,16.762,,6.875,,0.9806,
6/12/2025 8:30,16.825,,6.5965,,1.0105,
6/12/2025 8:45,16.95,,7.0872,,1.0221,
6/12/2025 9:00,17.075,,6.2772,,0.9368,
6/12/2025 9:15,17.2,,6.4442,,0.8038,
6/12/2025 9:30,17.325,,6.832,,0.9587,
6/12/2025 9:45,17.387,,6.3871,,0.8843,
6/12/2025 10:00,17.45,,6.947,,0.8578,
6/12/2025 10:15,17.512,,6.2916,,0.8262,
6/12/2025 10:30,17.512,,7.154,,0.8317,
6/12/2025 10:45,17.575,,8.071,,0.8307,
6/12/2025 11:00,17.575,,8.0652,,0.9253,
6/12/2025 11:15,17.575,,7.3145,,0.8225,
6/12/2025 11:30,17.637,,8.7127,,0.8789,
6/12/2025 11:45,17.637,,9.2757,,0.8542,
6/12/2025 12:00,17.637,,9.1164,,0.8304,
6/12/2025 12:15,17.637,,9.5095,,0.8816,
6/12/2025 12:30,17.637,,8.8523,,0.838,
6/12/2025 12:45,17.637,,8.6745,,0.8229,
6/12/2025 13:00,17.7,,8.2562,,0.8522,
6/12/2025 13:15,17.637,,8.5572,,0.8922,
6/12/2025 13:30,17.637,,8.3557,,0.9896,
6/12/2025 13:45,17.575,,9.8104,,0.8585,
6/12/2025 14:00,17.575,,8.408,,0.9144,
6/12/2025 14:15,17.512,,9.0136,,0.9666,
6/12/2025 14:30,17.45,,8.2634,,0.9631,
6/12/2025 14:45,17.45,,8.8767,,0.9649,
6/12/2025 15:00,17.387,,7.4063,,0.954,
6/12/2025 15:15,17.387,,7.1698,,1.0399,
6/12/2025 15:30,17.387,,6.7695,,1.0499,
6/12/2025 15:45,17.325,,7.6233,,1.0709,
6/12/2025 16:00,17.262,,7.0314,,0.9752,
6/12/2025 16:15,17.137,,8.0037,,1.0312,
6/12/2025 16:30,17.137,,7.688,,1.0287,
6/12/2025 16:45,17.012,,6.8134,,1.1675,
6/12/2025 17:00,16.95,,6.8561,,1.0993,
6/12/2025 17:15,16.825,,6.7986,,1.1617,
6/12/2025 17:30,16.762,,17.6347,,1.153,
6/12/2025 17:45,16.7,,12.1129,,1.1938,
6/12/2025 18:00,16.575,,14.4463,,1.1703,
6/12/2025 18:15,16.512,,14.3872,,1.1705,
6/12/2025 18:30,16.45,,15.9873,,1.209,
6/12/2025 18:45,16.387,,18.1863,,1.3136,
6/12/2025 19:00,16.262,,18.9749,,1.1784,
6/12/2025 19:15,16.2,,17.4501,,1.304,
6/12/2025 19:30,16.075,,14.8593,,1.3782,
6/12/2025 19:45,16.012,,15.9014,,1.3589,
6/12/2025 20:00,15.887,,17.0618,,1.3347,
6/12/2025 20:15,15.825,,16.7054,,1.2724,
6/12/2025 20:30,15.7,,49.2171,,1.3924,
6/12/2025 20:45,15.637,,40.5192,,0.5241,
6/12/2025 21:00,15.512,,37.7338,,1.274,
6/12/2025 21:15,15.45,,38.2366,,0.496,
6/12/2025 21:30,15.325,,39.8056,,0.535,
6/12/2025 21:45,15.2,,33.4755,,0.5236,
6/12/2025 22:00,15.137,,41.1726,,0.4822,
6/12/2025 22:15,15.012,,32.2564,,1.4993,
6/12/2025 22:30,14.887,,30.8234,,1.3321,
6/12/2025 22:45,14.762,,27.3027,,1.4105,
6/12/2025 23:00,14.637,,20.9599,,1.4299,
6/12/2025 23:15,14.575,,17.4933,,1.3462,
6/12/2025 23:30,14.45,,13.1582,,1.2899,
6/12/2025 23:45,14.387,,12.1295,,1.3665,
6/13/2025 0:00,14.325,,11.5616,,1.3716,
6/13/2025 0:15,14.262,,9.8398,,1.3671,
6/13/2025 0:30,14.137,,11.5935,,1.3577,
6/13/2025 0:45,14.075,,9.1481,,1.4741,
6/13/2025 1:00,14.012,,9.6127,,1.4351,
6/13/2025 1:15,13.887,,8.6182,,1.3161,
6/13/2025 1:30,13.825,,7.9694,,1.2817,
6/13/2025 1:45,13.762,,7.1116,,1.4175,
6/13/2025 2:00,13.7,,7.3447,,1.3332,
6/13/2025 2:15,13.637,,7.1239,,1.3768,
6/13/2025 2:30,13.637,,7.0482,,1.3445,
6/13/2025 2:45,13.575,,7.4425,,1.4326,
6/13/2025 3:00,13.575,,6.8332,,1.2919,
6/13/2025 3:15,13.575,,7.0629,,1.4218,
6/13/2025 3:30,13.575,,6.9655,,1.4222,
6/13/2025 3:45,13.512,,7.9791,,1.4261,
6/13/2025 4:00,13.512,,6.7106,,1.3969,
6/13/2025 4:15,13.512,,8.1647,,1.4449,
6/13/2025 4:30,13.512,,7.4748,,1.32,
6/13/2025 4:45,13.512,,12.972,,1.4815,
6/13/2025 5:00,13.575,,9.9168,,1.5468,
6/13/2025 5:15,13.575,,9.508,,1.4909,
6/13/2025 5:30,13.637,,9.6392,,1.4255,
6/13/2025 5:45,13.637,,7.3698,,1.468,
6/13/2025 6:00,13.637,,8.2589,,1.4058,
6/13/2025 6:15,13.637,,7.2593,,1.3985,
6/13/2025 6:30,13.637,,6.5802,,1.3604,
6/13/2025 6:45,13.7,,6.8434,,1.3227,
6/13/2025 7:00,13.7,,6.3991,,1.3062,
6/13/2025 7:15,13.762,,7.2622,,1.2825,
6/13/2025 7:30,13.825,,7.6198,,1.2719,
6/13/2025 7:45,13.887,,6.6677,,1.349,
6/13/2025 8:00,13.825,,16.0303,,3.5803,
6/13/2025 8:15,13.825,,9.2314,,1.3384,
6/13/2025 8:30,13.825,,6.8033,,1.3482,
6/13/2025 8:45,13.762,,7.4993,,1.36,
6/13/2025 9:00,13.887,,7.0468,,1.37,
6/13/2025 9:15,13.95,,8.295,,1.3192,
6/13/2025 9:30,14.012,,7.7264,,1.2583,
6/13/2025 9:45,14.012,,7.2478,,1.3074,
6/13/2025 10:00,14.075,,6.9074,,1.3597,
6/13/2025 10:15,14.137,,6.2916,,1.2455,
6/13/2025 10:30,14.2,,7.2417,,1.3008,
6/13/2025 10:45,14.387,,6.8782,,1.2741,
6/13/2025 11:00,14.45,,6.1477,,1.278,
6/13/2025 11:15,14.387,,6.2384,,1.3315,
6/13/2025 11:30,14.387,,8.0441,,1.3159,
6/13/2025 11:45,14.387,,6.2051,,1.2824,
6/13/2025 12:00,14.45,,6.2154,,1.3299,
6/13/2025 12:15,14.575,,6.2282,,1.3356,
6/13/2025 12:30,14.637,,6.2355,,1.2694,
6/13/2025 12:45,14.637,,5.86,,1.2783,
6/13/2025 13:00,14.637,,6.449,,1.211,
6/13/2025 13:15,14.637,,6.5306,,1.2268,
6/13/2025 13:30,14.637,,5.7544,,1.2397,
6/13/2025 13:45,14.637,,6.508,,1.2495,
6/13/2025 14:00,14.637,,6.3514,,1.2595,
6/13/2025 14:15,14.637,,6.289,,1.2982,
6/13/2025 14:30,14.637,,19.9016,,1.2891,
6/13/2025 14:45,14.637,,6.3936,,1.3159,
6/13/2025 15:00,14.637,,6.5434,,1.3631,
6/13/2025 15:15,14.575,,5.8533,,1.3135,
6/13/2025 15:30,14.575,,5.6685,,1.2669,
6/13/2025 15:45,14.512,,8.946,,1.4264,
6/13/2025 16:00,14.512,,7.3819,,1.3651,
6/13/2025 16:15,14.45,,6.2996,,1.2886,
6/13/2025 16:30,14.387,,11.5587,,1.2953,
6/13/2025 16:45,14.387,,6.7669,,1.3026,
6/13/2025 17:00,14.325,,14.5564,,1.427,
6/13/2025 17:15,14.262,,8.2332,,1.366,
6/13/2025 17:30,14.2,,6.9351,,1.319,
6/13/2025 17:45,14.137,,6.6253,,1.5282,
6/13/2025 18:00,14.075,,6.3342,,1.5473,
6/13/2025 18:15,14.012,,5.9229,,1.6593,
6/13/2025 18:30,13.95,,7.5118,,1.7101,
6/13/2025 18:45,13.887,,6.3395,,1.5232,
6/13/2025 19:00,13.825,,16.3667,,1.5829,
6/13/2025 19:15,13.762,,14.2417,,1.6009,
6/13/2025 19:30,13.762,,17.5942,,1.4691,
6/13/2025 19:45,13.7,,12.6674,,1.4807,
6/13/2025 20:00,13.637,,10.8023,,1.4708,
6/13/2025 20:15,13.575,,8.6717,,1.43,
6/13/2025 20:30,13.575,,7.9375,,1.4709,
6/13/2025 20:45,13.512,,7.0437,,1.3657,
6/13/2025 21:00,13.45,,6.2678,,1.5126,
6/13/2025 21:15,13.387,,6.5989,,1.4389,
6/13/2025 21:30,13.325,,6.387,,1.3386,
6/13/2025 21:45,13.325,,29.8881,,1.3319,
6/13/2025 22:00,13.262,,12.8267,,1.3492,
6/13/2025 22:15,13.2,,8.419,,1.4335,
6/13/2025 22:30,13.2,,6.5663,,1.3435,
6/13/2025 22:45,13.137,,7.7101,,1.3457,
6/13/2025 23:00,13.075,,8.8874,,1.4186,
6/13/2025 23:15,13.075,,7.0447,,1.4888,
6/13/2025 23:30,13.012,,7.334,,1.4038,
6/13/2025 23:45,13.012,,7.152,,1.5414,
6/14/2025 0:00,13.012,,7.8894,,1.4745,
6/14/2025 0:15,12.95,,8.1945,,1.4629,
6/14/2025 0:30,12.95,,7.7689,,1.5623,
6/14/2025 0:45,12.887,,8.8269,,1.3476,
6/14/2025 1:00,12.887,,9.3426,,1.3826,
6/14/2025 1:15,12.825,,8.9719,,1.3831,
6/14/2025 1:30,12.825,,11.2478,,1.4716,
6/14/2025 1:45,12.762,,10.6163,,1.3412,
6/14/2025 2:00,12.762,,13.8738,,1.4344,
6/14/2025 2:15,12.7,,11.8617,,1.4074,
6/14/2025 2:30,12.7,,9.3701,,1.4481,
6/14/2025 2:45,12.7,,8.4254,,1.4648,
6/14/2025 3:00,12.637,,9.7949,,1.4709,
6/14/2025 3:15,12.637,,8.9727,,1.4324,
6/14/2025 3:30,12.637,,8.3521,,1.4511,
6/14/2025 3:45,12.637,,8.9889,,1.375,
6/14/2025 4:00,12.637,,9.2623,,1.3759,
6/14/2025 4:15,12.575,,9.1158,,1.5407,
6/14/2025 4:30,12.575,,9.7739,,1.3617,
6/14/2025 4:45,12.575,,10.6633,,1.3742,
6/14/2025 5:00,12.575,,19.8435,,1.4473,
6/14/2025 5:15,12.575,,11.7903,,1.5226,
6/14/2025 5:30,12.512,,12.6684,,1.6975,
6/14/2025 5:45,12.512,,14.1824,,2.104,
6/14/2025 6:00,12.512,,13.6956,,2.169,
6/14/2025 6:15,12.512,,14.3158,,2.3103,
6/14/2025 6:30,12.512,,13.5675,,2.2783,
6/14/2025 6:45,12.512,,13.5805,,2.2872,
6/14/2025 7:00,12.575,,12.9521,,2.288,
6/14/2025 7:15,12.575,,12.6768,,2.2314,
6/14/2025 7:30,12.637,,12.0697,,1.9538,
6/14/2025 7:45,12.637,,12.1227,,1.8437,
6/14/2025 8:00,12.7,,11.7108,,1.7607,
6/14/2025 8:15,12.7,,11.3131,,1.7218,
6/14/2025 8:30,12.7,,9.7296,,1.5881,
6/14/2025 8:45,12.762,,9.1562,,1.5393,
6/14/2025 9:00,12.762,,9.6503,,1.3591,
6/14/2025 9:15,12.825,,8.5784,,1.3887,
6/14/2025 9:30,12.887,,8.8647,,1.2963,
6/14/2025 9:45,12.95,,8.7807,,1.1859,
6/14/2025 10:00,13.012,,8.4182,,1.1925,
6/14/2025 10:15,13.137,,7.8159,,1.2105,
6/14/2025 10:30,13.262,,8.2616,,1.1585,
6/14/2025 10:45,13.262,,7.5977,,1.1595,
6/14/2025 11:00,13.387,,7.578,,1.0863,
6/14/2025 11:15,13.45,,7.2381,,1.0522,
6/14/2025 11:30,13.512,,8.1304,,0.9755,
6/14/2025 11:45,13.637,,10.5982,,1.0391,
6/14/2025 12:00,13.637,,9.0447,,0.9767,
6/14/2025 12:15,13.637,,9.0686,,1.0157,
6/14/2025 12:30,13.7,,7.3445,,0.9623,
6/14/2025 12:45,13.7,,7.3883,,1.0473,
6/14/2025 13:00,13.762,,7.8781,,1.0228,
6/14/2025 13:15,13.762,,7.139,,1.1467,
6/14/2025 13:30,13.762,,6.1003,,1.1006,
6/14/2025 13:45,13.825,,6.087,,1.0126,
6/14/2025 14:00,13.825,,5.6587,,1.0842,
6/14/2025 14:15,13.825,,5.7802,,1.0986,
6/14/2025 14:30,13.825,,6.2688,,0.9492,
6/14/2025 14:45,13.825,,5.6795,,0.9862,
6/14/2025 15:00,13.825,,6.1938,,1.0041,
6/14/2025 15:15,13.825,,5.8627,,1.009,
6/14/2025 15:30,13.762,,5.8471,,1.0155,
6/14/2025 15:45,13.7,,5.5466,,1.0261,
6/14/2025 16:00,13.637,,5.6512,,0.9947,
6/14/2025 16:15,13.637,,6.2914,,0.9885,
6/14/2025 16:30,13.575,,5.5976,,1.0538,
6/14/2025 16:45,13.575,,7.2038,,1.0452,
6/14/2025 17:00,13.512,,6.6245,,1.0529,
6/14/2025 17:15,13.45,,6.8827,,1.0841,
6/14/2025 17:30,13.387,,6.7042,,1.0086,
6/14/2025 17:45,13.387,,7.1426,,1.0166,
6/14/2025 18:00,13.325,,6.7285,,0.9491,
6/14/2025 18:15,13.325,,7.083,,1.0386,
6/14/2025 18:30,13.262,,6.9696,,1.0414,
6/14/2025 18:45,13.2,,7.2973,,1.0287,
6/14/2025 19:00,13.2,,9.1183,,1.0895,
6/14/2025 19:15,13.137,,10.4254,,1.0724,
6/14/2025 19:30,13.075,,9.3099,,1.0404,
6/14/2025 19:45,13.012,,16.2643,,1.0784,
6/14/2025 20:00,13.012,,10.1087,,1.0307,
6/14/2025 20:15,12.95,,6.9417,,1.0839,
6/14/2025 20:30,12.887,,7.0398,,1.0707,
6/14/2025 20:45,12.825,,6.4968,,1.1164,
6/14/2025 21:00,12.762,,8.3104,,1.1528,
6/14/2025 21:15,12.7,,13.4485,,1.0707,
6/14/2025 21:30,12.637,,21.596,,1.0904,
6/14/2025 21:45,12.637,,25.9262,,0.439,
6/14/2025 22:00,12.575,,22.6055,,1.1827,
6/14/2025 22:15,12.512,,16.5224,,1.1012,
6/14/2025 22:30,12.45,,12.7529,,1.1102,
6/14/2025 22:45,12.387,,9.3243,,1.105,
6/14/2025 23:00,12.325,,8.0741,,1.0868,
6/14/2025 23:15,12.325,,8.2757,,1.1678,
6/14/2025 23:30,12.262,,9.0682,,1.0731,
6/14/2025 23:45,12.2,,8.6937,,1.1512,
6/15/2025 0:00,12.2,,8.7215,,1.1177,
6/15/2025 0:15,12.137,,9.0012,,1.0839,
6/15/2025 0:30,12.075,,8.4343,,1.1678,
6/15/2025 0:45,12.012,,9.525,,1.0902,
6/15/2025 1:00,12.012,,13.1748,,1.2029,
6/15/2025 1:15,11.95,,10.7429,,1.2409,
6/15/2025 1:30,11.887,,10.6254,,1.2189,
6/15/2025 1:45,11.887,,9.7551,,1.1207,
6/15/2025 2:00,11.825,,8.7571,,1.2008,
6/15/2025 2:15,11.825,,8.8338,,1.1483,
6/15/2025 2:30,11.825,,8.3591,,1.1101,
6/15/2025 2:45,11.825,,8.7058,,1.1259,
6/15/2025 3:00,11.887,,9.321,,1.201,
6/15/2025 3:15,11.887,,8.3845,,1.2262,
6/15/2025 3:30,11.95,,7.1075,,1.2262,
6/15/2025 3:45,12.075,,8.3941,,1.211,
6/15/2025 4:00,12.2,,7.1669,,1.1913,
6/15/2025 4:15,12.387,,6.9451,,1.1801,
6/15/2025 4:30,12.575,,6.2582,,1.2866,
6/15/2025 4:45,12.7,,6.7622,,1.1894,
6/15/2025 5:00,12.887,,6.524,,1.3176,
6/15/2025 5:15,13.075,,6.1473,,1.3295,
6/15/2025 5:30,13.262,,6.2366,,1.3387,
6/15/2025 5:45,13.387,,5.4601,,1.3435,
6/15/2025 6:00,13.575,,6.0905,,1.2143,
6/15/2025 6:15,13.762,,6.6095,,1.2514,
6/15/2025 6:30,13.825,,5.9996,,1.2145,
6/15/2025 6:45,13.887,,5.8944,,1.1943,
6/15/2025 7:00,13.825,,5.9671,,1.0458,
6/15/2025 7:15,14.012,,5.9078,,1.1208,
6/15/2025 7:30,14.075,,7.0821,,1.1136,
6/15/2025 7:45,14.2,,6.6953,,1.0736,
6/15/2025 8:00,14.262,,6.9078,,1.0824,
6/15/2025 8:15,14.262,,6.8107,,1.0896,
6/15/2025 8:30,14.387,,6.5917,,1.0028,
6/15/2025 8:45,14.575,,6.4586,,1.0585,
6/15/2025 9:00,14.7,,6.9298,,0.9908,
6/15/2025 9:15,14.825,,5.4338,,1.0285,
6/15/2025 9:30,14.887,,6.4711,,0.9489,
6/15/2025 9:45,15.012,,4.8868,,0.9639,
6/15/2025 10:00,15.012,,5.9942,,0.9686,
6/15/2025 10:15,15.075,,6.4188,,0.989,
6/15/2025 10:30,15.075,,6.3745,,0.9526,
6/15/2025 10:45,15.075,,5.9657,,0.9011,
6/15/2025 11:00,15.075,,6.1202,,0.9543,
6/15/2025 11:15,15.075,,5.9474,,0.9409,
6/15/2025 11:30,15.075,,6.5238,,0.9383,
6/15/2025 11:45,15.137,,6.8614,,0.9457,
6/15/2025 12:00,15.075,,6.0141,,1.0175,
6/15/2025 12:15,15.137,,7.2283,,1.0312,
6/15/2025 12:30,15.075,,6.6348,,1.0619,
6/15/2025 12:45,15.075,,7.0696,,1.0036,
6/15/2025 13:00,15.012,,6.9662,,1.0168,
6/15/2025 13:15,15.012,,7.0743,,1.0375,
6/15/2025 13:30,15.012,,7.0426,,1.0241,
6/15/2025 13:45,15.012,,6.0719,,1.0603,
6/15/2025 14:00,14.95,,7.5743,,0.9583,
6/15/2025 14:15,14.887,,6.7431,,1.0114,
6/15/2025 14:30,14.887,,7.2486,,1.0223,
6/15/2025 14:45,14.825,,7.439,,1.1041,
6/15/2025 15:00,14.825,,6.9198,,1.068,
6/15/2025 15:15,14.762,,6.6243,,1.1144,
6/15/2025 15:30,14.7,,6.3619,,1.048,
6/15/2025 15:45,14.7,,6.1407,,1.1064,
6/15/2025 16:00,14.637,,5.8429,,1.1643,
6/15/2025 16:15,14.512,,6.7725,,1.0679,
6/15/2025 16:30,14.45,,6.0992,,1.2393,
6/15/2025 16:45,14.387,,6.795,,1.1118,
6/15/2025 17:00,14.325,,6.3475,,1.1855,
6/15/2025 17:15,14.262,,6.7134,,1.2092,
6/15/2025 17:30,14.262,,6.7262,,1.0949,
6/15/2025 17:45,14.2,,6.1869,,1.2752,
6/15/2025 18:00,14.137,,7.8375,,1.2349,
6/15/2025 18:15,14.075,,22.1694,,1.3188,
6/15/2025 18:30,14.012,,23.0588,,1.3151,
6/15/2025 18:45,13.95,,15.6412,,1.319,
6/15/2025 19:00,13.825,,10.5726,,1.3372,
6/15/2025 19:15,13.825,,16.1712,,1.2269,
6/15/2025 19:30,13.7,,11.9653,,1.1757,
6/15/2025 19:45,13.7,,12.6294,,1.3038,
6/15/2025 20:00,13.637,,12.1837,,1.3084,
6/15/2025 20:15,13.575,,10.3753,,1.2664,
6/15/2025 20:30,13.512,,9.8511,,1.2367,
6/15/2025 20:45,13.45,,8.7221,,1.3501,
6/15/2025 21:00,13.387,,9.5628,,1.2222,
6/15/2025 21:15,13.325,,10.8081,,1.3964,
6/15/2025 21:30,13.262,,13.1132,,1.4577,
6/15/2025 21:45,13.262,,29.0266,,1.2808,
6/15/2025 22:00,13.2,,20.8422,,1.2923,
6/15/2025 22:15,13.137,,21.1719,,1.4127,
6/15/2025 22:30,13.075,,21.0748,,1.3099,
6/15/2025 22:45,13.012,,19.1119,,1.2721,
6/15/2025 23:00,12.95,,19.8303,,1.3041,
6/15/2025 23:15,12.887,,24.4668,,1.3514,
6/15/2025 23:30,12.825,,23.9189,,1.3373,
6/15/2025 23:45,12.762,,25.7433,,1.2967,
6/16/2025 0:00,12.7,,21.2747,,1.2772,
6/16/2025 0:15,12.637,,20.5547,,1.2394,
6/16/2025 0:30,12.575,,13.6115,,1.3359,
6/16/2025 0:45,12.512,,11.8156,,1.2869,
6/16/2025 1:00,12.512,,11.8974,,1.3564,
6/16/2025 1:15,12.45,,9.9621,,1.3174,
6/16/2025 1:30,12.387,,9.8589,,1.1996,
6/16/2025 1:45,12.325,,8.2324,,1.2434,
6/16/2025 2:00,12.325,,9.1683,,1.2168,
6/16/2025 2:15,12.325,,7.6039,,1.2438,
6/16/2025 2:30,12.325,,7.6987,,1.2458,
6/16/2025 2:45,12.325,,7.8176,,1.3176,
6/16/2025 3:00,12.325,,6.9808,,1.1569,
6/16/2025 3:15,12.325,,6.9516,,1.1806,
6/16/2025 3:30,12.387,,6.7573,,1.2481,
6/16/2025 3:45,12.387,,6.3108,,1.3476,
6/16/2025 4:00,12.45,,8.1118,,1.2012,
6/16/2025 4:15,12.575,,9.854,,1.2712,
6/16/2025 4:30,12.7,,10.4229,,1.257,
6/16/2025 4:45,12.825,,9.373,,1.276,
6/16/2025 5:00,13.075,,9.2462,,1.3725,
6/16/2025 5:15,13.325,,10.4297,,1.1898,
6/16/2025 5:30,13.512,,10.7132,,1.3325,
6/16/2025 5:45,13.762,,9.6167,,1.1945,
6/16/2025 6:00,14.012,,8.6461,,1.3205,
6/16/2025 6:15,14.137,,7.822,,1.2193,
6/16/2025 6:30,14.325,,7.5564,,1.2353,
6/16/2025 6:45,14.45,,7.1515,,1.2966,
6/16/2025 7:00,14.575,,7.2236,,1.2678,
6/16/2025 7:15,14.7,,7.2928,,1.1965,
6/16/2025 7:30,14.762,,6.523,,1.249,
6/16/2025 7:45,14.887,,6.8614,,1.2467,
6/16/2025 8:00,14.95,,6.261,,1.046,
6/16/2025 8:15,15.012,,6.5012,,1.1942,
6/16/2025 8:30,15.137,,5.9005,,1.1825,
6/16/2025 8:45,15.2,,7.6385,,1.2201,
6/16/2025 9:00,15.325,,7.0078,,1.1444,
6/16/2025 9:15,15.387,,7.4507,,1.0955,
6/16/2025 9:30,15.45,,6.6838,,1.0928,
6/16/2025 9:45,15.575,,6.7591,,1.1701,
6/16/2025 10:00,15.637,,6.9465,,1.0315,
6/16/2025 10:15,15.637,,6.9819,,1.0714,
6/16/2025 10:30,15.7,,6.3626,,1.0854,
6/16/2025 10:45,15.7,,5.6989,,1.165,
6/16/2025 11:00,15.762,,6.594,,1.0543,
6/16/2025 11:15,15.7,,6.3697,,1.0209,
6/16/2025 11:30,15.7,,5.7934,,1.1685,
6/16/2025 11:45,15.7,,7.194,,1.1138,
6/16/2025 12:00,15.7,,6.9911,,1.0799,
6/16/2025 12:15,15.7,,6.7008,,1.067,
6/16/2025 12:30,15.7,,6.065,,1.1257,
6/16/2025 12:45,15.7,,6.3763,,1.0598,
6/16/2025 13:00,15.7,,6.197,,1.0979,
6/16/2025 13:15,15.7,,6.2772,,1.1629,
6/16/2025 13:30,15.7,,6.3099,,1.1177,
6/16/2025 13:45,15.637,,6.0033,,1.1648,
6/16/2025 14:00,15.575,,7.6671,,1.0748,
6/16/2025 14:15,15.512,,6.6193,,1.1499,
6/16/2025 14:30,15.45,,6.8425,,1.1023,
6/16/2025 14:45,15.45,,6.2233,,1.1592,
6/16/2025 15:00,15.387,,7.1993,,1.1623,
6/16/2025 15:15,15.387,,6.4223,,1.1096,
6/16/2025 15:30,15.325,,6.5167,,1.1738,
6/16/2025 15:45,15.262,,6.5543,,1.1554,
6/16/2025 16:00,15.2,,6.8247,,1.1623,
6/16/2025 16:15,15.137,,7.0662,,1.2336,
6/16/2025 16:30,15.075,,6.3567,,1.257,
6/16/2025 16:45,14.95,,7.0897,,1.2293,
6/16/2025 17:00,14.887,,8.1039,,1.2051,
6/16/2025 17:15,14.825,,9.7051,,1.2246,
6/16/2025 17:30,14.7,,11.2757,,1.2642,
6/16/2025 17:45,14.637,,11.7992,,1.2194,
6/16/2025 18:00,14.575,,12.9968,,1.2613,
6/16/2025 18:15,14.512,,9.9674,,1.395,
6/16/2025 18:30,14.512,,11.1637,,1.3031,
6/16/2025 18:45,14.45,,10.1387,,1.3202,
6/16/2025 19:00,14.387,,8.8337,,1.3361,
6/16/2025 19:15,14.325,,8.2205,,1.3069,
6/16/2025 19:30,14.262,,6.8489,,1.4002,
6/16/2025 19:45,14.262,,6.0025,,1.5262,
6/16/2025 20:00,14.2,,8.5163,,1.3294,
6/16/2025 20:15,14.2,,9.2462,,1.488,
6/16/2025 20:30,14.137,,10.3329,,1.3898,
6/16/2025 20:45,14.137,,14.7147,,1.4483,
6/16/2025 21:00,14.075,,15.4354,,1.4757,
6/16/2025 21:15,14.012,,13.6362,,1.4027,
6/16/2025 21:30,14.012,,11.7811,,1.4485,
6/16/2025 21:45,13.95,,10.4882,,1.4002,
6/16/2025 22:00,13.887,,10.2287,,1.4817,
6/16/2025 22:15,13.887,,10.2519,,1.4376,
6/16/2025 22:30,13.825,,13.7065,,1.3951,
6/16/2025 22:45,13.825,,14.1822,,1.453,
6/16/2025 23:00,13.762,,17.2658,,1.488,
6/16/2025 23:15,13.762,,35.1739,,1.4147,
6/16/2025 23:30,13.762,,21.3895,,1.4393,
6/16/2025 23:45,13.7,,23.9665,,1.4288,
6/17/2025 0:00,13.7,,24.9304,,1.4565,
6/17/2025 0:15,13.7,,23.1657,,1.5774,
6/17/2025 0:30,13.7,,20.6728,,1.4504,
6/17/2025 0:45,13.637,,16.9478,,1.5476,
6/17/2025 1:00,13.637,,15.4066,,1.5104,
6/17/2025 1:15,13.637,,13.3729,,1.529,
6/17/2025 1:30,13.637,,12.9503,,1.4108,
6/17/2025 1:45,13.637,,11.0197,,1.368,
6/17/2025 2:00,13.637,,10.225,,1.4164,
6/17/2025 2:15,13.637,,9.4686,,1.3743,
6/17/2025 2:30,13.637,,9.1558,,1.4213,
6/17/2025 2:45,13.637,,9.2603,,1.3862,
6/17/2025 3:00,13.7,,9.968,,1.2648,
6/17/2025 3:15,13.7,,8.0634,,1.3604,
6/17/2025 3:30,13.7,,8.2842,,1.3661,
6/17/2025 3:45,13.762,,7.7716,,1.2991,
6/17/2025 4:00,13.762,,7.7401,,1.3242,
6/17/2025 4:15,13.762,,7.1911,,1.3407,
6/17/2025 4:30,13.825,,7.8071,,1.3838,
6/17/2025 4:45,13.825,,8.2092,,1.417,
6/17/2025 5:00,13.887,,7.7948,,1.3327,
6/17/2025 5:15,13.95,,7.0164,,1.2824,
6/17/2025 5:30,14.012,,6.4947,,1.3897,
6/17/2025 5:45,14.075,,7.1289,,1.2902,
6/17/2025 6:00,14.2,,6.3921,,1.3225,
6/17/2025 6:15,14.262,,6.362,,1.4285,
6/17/2025 6:30,14.387,,6.0461,,1.3568,
6/17/2025 6:45,14.512,,7.1204,,1.2184,
6/17/2025 7:00,14.637,,5.6438,,1.3097,
6/17/2025 7:15,14.7,,7.8144,,1.2642,
6/17/2025 7:30,14.762,,6.1906,,1.2576,
6/17/2025 7:45,14.825,,7.6535,,1.262,
6/17/2025 8:00,14.887,,7.2473,,1.2388,
6/17/2025 8:15,14.95,,6.0281,,1.2097,
6/17/2025 8:30,15.012,,6.371,,1.2289,
6/17/2025 8:45,15.075,,6.6829,,1.0967,
6/17/2025 9:00,15.2,,6.6075,,1.1264,
6/17/2025 9:15,15.262,,6.4464,,1.2077,
6/17/2025 9:30,15.387,,6.4722,,1.1423,
6/17/2025 9:45,15.45,,5.834,,1.0999,
6/17/2025 10:00,15.575,,6.1567,,1.1303,
