Timestamp,Temperature,Flags Temperature,Turbidity,Flags Turbidity,no3.mgl,Flags NO3eq
5/2/2025 11:45,12.325,,0.8095,,1.2727,
5/2/2025 12:00,12.512,,0.1441,,1.3077,
5/2/2025 12:15,12.7,,0.4113,,1.3096,
5/2/2025 12:30,12.825,,0.8242,,1.3127,
5/2/2025 12:45,12.825,,0.5687,,1.2741,
5/2/2025 13:00,12.887,,0.5585,,1.331,
5/2/2025 13:15,12.887,,0.5329,,1.2508,
5/2/2025 13:30,12.825,,0.6508,,1.2084,
5/2/2025 13:45,12.762,,0,,1.2943,
5/2/2025 14:00,12.7,,0.3051,,1.3776,
5/2/2025 14:15,12.575,,0.6687,,1.3931,
5/2/2025 14:30,12.512,,0.1696,,1.3308,
5/2/2025 14:45,12.45,,0.6678,,1.2284,
5/2/2025 15:00,12.387,,0.3585,,1.4096,
5/2/2025 15:15,12.325,,0.673,,1.3195,
5/2/2025 15:30,12.262,,0.5954,,1.2523,
5/2/2025 15:45,12.2,,0.3371,,1.3608,
5/2/2025 16:00,12.137,,0.1622,,1.4264,
5/2/2025 16:15,12.075,,0.483,,1.3936,
5/2/2025 16:30,11.95,,0.6579,,1.4191,
5/2/2025 16:45,11.825,,1.1995,,1.3404,
5/2/2025 17:00,11.825,,0.7802,,1.3957,
5/2/2025 17:15,11.7,,0.8535,,1.4659,
5/2/2025 17:30,11.637,,1.765,,1.3724,
5/2/2025 17:45,11.575,,2.3095,,1.5351,
5/2/2025 18:00,11.512,,1.3229,,1.4958,
5/2/2025 18:15,11.45,,0.8618,,1.5836,
5/2/2025 18:30,11.387,,0.9661,,1.5269,
5/2/2025 18:45,11.325,,10.801,,1.4727,
5/2/2025 19:00,11.262,,19.0479,,1.7245,
5/2/2025 19:15,11.137,,17.2877,,1.8755,
5/2/2025 19:30,11.075,,12.0242,,1.8366,
5/2/2025 19:45,11.262,,9.5449,,2.1565,
5/2/2025 20:00,11.325,,6.2211,,2.2915,
5/2/2025 20:15,11.262,,5.2384,,2.2335,
5/2/2025 20:30,11.325,,3.3953,,2.174,
5/2/2025 20:45,11.262,,3.3444,,2.1706,
5/2/2025 21:00,11.262,,3.1606,,2.1221,
5/2/2025 21:15,11.137,,3.3606,,2.1131,
5/2/2025 21:30,11.075,,2.6409,,2.1612,
5/2/2025 21:45,10.95,,2.2879,,1.8953,
5/2/2025 22:00,10.825,,2.1845,,1.9511,
5/2/2025 22:15,10.7,,1.5383,,1.9032,
5/2/2025 22:30,10.637,,1.2366,,1.8439,
5/2/2025 22:45,10.637,,1.4254,,1.7566,
5/2/2025 23:00,10.575,,1.3191,,1.8079,
5/2/2025 23:15,10.575,,1.4722,,1.9016,
5/2/2025 23:30,10.575,,2.2667,,1.8249,
5/2/2025 23:45,10.575,,0.8734,,1.9255,
5/3/2025 0:00,10.575,,0.4378,,1.9133,
5/3/2025 0:15,10.512,,1.1278,,1.8088,
5/3/2025 0:30,10.512,,2.1279,,1.7373,
5/3/2025 0:45,10.45,,2.3632,,1.7284,
5/3/2025 1:00,10.45,,1.6454,,1.7949,
5/3/2025 1:15,10.387,,1.9682,,1.7201,
5/3/2025 1:30,10.387,,2.077,,1.7348,
5/3/2025 1:45,10.325,,1.3864,,1.7469,
5/3/2025 2:00,10.325,,2.2246,,1.7702,
5/3/2025 2:15,10.325,,0.8902,,1.7371,
5/3/2025 2:30,10.262,,1.0898,,1.6822,
5/3/2025 2:45,10.262,,0.2062,,1.7821,
5/3/2025 3:00,10.262,,0.2361,,1.6514,
5/3/2025 3:15,10.262,,1.1668,,1.5158,
5/3/2025 3:30,10.325,,0.6313,,1.5649,
5/3/2025 3:45,10.325,,0.5603,,1.6243,
5/3/2025 4:00,10.387,,0.1715,,1.6534,
5/3/2025 4:15,10.45,,0.2407,,1.5837,
5/3/2025 4:30,10.512,,1.1056,,1.4612,
5/3/2025 4:45,10.7,,0.0519,,1.508,
5/3/2025 5:00,10.825,,0.384,,1.4255,
5/3/2025 5:15,11.012,,0.5351,,1.3185,
5/3/2025 5:30,11.262,,0.8379,,1.4473,
5/3/2025 5:45,11.45,,1.4122,,1.369,
5/3/2025 6:00,11.637,,0.91,,1.3408,
5/3/2025 6:15,11.95,,1.0472,,1.3419,
5/3/2025 6:30,12.262,,0.2443,,1.3087,
5/3/2025 6:45,12.575,,0.5805,,1.3796,
5/3/2025 7:00,13.012,,0.4101,,1.1881,
5/3/2025 7:15,13.325,,1.5104,,1.3517,
5/3/2025 7:30,13.825,,1.953,,1.3108,
5/3/2025 7:45,14.325,,1.012,,1.4148,
5/3/2025 8:00,14.762,,1.2895,,1.3164,
5/3/2025 8:15,15.2,,0.4967,,1.3834,
5/3/2025 8:30,15.512,,1.0597,,0.4241,
5/3/2025 8:45,15.7,,0.137,,0.5543,
5/3/2025 9:00,15.95,,0,,0.3887,
5/3/2025 9:15,16.325,,1.1505,,0.4778,
5/3/2025 9:30,16.45,,0,,1.2544,
5/3/2025 9:45,16.387,,0.541,,1.1087,
5/3/2025 10:00,16.387,,1.5186,,0.4459,
5/3/2025 10:15,16.325,,0.5676,,0.4766,
5/3/2025 10:30,16.45,,0.2352,,0.4594,
5/3/2025 10:45,16.575,,0.2778,,1.1709,
5/3/2025 11:00,16.762,,1.2148,,1.1497,
5/3/2025 11:15,16.762,,1.2119,,1.1858,
5/3/2025 11:30,16.7,,1.3668,,0.4009,
5/3/2025 11:45,16.512,,1.2306,,0.34,
5/3/2025 12:00,16.325,,1.2475,,1.2088,
5/3/2025 12:15,16.012,,6.2514,,1.2724,
5/3/2025 12:30,15.2,,74.3772,,0.9149,
5/3/2025 12:45,15.012,,40.9664,,1.2026,
5/3/2025 13:00,15.512,,46.0347,,1.1186,
5/3/2025 13:15,15.7,,36.2428,,1.3846,
5/3/2025 13:30,15.825,,30.7556,,1.2563,
5/3/2025 13:45,15.762,,24.9788,,1.2147,
5/3/2025 14:00,15.637,,18.528,,1.1629,
5/3/2025 14:15,15.512,,16.7768,,1.1975,
5/3/2025 14:30,15.45,,15.9542,,1.2577,
5/3/2025 14:45,15.45,,13.7198,,1.1084,
5/3/2025 15:00,15.512,,15.5157,,1.2345,
5/3/2025 15:15,15.512,,16.0491,,1.2351,
5/3/2025 15:30,15.45,,16.424,,1.3109,
5/3/2025 15:45,15.387,,15.3988,,1.1059,
5/3/2025 16:00,15.325,,14.7088,,1.2566,
5/3/2025 16:15,15.137,,13.7753,,1.2136,
5/3/2025 16:30,15.075,,11.9708,,1.2923,
5/3/2025 16:45,14.95,,12.7544,,1.4126,
5/3/2025 17:00,14.887,,12.6317,,1.489,
5/3/2025 17:15,14.825,,12.8753,,1.4919,
5/3/2025 17:30,14.825,,11.9761,,1.59,
5/3/2025 17:45,14.7,,11.196,,1.4663,
5/3/2025 18:00,14.637,,11.1214,,1.5138,
5/3/2025 18:15,14.575,,11.3464,,1.358,
5/3/2025 18:30,14.512,,10.6877,,1.5422,
5/3/2025 18:45,14.45,,10.2059,,1.5112,
5/3/2025 19:00,14.387,,9.3682,,1.4549,
5/3/2025 19:15,14.325,,8.7513,,1.4254,
5/3/2025 19:30,14.262,,8.8718,,1.4515,
5/3/2025 19:45,14.137,,8.7936,,1.5664,
5/3/2025 20:00,14.137,,8.1844,,1.3656,
5/3/2025 20:15,14.075,,8.9636,,1.4269,
5/3/2025 20:30,14.012,,8.0339,,1.2409,
5/3/2025 20:45,13.95,,6.8374,,1.1838,
5/3/2025 21:00,13.95,,6.9864,,1.4588,
5/3/2025 21:15,13.887,,7.0686,,1.2619,
5/3/2025 21:30,13.825,,6.9921,,1.3863,
5/3/2025 21:45,13.762,,6.5221,,1.3509,
5/3/2025 22:00,13.7,,6.2764,,1.2119,
5/3/2025 22:15,13.7,,6.0641,,1.3114,
5/3/2025 22:30,13.637,,5.5417,,1.2562,
5/3/2025 22:45,13.575,,5.9085,,1.1643,
5/3/2025 23:00,13.512,,5.5185,,1.0906,
5/3/2025 23:15,13.512,,6.1616,,1.2024,
5/3/2025 23:30,13.45,,5.1428,,1.1093,
5/3/2025 23:45,13.387,,4.5559,,1.1769,
5/4/2025 0:00,13.325,,4.9313,,1.1791,
5/4/2025 0:15,13.325,,4.6442,,1.1296,
5/4/2025 0:30,13.262,,4.3126,,1.0791,
5/4/2025 0:45,13.2,,4.2947,,1.082,
5/4/2025 1:00,13.137,,4.8013,,1.1387,
5/4/2025 1:15,13.137,,4.5722,,1.125,
5/4/2025 1:30,13.075,,3.2571,,1.0443,
5/4/2025 1:45,13.012,,4.3261,,1.0444,
5/4/2025 2:00,12.95,,3.6218,,1.2157,
5/4/2025 2:15,12.95,,3.872,,1.1652,
5/4/2025 2:30,12.887,,3.4687,,0.9359,
5/4/2025 2:45,12.887,,3.3913,,1.0366,
5/4/2025 3:00,12.887,,3.6477,,1.0726,
5/4/2025 3:15,12.825,,2.836,,0.9783,
5/4/2025 3:30,12.825,,4.1182,,0.9821,
5/4/2025 3:45,12.825,,3.1122,,0.9632,
5/4/2025 4:00,12.825,,2.9145,,1.0769,
5/4/2025 4:15,12.825,,3.1797,,0.9465,
5/4/2025 4:30,12.825,,2.6935,,0.9424,
5/4/2025 4:45,12.825,,2.9192,,0.8918,
5/4/2025 5:00,12.887,,4.2281,,0.9332,
5/4/2025 5:15,12.887,,2.294,,0.8578,
5/4/2025 5:30,12.95,,2.9213,,0.9659,
5/4/2025 5:45,12.95,,3.4086,,0.9143,
5/4/2025 6:00,13.012,,2.8324,,0.8475,
5/4/2025 6:15,13.075,,2.6053,,0.9953,
5/4/2025 6:30,13.137,,3.3729,,0.9779,
5/4/2025 6:45,13.2,,2.2449,,0.8603,
5/4/2025 7:00,13.262,,2.417,,0.8781,
5/4/2025 7:15,13.262,,2.5812,,0.9518,
5/4/2025 7:30,13.325,,2.8011,,0.8181,
5/4/2025 7:45,13.325,,3.0408,,0.7783,
5/4/2025 8:00,13.325,,2.921,,0.7236,
5/4/2025 8:15,13.325,,2.2822,,0.842,
5/4/2025 8:30,13.387,,2.7231,,0.7895,
5/4/2025 8:45,13.387,,1.9365,,0.8087,
5/4/2025 9:00,13.387,,2.5383,,0.7459,
5/4/2025 9:15,13.45,,2.7039,,0.8059,
5/4/2025 9:30,13.45,,1.6816,,0.8393,
5/4/2025 9:45,13.512,,2.1956,,0.7996,
5/4/2025 10:00,13.512,,2.145,,0.796,
5/4/2025 10:15,13.575,,1.4126,,0.8082,
5/4/2025 10:30,13.575,,1.9267,,0.8076,
5/4/2025 10:45,13.575,,1.815,,0.7274,
5/4/2025 11:00,13.575,,2.627,,0.6946,
5/4/2025 11:15,13.575,,2.2452,,0.8321,
5/4/2025 11:30,13.637,,1.8912,,0.6732,
5/4/2025 11:45,13.7,,1.5358,,0.7546,
5/4/2025 12:00,13.825,,1.1394,,0.7028,
5/4/2025 12:15,13.887,,1.813,,0.8211,
5/4/2025 12:30,13.887,,2.3709,,0.7772,
5/4/2025 12:45,13.762,,2.0993,,0.76,
5/4/2025 13:00,13.762,,2.5898,,0.7459,
5/4/2025 13:15,13.7,,1.7878,,0.7796,
5/4/2025 13:30,13.637,,1.4348,,0.6906,
5/4/2025 13:45,13.575,,1.5704,,0.8833,
5/4/2025 14:00,13.512,,2.2689,,0.7512,
5/4/2025 14:15,13.387,,2.3986,,0.6796,
5/4/2025 14:30,13.325,,2.4141,,0.8968,
5/4/2025 14:45,13.262,,2.3954,,0.6384,
5/4/2025 15:00,13.2,,3.0232,,0.6936,
5/4/2025 15:15,13.137,,2.799,,0.7014,
5/4/2025 15:30,13.012,,3.3132,,0.8559,
5/4/2025 15:45,12.95,,3.0158,,0.7897,
5/4/2025 16:00,12.887,,2.8509,,0.7777,
5/4/2025 16:15,12.825,,3.4937,,0.8977,
5/4/2025 16:30,12.762,,2.9482,,0.8887,
5/4/2025 16:45,12.7,,3.3899,,0.9886,
5/4/2025 17:00,12.7,,2.5371,,0.7906,
5/4/2025 17:15,12.637,,4.0582,,0.8024,
5/4/2025 17:30,12.637,,2.5353,,0.8153,
5/4/2025 17:45,12.575,,3.2867,,0.8538,
5/4/2025 18:00,12.512,,2.8149,,0.8671,
5/4/2025 18:15,12.45,,2.8933,,0.8099,
5/4/2025 18:30,12.387,,2.7636,,0.9292,
5/4/2025 18:45,12.387,,2.6429,,0.811,
5/4/2025 19:00,12.325,,3.6025,,0.8348,
5/4/2025 19:15,12.262,,4.1135,,0.8407,
5/4/2025 19:30,12.2,,3.1536,,0.9619,
5/4/2025 19:45,12.2,,4.1556,,0.8156,
5/4/2025 20:00,12.075,,5.9515,,0.9599,
5/4/2025 20:15,12.012,,7.0512,,0.9629,
5/4/2025 20:30,12.012,,6.8262,,0.8627,
5/4/2025 20:45,12.012,,6.6887,,0.8685,
5/4/2025 21:00,11.95,,5.8242,,0.8564,
5/4/2025 21:15,11.887,,5.2477,,0.859,
5/4/2025 21:30,11.887,,5.5658,,0.9729,
5/4/2025 21:45,11.825,,5.009,,1.1619,
5/4/2025 22:00,11.825,,5.3864,,0.9673,
5/4/2025 22:15,11.825,,5.1647,,1.0313,
5/4/2025 22:30,11.825,,5.0188,,1.027,
5/4/2025 22:45,11.825,,4.5286,,1.0896,
5/4/2025 23:00,11.762,,5.3096,,1.0356,
5/4/2025 23:15,11.762,,4.4148,,1.0752,
5/4/2025 23:30,11.762,,4.9218,,0.9932,
5/4/2025 23:45,11.7,,5.2984,,1.0391,
5/5/2025 0:00,11.7,,4.2827,,1.0529,
5/5/2025 0:15,11.7,,4.4621,,1.0839,
5/5/2025 0:30,11.637,,4.8572,,1.0651,
5/5/2025 0:45,11.7,,4.2324,,1.1184,
5/5/2025 1:00,11.637,,3.9934,,1.1012,
5/5/2025 1:15,11.575,,4.3398,,1.072,
5/5/2025 1:30,11.575,,4.0818,,0.918,
5/5/2025 1:45,11.575,,4.2208,,1.1107,
5/5/2025 2:00,11.575,,3.4991,,1.1913,
5/5/2025 2:15,11.512,,3.4712,,1.1295,
5/5/2025 2:30,11.512,,3.5776,,1.1024,
5/5/2025 2:45,11.45,,3.7534,,1.0912,
5/5/2025 3:00,11.512,,4.0751,,1.1032,
5/5/2025 3:15,11.45,,4.3204,,0.9222,
5/5/2025 3:30,11.45,,3.6589,,1.1042,
5/5/2025 3:45,11.45,,4.5282,,1.0065,
5/5/2025 4:00,11.45,,3.8059,,1.1236,
5/5/2025 4:15,11.512,,4.0379,,1.1538,
5/5/2025 4:30,11.512,,3.565,,1.1064,
5/5/2025 4:45,11.512,,3.0367,,1.0878,
5/5/2025 5:00,11.575,,4.352,,0.8519,
5/5/2025 5:15,11.575,,4.5468,,0.9599,
5/5/2025 5:30,11.575,,3.8445,,1.0009,
5/5/2025 5:45,11.575,,3.8103,,0.9956,
5/5/2025 6:00,11.7,,2.8072,,1.0073,
5/5/2025 6:15,11.762,,3.9691,,0.8758,
5/5/2025 6:30,11.825,,3.8944,,0.9401,
5/5/2025 6:45,11.887,,4.243,,0.9811,
5/5/2025 7:00,11.887,,3.0983,,0.9499,
5/5/2025 7:15,11.95,,2.6855,,0.8825,
5/5/2025 7:30,12.012,,2.8512,,0.8764,
5/5/2025 7:45,12.012,,3.3125,,0.8633,
5/5/2025 8:00,12.075,,2.8455,,0.8501,
5/5/2025 8:15,12.137,,2.5359,,0.898,
5/5/2025 8:30,12.2,,2.8906,,0.927,
5/5/2025 8:45,12.262,,2.1116,,0.8657,
5/5/2025 9:00,12.325,,2.3654,,0.7437,
5/5/2025 9:15,12.325,,3.0823,,0.7836,
5/5/2025 9:30,12.387,,2.0557,,0.6469,
5/5/2025 9:45,12.387,,2.938,,0.8295,
5/5/2025 10:00,12.45,,2.7853,,0.783,
5/5/2025 10:15,12.512,,2.7283,,0.7256,
5/5/2025 10:30,12.512,,3.0963,,0.6835,
5/5/2025 10:45,12.575,,1.6864,,0.5948,
5/5/2025 11:00,12.637,,2.0732,,0.6911,
5/5/2025 11:15,12.637,,2.8961,,0.7052,
5/5/2025 11:30,12.575,,2.7583,,0.6482,
5/5/2025 11:45,12.637,,2.225,,0.7151,
5/5/2025 12:00,12.575,,2.2573,,0.7386,
5/5/2025 12:15,12.575,,2.9131,,0.7012,
5/5/2025 12:30,12.512,,2.6325,,0.6396,
5/5/2025 12:45,12.45,,1.9409,,0.6313,
5/5/2025 13:00,12.387,,2.0688,,0.7621,
5/5/2025 13:15,12.325,,1.7356,,0.7432,
5/5/2025 13:30,12.262,,2.4962,,0.7222,
5/5/2025 13:45,12.2,,1.8626,,0.8015,
5/5/2025 14:00,12.137,,1.9997,,0.6833,
5/5/2025 14:15,12.075,,1.8326,,0.8219,
5/5/2025 14:30,12.012,,2.2295,,0.7476,
5/5/2025 14:45,11.887,,2.8614,,0.7173,
5/5/2025 15:00,11.825,,1.9623,,0.964,
5/5/2025 15:15,11.762,,2.1073,,0.8949,
5/5/2025 15:30,11.637,,2.0291,,0.789,
5/5/2025 15:45,11.575,,2.4097,,0.8267,
5/5/2025 16:00,11.512,,1.9541,,0.8216,
5/5/2025 16:15,11.45,,1.9425,,0.8521,
5/5/2025 16:30,11.387,,1.694,,0.8307,
5/5/2025 16:45,11.262,,1.8351,,0.8109,
5/5/2025 17:00,11.262,,2.5397,,0.7005,
5/5/2025 17:15,11.137,,2.0364,,0.8891,
5/5/2025 17:30,11.075,,2.2036,,0.8678,
5/5/2025 17:45,11.075,,1.558,,0.8915,
5/5/2025 18:00,11.012,,2.0838,,0.9369,
5/5/2025 18:15,10.95,,2.7599,,0.9122,
5/5/2025 18:30,10.887,,1.7955,,0.8567,
5/5/2025 18:45,10.825,,0.9455,,0.8053,
5/5/2025 19:00,10.762,,1.9886,,0.8404,
5/5/2025 19:15,10.762,,1.7445,,0.8727,
5/5/2025 19:30,10.7,,1.3261,,0.8713,
5/5/2025 19:45,10.637,,2.4702,,0.7736,
5/5/2025 20:00,10.637,,2.1438,,0.9475,
5/5/2025 20:15,10.575,,1.9396,,0.8919,
5/5/2025 20:30,10.512,,0.5637,,0.9696,
5/5/2025 20:45,10.512,,2.2114,,0.8549,
5/5/2025 21:00,10.45,,1.6915,,0.9244,
5/5/2025 21:15,10.45,,1.5003,,0.9366,
5/5/2025 21:30,10.387,,1.6369,,0.9308,
5/5/2025 21:45,10.387,,1.0526,,0.9058,
5/5/2025 22:00,10.325,,1.6871,,0.9362,
5/5/2025 22:15,10.325,,2.0294,,0.9151,
5/5/2025 22:30,10.262,,1.8408,,0.9369,
5/5/2025 22:45,10.262,,1.0432,,0.9529,
5/5/2025 23:00,10.2,,1.3232,,0.8407,
5/5/2025 23:15,10.2,,1.0158,,0.8602,
5/5/2025 23:30,10.137,,1.6383,,0.955,
5/5/2025 23:45,10.137,,1.1999,,0.9003,
5/6/2025 0:00,10.137,,1.0429,,0.9901,
5/6/2025 0:15,10.075,,1.0343,,0.9179,
5/6/2025 0:30,10.075,,1.7048,,0.8996,
5/6/2025 0:45,10.012,,1.9064,,1.0213,
5/6/2025 1:00,10.012,,1.3364,,0.9071,
5/6/2025 1:15,10.012,,1.9937,,0.7975,
5/6/2025 1:30,9.95,,1.3808,,0.9746,
5/6/2025 1:45,9.95,,1.81,,0.9167,
5/6/2025 2:00,9.887,,1.8185,,0.9108,
5/6/2025 2:15,9.887,,2.1136,,0.984,
5/6/2025 2:30,9.887,,2.1695,,1.003,
5/6/2025 2:45,9.887,,1.3252,,1.7761,
5/6/2025 3:00,9.887,,0.7553,,1.6398,
5/6/2025 3:15,9.887,,1.2886,,1.7646,
5/6/2025 3:30,9.887,,1.4252,,1.7568,
5/6/2025 3:45,9.887,,2.1633,,0.966,
5/6/2025 4:00,9.887,,1.3444,,1.6747,
5/6/2025 4:15,9.887,,1.4956,,0.8692,
5/6/2025 4:30,9.95,,1.1709,,1.6061,
5/6/2025 4:45,10.012,,1.3425,,1.7789,
5/6/2025 5:00,10.012,,0.6844,,0.877,
5/6/2025 5:15,10.075,,0.6811,,1.7826,
5/6/2025 5:30,10.137,,0.9156,,1.7402,
5/6/2025 5:45,10.2,,0.9765,,1.7595,
5/6/2025 6:00,10.262,,1.8917,,1.6527,
5/6/2025 6:15,10.262,,1.4571,,1.7436,
5/6/2025 6:30,10.325,,0.5802,,1.5292,
5/6/2025 6:45,10.45,,7.9936,,4.2478,
5/6/2025 7:00,10.45,,1.6233,,0.896,
5/6/2025 7:15,10.512,,0.5462,,1.0153,
5/6/2025 7:30,10.575,,0.8658,,0.8939,
5/6/2025 7:45,10.637,,1.0649,,0.867,
5/6/2025 8:00,10.7,,1.31,,0.7662,
5/6/2025 8:15,10.762,,0.6276,,0.8217,
5/6/2025 8:30,10.825,,0.5805,,0.6788,
5/6/2025 8:45,10.825,,0.8036,,0.6793,
5/6/2025 9:00,10.887,,1.2288,,1.5361,
5/6/2025 9:15,10.887,,1.044,,0.7584,
5/6/2025 9:30,10.95,,1.725,,0.6712,
5/6/2025 9:45,10.95,,1.2928,,1.6109,
5/6/2025 10:00,11.012,,1.294,,0.6759,
5/6/2025 10:15,11.075,,1.5947,,0.699,
5/6/2025 10:30,11.137,,1.5858,,0.8086,
5/6/2025 10:45,11.2,,1.9328,,0.7551,
5/6/2025 11:00,11.262,,2.5006,,0.8021,
5/6/2025 11:15,11.262,,2.2211,,0.7601,
5/6/2025 11:30,11.325,,60.1297,,0,
5/6/2025 11:45,11.45,,3.1356,,1.5925,
5/6/2025 12:00,11.512,,3.1113,,0.8384,
5/6/2025 12:15,11.637,,3.8468,,1.6295,
5/6/2025 12:30,11.7,,2.1339,,0.722,
5/6/2025 12:45,11.762,,3.1142,,0.7379,
5/6/2025 13:00,11.762,,2.3984,,0.7875,
5/6/2025 13:15,11.825,,2.569,,0.7292,
5/6/2025 13:30,11.762,,1.56,,0.7986,
5/6/2025 13:45,11.825,,1.8877,,0.6421,
5/6/2025 14:00,11.825,,1.2187,,0.7172,
5/6/2025 14:15,11.825,,1.39,,0.719,
5/6/2025 14:30,11.887,,1.1818,,0.7147,
5/6/2025 14:45,11.887,,2.2934,,0.5581,
5/6/2025 15:00,11.825,,1.2944,,0.7687,
5/6/2025 15:15,11.825,,1.2384,,0.6586,
5/6/2025 15:30,11.762,,4.2818,,0.7132,
5/6/2025 15:45,11.762,,1.2552,,0.7053,
5/6/2025 16:00,11.7,,0.4971,,0.7227,
5/6/2025 16:15,11.637,,1.6356,,0.8182,
5/6/2025 16:30,11.575,,1.1214,,0.8719,
5/6/2025 16:45,11.575,,2.3696,,0.7449,
5/6/2025 17:00,11.512,,3.2567,,0.6906,
5/6/2025 17:15,11.45,,1.9254,,0.6756,
5/6/2025 17:30,11.45,,0,,0.8324,
5/6/2025 17:45,11.387,,2.0125,,0.7594,
5/6/2025 18:00,11.387,,1.3023,,0.8278,
5/6/2025 18:15,11.325,,1.5635,,0.8065,
5/6/2025 18:30,11.325,,1.0031,,0.8111,
5/6/2025 18:45,11.262,,1.6359,,0.748,
5/6/2025 19:00,11.2,,1.9856,,0.7862,
5/6/2025 19:15,11.2,,1.7665,,0.75,
5/6/2025 19:30,11.2,,1.5491,,0.7435,
5/6/2025 19:45,11.137,,2.3499,,0.7268,
5/6/2025 20:00,11.075,,2.0225,,1.017,
5/6/2025 20:15,11.075,,2.3441,,0.6887,
5/6/2025 20:30,11.075,,2.3434,,0.8083,
5/6/2025 20:45,11.012,,1.8295,,0.816,
5/6/2025 21:00,11.012,,1.7707,,0.7417,
5/6/2025 21:15,10.95,,1.0142,,0.7791,
5/6/2025 21:30,10.95,,1.8581,,0.8669,
5/6/2025 21:45,10.95,,1.4728,,0.7381,
5/6/2025 22:00,10.95,,1.6935,,0.731,
5/6/2025 22:15,10.887,,1.6937,,0.8801,
5/6/2025 22:30,10.887,,1.7401,,0.798,
5/6/2025 22:45,10.825,,2.302,,0.847,
5/6/2025 23:00,10.825,,1.8553,,0.8236,
5/6/2025 23:15,10.762,,1.5169,,0.8338,
5/6/2025 23:30,10.762,,2.1644,,0.8722,
5/6/2025 23:45,10.762,,1.2804,,0.8589,
5/7/2025 0:00,10.762,,0.8426,,0.9292,
5/7/2025 0:15,10.7,,1.6829,,0.8167,
5/7/2025 0:30,10.7,,1.1763,,0.8751,
5/7/2025 0:45,10.7,,1.6617,,0.8987,
5/7/2025 1:00,10.7,,1.2479,,0.9085,
5/7/2025 1:15,10.637,,1.4137,,0.8775,
5/7/2025 1:30,10.637,,2.8532,,0.8562,
5/7/2025 1:45,10.7,,1.4235,,0.9604,
5/7/2025 2:00,10.637,,1.0565,,0.9099,
5/7/2025 2:15,10.637,,1.1894,,0.9489,
5/7/2025 2:30,10.637,,1.3129,,0.8666,
5/7/2025 2:45,10.637,,1.3105,,0.9773,
5/7/2025 3:00,10.637,,1.1719,,1.8191,
5/7/2025 3:15,10.7,,1.7399,,0.8324,
5/7/2025 3:30,10.762,,1.7147,,0.8369,
5/7/2025 3:45,10.825,,1.3787,,0.7498,
5/7/2025 4:00,10.887,,0.7851,,0.8488,
5/7/2025 4:15,10.95,,1.4455,,0.8733,
5/7/2025 4:30,11.075,,0.281,,0.7154,
5/7/2025 4:45,11.2,,0.8825,,0.7702,
5/7/2025 5:00,11.325,,0.852,,0.8186,
5/7/2025 5:15,11.45,,1.6211,,0.7261,
5/7/2025 5:30,11.637,,0.0306,,0.7742,
5/7/2025 5:45,11.762,,0.9888,,0.8311,
5/7/2025 6:00,11.825,,1.4463,,0.8773,
5/7/2025 6:15,11.95,,0.7353,,0.7084,
5/7/2025 6:30,12.2,,1.0355,,0.797,
5/7/2025 6:45,12.637,,2.0332,,0.6731,
5/7/2025 7:00,13.137,,2.4063,,0.737,
5/7/2025 7:15,13.512,,1.2394,,0.7799,
5/7/2025 7:30,13.7,,1.5281,,0.7129,
5/7/2025 7:45,13.825,,0.9122,,0.676,
5/7/2025 8:00,14.137,,0.8623,,0.7183,
5/7/2025 8:15,14.325,,2.5232,,0.7937,
5/7/2025 8:30,14.45,,1.7111,,0.6877,
5/7/2025 8:45,14.7,,1.5167,,0.7034,
5/7/2025 9:00,14.762,,2.4115,,0.6101,
5/7/2025 9:15,14.762,,0.9023,,0.7052,
5/7/2025 9:30,14.762,,1.9334,,0.6495,
5/7/2025 9:45,14.825,,0.4483,,0.6098,
5/7/2025 10:00,15.012,,1.5089,,0.5712,
5/7/2025 10:15,15.075,,1.2511,,0.6521,
5/7/2025 10:30,15.075,,1.736,,0.6512,
5/7/2025 10:45,15.2,,1.8212,,0.6657,
5/7/2025 11:00,15.387,,1.3577,,0.5793,
5/7/2025 11:15,15.387,,2.5195,,0.5759,
5/7/2025 11:30,15.387,,2.4792,,0.53,
5/7/2025 11:45,15.575,,3.8438,,0.4957,
5/7/2025 12:00,15.637,,3.0476,,0.5307,
5/7/2025 12:15,15.575,,4.0881,,0.5939,
5/7/2025 12:30,15.45,,2.1592,,0.5731,
5/7/2025 12:45,15.387,,1.647,,0.6028,
5/7/2025 13:00,15.325,,2.0916,,0.6056,
5/7/2025 13:15,15.262,,1.4969,,0.6617,
5/7/2025 13:30,15.262,,1.7354,,0.5908,
5/7/2025 13:45,15.262,,0.8466,,0.585,
5/7/2025 14:00,15.2,,1.6578,,0.6343,
5/7/2025 14:15,15.137,,1.2309,,0.6348,
5/7/2025 14:30,15.075,,0.2994,,0.6668,
5/7/2025 14:45,15.012,,1.6867,,0.5208,
5/7/2025 15:00,14.95,,1.2305,,0.6448,
5/7/2025 15:15,14.95,,12.5271,,0.5882,
5/7/2025 15:30,14.825,,0.2827,,0.6722,
5/7/2025 15:45,14.762,,1.3743,,0.5836,
5/7/2025 16:00,14.637,,1.5761,,0.6063,
5/7/2025 16:15,14.512,,1.0268,,0.6681,
5/7/2025 16:30,14.387,,2.4505,,0.6961,
5/7/2025 16:45,14.262,,2.1348,,0.5777,
5/7/2025 17:00,14.137,,0.7161,,0.753,
5/7/2025 17:15,14.075,,1.6924,,0.5808,
5/7/2025 17:30,13.95,,0.4745,,0.7496,
5/7/2025 17:45,13.825,,0.849,,0.8209,
5/7/2025 18:00,13.7,,0.9514,,0.6539,
5/7/2025 18:15,13.575,,0.9706,,0.7543,
5/7/2025 18:30,13.512,,0.7001,,0.7056,
5/7/2025 18:45,13.325,,1.7822,,1.5878,
5/7/2025 19:00,13.262,,1.4909,,0.7277,
5/7/2025 19:15,13.137,,1.6758,,0.7859,
5/7/2025 19:30,13.075,,0.6209,,0.7419,
5/7/2025 19:45,13.012,,2.3503,,1.6063,
5/7/2025 20:00,12.887,,1.3171,,1.6319,
5/7/2025 20:15,12.825,,1.4486,,1.6642,
5/7/2025 20:30,12.7,,0.966,,1.6936,
5/7/2025 20:45,12.637,,0.8723,,1.716,
5/7/2025 21:00,12.512,,0.4045,,1.7344,
5/7/2025 21:15,12.45,,0.5418,,1.6506,
5/7/2025 21:30,12.325,,2.1678,,1.7223,
5/7/2025 21:45,12.2,,1.677,,1.7007,
5/7/2025 22:00,12.075,,1.3014,,1.8481,
5/7/2025 22:15,11.95,,1.5107,,1.8252,
5/7/2025 22:30,11.887,,1.0718,,1.7578,
5/7/2025 22:45,11.762,,1.3004,,1.8497,
5/7/2025 23:00,11.7,,1.5436,,1.7909,
5/7/2025 23:15,11.575,,2.2973,,1.6709,
5/7/2025 23:30,11.512,,1.39,,1.7418,
5/7/2025 23:45,11.387,,1.9571,,1.7066,
5/8/2025 0:00,11.262,,1.3766,,1.6722,
5/8/2025 0:15,11.2,,0.8687,,1.7567,
5/8/2025 0:30,11.075,,1.3794,,1.7208,
5/8/2025 0:45,11.012,,1.0852,,1.8682,
5/8/2025 1:00,10.887,,1.2099,,1.6378,
5/8/2025 1:15,10.887,,1.9917,,1.8233,
5/8/2025 1:30,10.762,,1.8174,,1.6011,
5/8/2025 1:45,10.7,,1.1326,,1.6789,
5/8/2025 2:00,10.637,,0.2619,,1.6772,
5/8/2025 2:15,10.575,,1.0127,,1.6911,
5/8/2025 2:30,10.512,,0.9721,,1.7404,
5/8/2025 2:45,10.512,,0.6491,,1.6639,
5/8/2025 3:00,10.512,,0.5884,,1.7732,
5/8/2025 3:15,10.512,,1.3146,,1.6398,
5/8/2025 3:30,10.575,,0.5384,,1.7733,
5/8/2025 3:45,10.7,,0.4902,,1.7462,
5/8/2025 4:00,10.825,,1.2229,,1.5175,
5/8/2025 4:15,10.95,,1.0121,,1.4939,
5/8/2025 4:30,11.075,,0.6807,,1.587,
5/8/2025 4:45,11.387,,1.3336,,1.6337,
5/8/2025 5:00,11.637,,1.1217,,1.6737,
5/8/2025 5:15,11.95,,0.482,,1.4335,
5/8/2025 5:30,12.2,,0.4864,,1.4794,
5/8/2025 5:45,12.45,,0.9854,,1.6269,
5/8/2025 6:00,12.7,,0.6933,,1.5569,
5/8/2025 6:15,12.887,,0.5237,,1.5636,
5/8/2025 6:30,13.137,,1.3552,,1.6037,
5/8/2025 6:45,13.387,,0.8868,,1.4882,
5/8/2025 7:00,13.637,,1.5955,,1.4194,
5/8/2025 7:15,14.012,,0.98,,0.723,
5/8/2025 7:30,14.325,,0.7764,,1.5834,
5/8/2025 7:45,14.637,,0.716,,0.8303,
5/8/2025 8:00,14.887,,1.4375,,0.864,
5/8/2025 8:15,14.95,,1.6092,,0.7264,
5/8/2025 8:30,15.2,,1.3251,,1.4986,
5/8/2025 8:45,15.325,,1.359,,0.8124,
5/8/2025 9:00,15.45,,0.31,,0.6652,
5/8/2025 9:15,15.512,,0.2977,,0.6468,
5/8/2025 9:30,15.637,,0.4611,,0.5338,
5/8/2025 9:45,15.825,,0.8283,,0.5163,
5/8/2025 10:00,15.762,,0.9357,,0.6422,
5/8/2025 10:15,15.7,,0.2222,,1.343,
5/8/2025 10:30,15.7,,1.2991,,0.5915,
5/8/2025 10:45,15.887,,0.6557,,0.5776,
5/8/2025 11:00,16.075,,0.7913,,0.4761,
5/8/2025 11:15,16.2,,0.5735,,0.6505,
5/8/2025 11:30,16.387,,1.1611,,0.5498,
5/8/2025 11:45,16.637,,0.8864,,0.4744,
5/8/2025 12:00,16.762,,1.4152,,0.5014,
5/8/2025 12:15,16.825,,1.5096,,1.1536,
5/8/2025 12:30,16.762,,18.2239,,1.2954,
5/8/2025 12:45,16.7,,5.6651,,0.5214,
5/8/2025 13:00,16.575,,2.3791,,0.4468,
5/8/2025 13:15,16.512,,1.5551,,0.6408,
5/8/2025 13:30,16.512,,1.0899,,0.5366,
5/8/2025 13:45,16.45,,0.6678,,0.5395,
5/8/2025 14:00,16.262,,0.8479,,0.5507,
5/8/2025 14:15,16.137,,0.8503,,0.6936,
5/8/2025 14:30,15.95,,0.2484,,0.7384,
5/8/2025 14:45,15.762,,0.8435,,0.6855,
5/8/2025 15:00,15.637,,1.3362,,0.5618,
5/8/2025 15:15,15.512,,1.0604,,0.6082,
5/8/2025 15:30,15.387,,0.7138,,0.6426,
5/8/2025 15:45,15.262,,0.8618,,0.6133,
5/8/2025 16:00,15.137,,0.735,,1.4965,
5/8/2025 16:15,15.012,,1.6041,,0.7484,
5/8/2025 16:30,14.95,,2.302,,0.7676,
5/8/2025 16:45,14.825,,1.6566,,0.7827,
5/8/2025 17:00,14.762,,1.4323,,1.5608,
5/8/2025 17:15,14.637,,0.7718,,1.6092,
5/8/2025 17:30,14.575,,0.8354,,1.6223,
5/8/2025 17:45,14.45,,1.5203,,1.4652,
5/8/2025 18:00,14.387,,2.0967,,1.6922,
5/8/2025 18:15,14.325,,1.884,,1.4985,
5/8/2025 18:30,14.2,,1.8171,,1.618,
5/8/2025 18:45,14.137,,2.7045,,1.6745,
5/8/2025 19:00,14.075,,2.8607,,1.6912,
5/8/2025 19:15,14.012,,2.6092,,1.6773,
5/8/2025 19:30,13.95,,1.573,,1.6409,
5/8/2025 19:45,13.887,,1.3294,,1.6189,
5/8/2025 20:00,13.825,,1.5591,,1.7442,
5/8/2025 20:15,13.762,,1.4503,,1.6698,
5/8/2025 20:30,13.7,,1.7365,,1.7099,
5/8/2025 20:45,13.637,,1.6131,,1.7356,
5/8/2025 21:00,13.575,,2.0259,,1.6326,
5/8/2025 21:15,13.512,,1.9201,,1.6563,
5/8/2025 21:30,13.45,,1.698,,1.6448,
5/8/2025 21:45,13.387,,1.755,,1.6462,
5/8/2025 22:00,13.325,,2.547,,1.7216,
5/8/2025 22:15,13.262,,3.2735,,1.7395,
5/8/2025 22:30,13.137,,3.1285,,1.6079,
5/8/2025 22:45,13.075,,2.5232,,1.7262,
5/8/2025 23:00,13.012,,1.6377,,1.044,
5/8/2025 23:15,12.95,,2.2145,,1.7589,
5/8/2025 23:30,12.887,,2.3381,,1.7365,
5/8/2025 23:45,12.825,,1.0613,,1.84,
5/9/2025 0:00,12.762,,2.8306,,1.7809,
5/9/2025 0:15,12.7,,4.9655,,1.7939,
5/9/2025 0:30,12.637,,2.166,,1.7112,
5/9/2025 0:45,12.575,,1.9108,,1.7728,
5/9/2025 1:00,12.512,,1.7783,,1.8149,
5/9/2025 1:15,12.45,,1.1926,,1.8135,
5/9/2025 1:30,12.325,,2.2269,,1.7508,
5/9/2025 1:45,12.262,,1.1773,,1.9549,
5/9/2025 2:00,12.137,,1.5767,,1.6917,
5/9/2025 2:15,12.137,,0.413,,1.8262,
5/9/2025 2:30,12.012,,1.7067,,1.7557,
5/9/2025 2:45,11.95,,1.6743,,1.7653,
5/9/2025 3:00,11.825,,1.0295,,1.8033,
5/9/2025 3:15,11.762,,1.7903,,1.7109,
5/9/2025 3:30,11.7,,0.1326,,1.7172,
5/9/2025 3:45,11.637,,1.0578,,1.6074,
5/9/2025 4:00,11.575,,1.1645,,1.7543,
5/9/2025 4:15,11.575,,1.763,,1.7429,
5/9/2025 4:30,11.512,,2.1531,,1.7518,
5/9/2025 4:45,11.512,,4.0579,,1.6683,
5/9/2025 5:00,11.45,,3.357,,1.704,
5/9/2025 5:15,11.45,,1.2065,,1.7742,
5/9/2025 5:30,11.387,,0.5622,,1.8151,
5/9/2025 5:45,11.387,,0.6038,,1.7768,
5/9/2025 6:00,11.325,,0.6938,,1.8727,
5/9/2025 6:15,11.325,,0.5116,,1.7252,
5/9/2025 6:30,11.325,,1.4633,,1.754,
5/9/2025 6:45,11.262,,0.9262,,1.6459,
5/9/2025 7:00,11.262,,0.4315,,1.6536,
5/9/2025 7:15,11.2,,0.4415,,1.7908,
5/9/2025 7:30,11.2,,0,,1.7957,
5/9/2025 7:45,11.2,,0.8607,,1.7536,
5/9/2025 8:00,11.137,,0.5609,,1.6504,
5/9/2025 8:15,11.137,,1.5845,,1.6755,
5/9/2025 8:30,11.075,,1.3072,,1.7505,
5/9/2025 8:45,11.075,,0.5949,,1.7542,
5/9/2025 9:00,11.012,,2.2138,,1.756,
5/9/2025 9:15,10.95,,5.7363,,1.6892,
5/9/2025 9:30,10.95,,3.5979,,1.627,
5/9/2025 9:45,10.887,,2.5254,,1.6605,
5/9/2025 10:00,10.887,,1.6465,,1.6725,
5/9/2025 10:15,10.825,,1.5631,,1.7862,
5/9/2025 10:30,10.762,,0.1595,,1.6443,
5/9/2025 10:45,10.762,,1.1156,,1.7526,
5/9/2025 11:00,10.7,,0.6755,,1.7254,
5/9/2025 11:15,10.7,,1.9409,,1.7273,
5/9/2025 11:30,10.637,,1.3522,,1.6343,
5/9/2025 11:45,10.575,,1.5948,,1.7186,
5/9/2025 12:00,10.575,,0.5159,,1.6528,
5/9/2025 12:15,10.512,,1.927,,1.7194,
5/9/2025 12:30,10.512,,1.9463,,1.5885,
5/9/2025 12:45,10.45,,0.4887,,1.6873,
5/9/2025 13:00,10.45,,1.4881,,1.7193,
5/9/2025 13:15,10.45,,0.4495,,1.6683,
5/9/2025 13:30,10.387,,1.1372,,1.6475,
5/9/2025 13:45,10.325,,1.6103,,1.6522,
5/9/2025 14:00,10.262,,2.0115,,1.6676,
5/9/2025 14:15,10.2,,2.8156,,1.6559,
5/9/2025 14:30,10.137,,2.0711,,1.6298,
5/9/2025 14:45,10.075,,2.5348,,1.7723,
5/9/2025 15:00,10.012,,3.4717,,1.7884,
5/9/2025 15:15,9.95,,5.0765,,1.8015,
5/9/2025 15:30,9.887,,5.586,,1.8001,
5/9/2025 15:45,9.762,,5.5986,,1.7729,
5/9/2025 16:00,9.7,,5.7164,,1.8693,
5/9/2025 16:15,9.637,,6.7174,,1.6618,
5/9/2025 16:30,9.575,,5.275,,1.711,
5/9/2025 16:45,9.512,,5.0809,,1.8099,
5/9/2025 17:00,9.45,,5.4387,,1.6997,
5/9/2025 17:15,9.45,,4.5544,,1.7715,
5/9/2025 17:30,9.387,,4.1229,,1.7638,
5/9/2025 17:45,9.387,,4.1027,,1.7963,
5/9/2025 18:00,9.387,,4.991,,1.7762,
5/9/2025 18:15,9.325,,2.9834,,1.9531,
5/9/2025 18:30,9.325,,4.3906,,1.842,
5/9/2025 18:45,9.325,,3.0246,,1.8503,
5/9/2025 19:00,9.262,,3.0229,,2.0083,
5/9/2025 19:15,9.262,,3.0118,,1.8762,
5/9/2025 19:30,9.2,,3.9163,,0.9863,
5/9/2025 19:45,9.2,,2.8249,,1.8675,
5/9/2025 20:00,9.2,,3.3847,,1.9623,
5/9/2025 20:15,9.2,,4.1883,,1.1765,
5/9/2025 20:30,9.2,,3.3981,,1.9547,
5/9/2025 20:45,9.2,,3.9221,,1.1193,
5/9/2025 21:00,9.2,,3.6665,,1.9796,
5/9/2025 21:15,9.137,,3.9212,,1.9793,
5/9/2025 21:30,9.137,,4.3,,1.9836,
5/9/2025 21:45,9.137,,2.2672,,1.1194,
5/9/2025 22:00,9.137,,4.809,,1.0058,
5/9/2025 22:15,9.075,,4.2205,,0.9572,
5/9/2025 22:30,9.075,,3.8332,,1.0444,
5/9/2025 22:45,9.075,,3.1753,,1.1111,
5/9/2025 23:00,9.075,,4.0595,,1.0593,
5/9/2025 23:15,9.075,,3.7135,,1.0935,
5/9/2025 23:30,9.075,,2.6734,,1.9885,
5/9/2025 23:45,9.012,,3.4773,,1.9188,
5/10/2025 0:00,9.012,,3.8078,,0.9446,
5/10/2025 0:15,9.012,,4.0103,,1.8868,
5/10/2025 0:30,9.012,,5.7282,,1.1399,
5/10/2025 0:45,8.95,,4.7253,,1.0392,
5/10/2025 1:00,8.887,,4.4149,,1.8811,
5/10/2025 1:15,8.95,,3.8534,,0.9598,
5/10/2025 1:30,8.887,,3.393,,1.0786,
5/10/2025 1:45,8.887,,3.8908,,1.8549,
5/10/2025 2:00,8.887,,3.3352,,1.8938,
5/10/2025 2:15,8.887,,2.8973,,1.8801,
5/10/2025 2:30,8.887,,2.7667,,0.9674,
5/10/2025 2:45,8.887,,3.4556,,1.8524,
5/10/2025 3:00,8.887,,2.4502,,1.9802,
5/10/2025 3:15,8.887,,3.3593,,1.0387,
5/10/2025 3:30,8.887,,2.8942,,1.105,
5/10/2025 3:45,8.95,,2.6546,,1.073,
5/10/2025 4:00,8.95,,3.1208,,2.0143,
5/10/2025 4:15,8.95,,2.6623,,0.9924,
5/10/2025 4:30,8.95,,3.3146,,0.9964,
5/10/2025 4:45,8.95,,3.5431,,1.0256,
5/10/2025 5:00,9.012,,4.0615,,1.0392,
5/10/2025 5:15,9.012,,4.2437,,0.8349,
5/10/2025 5:30,9.075,,3.2035,,1.9281,
5/10/2025 5:45,9.137,,5.5248,,1.8411,
5/10/2025 6:00,9.137,,6.2681,,1.726,
5/10/2025 6:15,9.137,,5.6964,,1.7746,
5/10/2025 6:30,9.2,,6.3912,,1.6831,
5/10/2025 6:45,9.262,,5.5952,,1.8098,
5/10/2025 7:00,9.262,,6.2465,,1.5551,
5/10/2025 7:15,9.262,,5.8295,,1.7322,
5/10/2025 7:30,9.325,,5.5763,,1.7563,
5/10/2025 7:45,9.387,,6.3644,,0.9163,
5/10/2025 8:00,9.45,,6.3643,,1.5988,
5/10/2025 8:15,9.512,,6.5337,,1.7009,
5/10/2025 8:30,9.575,,6.7561,,1.706,
5/10/2025 8:45,9.637,,7.3448,,1.8455,
5/10/2025 9:00,9.762,,6.5453,,1.7036,
5/10/2025 9:15,9.825,,7.1711,,0.8812,
5/10/2025 9:30,9.95,,4.9412,,1.8113,
5/10/2025 9:45,9.95,,5.9631,,0.7939,
5/10/2025 10:00,10.075,,6.107,,1.7606,
5/10/2025 10:15,10.137,,5.7182,,1.8258,
5/10/2025 10:30,10.262,,6.5991,,1.9034,
5/10/2025 10:45,10.325,,6.2777,,1.024,
5/10/2025 11:00,10.45,,5.4951,,1.0289,
5/10/2025 11:15,10.575,,6.1776,,0.8287,
5/10/2025 11:30,10.825,,6.1696,,0.8524,
5/10/2025 11:45,11.075,,5.6466,,0.8414,
5/10/2025 12:00,11.325,,6.0696,,0.6754,
5/10/2025 12:15,11.45,,5.8233,,0.7679,
5/10/2025 12:30,11.575,,5.3648,,0.8882,
5/10/2025 12:45,11.7,,5.461,,0.9044,
5/10/2025 13:00,11.825,,5.3674,,0.9146,
5/10/2025 13:15,11.887,,5.0873,,0.8018,
5/10/2025 13:30,11.95,,4.3547,,0.7972,
5/10/2025 13:45,11.95,,3.4358,,0.7303,
5/10/2025 14:00,11.95,,4.5337,,0.7199,
5/10/2025 14:15,11.95,,4.1525,,0.6789,
5/10/2025 14:30,11.887,,4.0506,,0.7367,
5/10/2025 14:45,11.825,,3.5672,,0.6758,
5/10/2025 15:00,11.825,,2.8866,,0.6423,
5/10/2025 15:15,11.7,,3.8443,,0.6358,
5/10/2025 15:30,11.637,,4.1061,,0.745,
5/10/2025 15:45,11.575,,3.6546,,0.6124,
5/10/2025 16:00,11.45,,3.2572,,0.5576,
5/10/2025 16:15,11.387,,3.168,,0.7019,
5/10/2025 16:30,11.262,,2.7771,,0.7325,
5/10/2025 16:45,11.2,,3.4745,,0.6969,
5/10/2025 17:00,11.075,,2.9937,,0.6996,
5/10/2025 17:15,11.012,,2.2771,,0.7944,
5/10/2025 17:30,10.887,,3.1673,,0.5987,
5/10/2025 17:45,10.825,,3.3108,,0.6686,
5/10/2025 18:00,10.762,,2.6466,,0.7023,
5/10/2025 18:15,10.7,,2.6967,,0.7034,
5/10/2025 18:30,10.575,,2.3822,,0.8104,
5/10/2025 18:45,10.512,,2.4031,,0.7467,
5/10/2025 19:00,10.45,,2.2258,,0.694,
5/10/2025 19:15,10.387,,2.6219,,0.7631,
5/10/2025 19:30,10.325,,2.3537,,1.5887,
5/10/2025 19:45,10.2,,2.4696,,1.6339,
5/10/2025 20:00,10.137,,2.096,,1.5897,
5/10/2025 20:15,10.012,,1.9184,,0.8398,
5/10/2025 20:30,9.95,,1.8014,,1.6664,
5/10/2025 20:45,9.825,,2.0234,,0.7693,
5/10/2025 21:00,9.762,,2.5113,,1.623,
5/10/2025 21:15,9.7,,3.0648,,1.4413,
5/10/2025 21:30,9.575,,2.7958,,1.6121,
5/10/2025 21:45,9.512,,2.5283,,1.5844,
5/10/2025 22:00,9.45,,2.2704,,1.489,
5/10/2025 22:15,9.387,,1.2278,,1.5438,
5/10/2025 22:30,9.262,,1.8134,,1.5771,
5/10/2025 22:45,9.2,,2.7968,,1.5236,
5/10/2025 23:00,9.075,,2.6168,,1.5401,
5/10/2025 23:15,9.012,,2.2251,,1.5495,
5/10/2025 23:30,8.95,,3.2232,,1.4625,
5/10/2025 23:45,8.825,,4.0135,,1.4864,
5/11/2025 0:00,8.762,,3.0998,,1.5641,
5/11/2025 0:15,8.7,,2.7452,,1.5998,
5/11/2025 0:30,8.637,,1.915,,1.5747,
5/11/2025 0:45,8.512,,1.339,,1.478,
5/11/2025 1:00,8.45,,2.8236,,1.5534,
5/11/2025 1:15,8.387,,1.816,,1.4093,
5/11/2025 1:30,8.325,,1.9106,,1.5163,
5/11/2025 1:45,8.262,,1.935,,1.4943,
5/11/2025 2:00,8.2,,2.0574,,1.5693,
5/11/2025 2:15,8.2,,2.0181,,1.5078,
5/11/2025 2:30,8.2,,2.5179,,1.3761,
5/11/2025 2:45,8.2,,1.9111,,1.4682,
5/11/2025 3:00,8.2,,2.3884,,1.433,
5/11/2025 3:15,8.262,,2.5858,,1.4479,
5/11/2025 3:30,8.325,,1.7966,,1.5227,
5/11/2025 3:45,8.45,,1.2913,,1.4118,
5/11/2025 4:00,8.575,,0.9885,,1.4407,
5/11/2025 4:15,8.762,,1.7473,,1.3795,
5/11/2025 4:30,8.887,,1.4483,,1.5423,
5/11/2025 4:45,9.075,,1.8323,,1.284,
5/11/2025 5:00,9.262,,2.7218,,1.4086,
5/11/2025 5:15,9.512,,2.1121,,1.4894,
5/11/2025 5:30,9.825,,1.8017,,1.4838,
5/11/2025 5:45,10.2,,1.3075,,1.5167,
5/11/2025 6:00,10.575,,2.7502,,1.3378,
5/11/2025 6:15,10.887,,1.9311,,1.3311,
5/11/2025 6:30,11.2,,1.4946,,1.5188,
5/11/2025 6:45,11.45,,1.5971,,1.3757,
5/11/2025 7:00,11.825,,1.2094,,1.5011,
5/11/2025 7:15,12.137,,1.3016,,1.382,
5/11/2025 7:30,12.45,,0.6633,,1.4619,
5/11/2025 7:45,12.825,,10.5143,,0.6911,
5/11/2025 8:00,13.137,,13.6756,,0.5952,
5/11/2025 8:15,13.387,,3.3867,,0.6207,
5/11/2025 8:30,13.7,,1.8711,,0.6275,
5/11/2025 8:45,14.012,,1.4008,,0.5933,
5/11/2025 9:00,14.262,,6.5175,,0.6205,
5/11/2025 9:15,14.45,,7.8259,,0.6774,
5/11/2025 9:30,14.7,,5.3392,,0.6085,
5/11/2025 9:45,14.887,,1.6741,,0.5893,
5/11/2025 10:00,15.075,,2.5965,,0.578,
5/11/2025 10:15,15.2,,5.1442,,0.4757,
5/11/2025 10:30,15.325,,3.5692,,0.5212,
5/11/2025 10:45,15.387,,4.0745,,0.4306,
5/11/2025 11:00,15.45,,2.6711,,0.4654,
5/11/2025 11:15,15.512,,2.679,,0.4516,
5/11/2025 11:30,15.512,,3.0094,,0.4944,
5/11/2025 11:45,15.512,,2.0841,,0.5265,
5/11/2025 12:00,15.387,,2.8197,,0.4742,
5/11/2025 12:15,15.262,,2.5894,,0.5919,
5/11/2025 12:30,15.075,,1.451,,0.4696,
5/11/2025 12:45,14.95,,1.5541,,0.5876,
5/11/2025 13:00,14.762,,2.2147,,0.514,
5/11/2025 13:15,14.575,,3.798,,0.5689,
5/11/2025 13:30,14.387,,2.6782,,1.3109,
5/11/2025 13:45,14.137,,0.8434,,1.351,
5/11/2025 14:00,13.95,,1.3255,,1.4031,
5/11/2025 14:15,13.762,,1.3221,,1.345,
5/11/2025 14:30,13.575,,1.6873,,1.4115,
5/11/2025 14:45,13.387,,1.9204,,1.1874,
5/11/2025 15:00,13.262,,1.8906,,1.338,
5/11/2025 15:15,13.075,,2.2417,,1.2908,
5/11/2025 15:30,12.95,,0.9868,,1.3231,
5/11/2025 15:45,12.825,,1.2179,,1.4997,
5/11/2025 16:00,12.637,,1.9245,,1.4028,
5/11/2025 16:15,12.512,,1.4316,,1.5568,
5/11/2025 16:30,12.387,,2.811,,1.5284,
5/11/2025 16:45,12.2,,2.0654,,1.3287,
5/11/2025 17:00,12.075,,1.8949,,1.5291,
5/11/2025 17:15,12.012,,1.556,,1.5262,
5/11/2025 17:30,11.887,,1.8363,,1.5378,
5/11/2025 17:45,11.762,,1.9733,,1.5882,
5/11/2025 18:00,11.637,,1.3542,,1.609,
5/11/2025 18:15,11.45,,2.1519,,1.5868,
5/11/2025 18:30,11.325,,1.2732,,1.5954,
5/11/2025 18:45,11.2,,1.7507,,1.645,
5/11/2025 19:00,11.075,,1.2516,,1.5527,
5/11/2025 19:15,10.95,,1.3186,,1.5943,
5/11/2025 19:30,10.825,,1.6378,,1.5574,
5/11/2025 19:45,10.7,,1.5594,,1.4805,
5/11/2025 20:00,10.575,,1.6943,,1.5219,
5/11/2025 20:15,10.387,,2.5223,,1.5291,
5/11/2025 20:30,10.262,,6.2458,,1.5045,
5/11/2025 20:45,10.137,,1.2128,,1.5729,
5/11/2025 21:00,10.012,,1.3481,,1.5921,
5/11/2025 21:15,9.887,,2.078,,1.4936,
5/11/2025 21:30,9.762,,1.4823,,1.5689,
5/11/2025 21:45,9.637,,1.1972,,1.4576,
5/11/2025 22:00,9.512,,0.6136,,1.6101,
5/11/2025 22:15,9.387,,0.7863,,1.5082,
5/11/2025 22:30,9.262,,2.1499,,1.4015,
5/11/2025 22:45,9.137,,1.5441,,1.4073,
5/11/2025 23:00,9.012,,2.2239,,1.3521,
5/11/2025 23:15,8.95,,1.7216,,1.3788,
5/11/2025 23:30,8.825,,1.6823,,1.4449,
5/11/2025 23:45,8.7,,1.5049,,1.5467,
5/12/2025 0:00,8.575,,1.3236,,1.5002,
5/12/2025 0:15,8.512,,3.0955,,1.5436,
5/12/2025 0:30,8.45,,2.4846,,1.475,
5/12/2025 0:45,8.387,,2.1158,,1.4855,
5/12/2025 1:00,8.387,,1.5503,,1.5542,
5/12/2025 1:15,8.325,,2.1137,,1.619,
5/12/2025 1:30,8.325,,3.572,,1.5171,
5/12/2025 1:45,8.262,,2.7315,,1.5915,
5/12/2025 2:00,8.2,,1.7986,,1.5252,
5/12/2025 2:15,8.2,,2.313,,1.5769,
5/12/2025 2:30,8.2,,1.5322,,1.5827,
5/12/2025 2:45,8.2,,1.1354,,1.4484,
5/12/2025 3:00,8.2,,1.0502,,1.4689,
5/12/2025 3:15,8.2,,1.6244,,1.5474,
5/12/2025 3:30,8.2,,1.1328,,1.4937,
5/12/2025 3:45,8.325,,1.4068,,1.5599,
5/12/2025 4:00,8.387,,1.5059,,1.4686,
5/12/2025 4:15,8.512,,0.4601,,1.7613,
5/12/2025 4:30,8.637,,1.0692,,1.5265,
5/12/2025 4:45,8.825,,1.0292,,1.5885,
5/12/2025 5:00,9.012,,1.1773,,1.4533,
5/12/2025 5:15,9.262,,0.977,,1.5777,
5/12/2025 5:30,9.512,,2.2416,,1.4188,
5/12/2025 5:45,9.825,,0.5731,,1.4877,
5/12/2025 6:00,10.262,,1.4607,,1.4828,
5/12/2025 6:15,10.637,,2.0585,,1.4895,
5/12/2025 6:30,11.075,,1.8619,,1.4248,
5/12/2025 6:45,11.387,,0.1354,,1.6074,
5/12/2025 7:00,11.762,,0.8158,,1.5833,
5/12/2025 7:15,12.075,,1.9241,,1.605,
5/12/2025 7:30,12.387,,1.431,,1.5625,
5/12/2025 7:45,12.762,,1.5081,,1.6974,
5/12/2025 8:00,13.075,,1.8866,,1.415,
5/12/2025 8:15,13.45,,0.9746,,1.5802,
5/12/2025 8:30,13.762,,1.5574,,1.3815,
5/12/2025 8:45,14.075,,1.8624,,1.6957,
5/12/2025 9:00,14.325,,0.8585,,1.5332,
5/12/2025 9:15,14.575,,0.796,,1.5044,
5/12/2025 9:30,14.887,,1.996,,1.4093,
5/12/2025 9:45,15.075,,1.9502,,1.4805,
5/12/2025 10:00,15.325,,0.8956,,1.4003,
5/12/2025 10:15,15.512,,1.8322,,1.3869,
5/12/2025 10:30,15.7,,0.8461,,1.5229,
5/12/2025 10:45,15.825,,1.695,,1.3053,
5/12/2025 11:00,15.95,,0.2193,,1.3864,
5/12/2025 11:15,16.012,,0.9689,,1.3468,
5/12/2025 11:30,16.137,,1.2699,,1.3153,
5/12/2025 11:45,16.137,,1.2569,,1.3154,
5/12/2025 12:00,16.075,,1.5584,,1.2914,
5/12/2025 12:15,16.012,,0.8565,,1.4015,
5/12/2025 12:30,15.95,,0.9564,,1.3519,
5/12/2025 12:45,15.825,,1.4107,,1.5461,
5/12/2025 13:00,15.7,,0.5644,,1.3467,
5/12/2025 13:15,15.512,,1.8173,,1.4033,
5/12/2025 13:30,15.387,,1.692,,1.3761,
5/12/2025 13:45,15.262,,1.8347,,1.3812,
5/12/2025 14:00,15.075,,1.3193,,1.4832,
5/12/2025 14:15,14.95,,1.9701,,1.4475,
5/12/2025 14:30,14.825,,0.6495,,1.5344,
5/12/2025 14:45,14.7,,1.8305,,1.5154,
5/12/2025 15:00,14.575,,1.0783,,1.532,
5/12/2025 15:15,14.45,,0.753,,1.5278,
5/12/2025 15:30,14.387,,0.9979,,1.5094,
5/12/2025 15:45,14.262,,1.5839,,1.6543,
5/12/2025 16:00,14.137,,1.7902,,1.4501,
5/12/2025 16:15,14.012,,1.364,,1.5506,
5/12/2025 16:30,13.887,,1.5421,,1.4823,
5/12/2025 16:45,13.762,,2.0263,,1.4833,
5/12/2025 17:00,13.637,,2.2548,,1.381,
5/12/2025 17:15,13.512,,2.6964,,1.4099,
5/12/2025 17:30,13.387,,2.0994,,1.5515,
5/12/2025 17:45,13.325,,2.3092,,1.4264,
5/12/2025 18:00,13.2,,1.361,,1.587,
5/12/2025 18:15,13.137,,1.8189,,1.5511,
5/12/2025 18:30,13.012,,1.1731,,1.6048,
5/12/2025 18:45,12.95,,0.9312,,1.5594,
5/12/2025 19:00,12.825,,0.8888,,1.612,
5/12/2025 19:15,12.7,,1.849,,1.5429,
5/12/2025 19:30,12.637,,2.2013,,1.4913,
5/12/2025 19:45,12.512,,0.9856,,1.6158,
5/12/2025 20:00,12.387,,1.8748,,1.6315,
5/12/2025 20:15,12.325,,1.346,,1.5947,
5/12/2025 20:30,12.2,,1.1469,,1.6998,
5/12/2025 20:45,12.137,,1.0271,,1.5775,
5/12/2025 21:00,12.012,,0.888,,1.6775,
5/12/2025 21:15,11.95,,1.4023,,1.7016,
5/12/2025 21:30,11.825,,0.9108,,1.7359,
5/12/2025 21:45,11.762,,1.6381,,1.6791,
5/12/2025 22:00,11.7,,1.0592,,1.8317,
5/12/2025 22:15,11.7,,1.7228,,1.5888,
5/12/2025 22:30,11.637,,1.0761,,1.6573,
5/12/2025 22:45,11.637,,0.9536,,1.6612,
5/12/2025 23:00,11.575,,0.4964,,1.7149,
5/12/2025 23:15,11.575,,0.1442,,1.6597,
5/12/2025 23:30,11.45,,1.3913,,1.7526,
5/12/2025 23:45,11.387,,1.4482,,1.6854,
5/13/2025 0:00,11.325,,1.2647,,1.7445,
5/13/2025 0:15,11.262,,1.3359,,1.6256,
5/13/2025 0:30,11.137,,1.204,,1.7276,
5/13/2025 0:45,11.137,,1.3488,,1.8088,
5/13/2025 1:00,11.075,,1.0863,,1.7896,
5/13/2025 1:15,10.95,,1.7088,,1.8141,
5/13/2025 1:30,10.887,,1.3302,,1.8175,
5/13/2025 1:45,10.825,,1.5683,,1.7395,
5/13/2025 2:00,10.762,,1.2908,,1.7148,
5/13/2025 2:15,10.7,,1.9692,,1.7002,
5/13/2025 2:30,10.7,,1.1777,,1.7842,
5/13/2025 2:45,10.7,,2.0709,,1.7267,
5/13/2025 3:00,10.7,,1.7853,,1.7661,
5/13/2025 3:15,10.762,,1.891,,1.8407,
5/13/2025 3:30,10.762,,1.5732,,1.7284,
5/13/2025 3:45,10.825,,2.1367,,1.6389,
5/13/2025 4:00,10.95,,2.1452,,1.6255,
5/13/2025 4:15,11.075,,2.3762,,1.723,
5/13/2025 4:30,11.137,,1.606,,1.7159,
5/13/2025 4:45,11.325,,3.0002,,1.5812,
5/13/2025 5:00,11.45,,2.4709,,1.59,
5/13/2025 5:15,11.637,,1.1868,,1.6551,
5/13/2025 5:30,11.825,,2.7194,,1.6081,
5/13/2025 5:45,12.075,,1.8464,,1.7358,
5/13/2025 6:00,12.2,,0.9616,,1.5507,
5/13/2025 6:15,12.512,,0.6844,,1.5511,
5/13/2025 6:30,12.825,,1.4006,,1.5467,
5/13/2025 6:45,13.137,,1.4079,,1.6364,
5/13/2025 7:00,13.512,,1.8353,,1.6063,
5/13/2025 7:15,13.762,,1.0398,,1.6489,
5/13/2025 7:30,14.075,,1.4284,,1.5377,
5/13/2025 7:45,14.325,,1.6889,,1.7543,
5/13/2025 8:00,14.637,,1.6666,,1.5792,
5/13/2025 8:15,14.887,,2.1538,,1.6338,
5/13/2025 8:30,15.137,,1.487,,1.4507,
5/13/2025 8:45,15.325,,1.5125,,1.5898,
5/13/2025 9:00,15.575,,0.6556,,1.5088,
5/13/2025 9:15,15.762,,2.3773,,1.5242,
5/13/2025 9:30,16.012,,1.4167,,1.5016,
5/13/2025 9:45,16.2,,1.943,,1.4557,
5/13/2025 10:00,16.387,,2.5003,,1.3448,
5/13/2025 10:15,16.575,,1.6064,,1.42,
5/13/2025 10:30,16.7,,1.8058,,1.3583,
5/13/2025 10:45,16.825,,0.6848,,1.38,
5/13/2025 11:00,16.887,,1.744,,1.3501,
5/13/2025 11:15,16.95,,1.9625,,1.3142,
5/13/2025 11:30,16.887,,2.3589,,1.3269,
5/13/2025 11:45,16.887,,1.6644,,1.3077,
5/13/2025 12:00,16.762,,1.626,,1.4389,
5/13/2025 12:15,16.637,,2.2367,,1.3939,
5/13/2025 12:30,16.512,,1.655,,1.462,
5/13/2025 12:45,16.325,,2.4746,,1.4562,
5/13/2025 13:00,16.075,,1.6322,,1.4905,
5/13/2025 13:15,15.887,,2.6295,,1.4436,
5/13/2025 13:30,15.637,,2.6462,,1.4375,
5/13/2025 13:45,15.387,,2.0034,,1.5604,
5/13/2025 14:00,15.137,,1.9929,,1.543,
5/13/2025 14:15,15.012,,1.5039,,1.5035,
5/13/2025 14:30,14.762,,1.6434,,1.5378,
5/13/2025 14:45,14.575,,1.4265,,1.5542,
5/13/2025 15:00,14.387,,1.7177,,1.6437,
5/13/2025 15:15,14.262,,2.1971,,1.5599,
5/13/2025 15:30,14.137,,3.2643,,1.5872,
5/13/2025 15:45,13.95,,5.1415,,1.4737,
5/13/2025 16:00,13.825,,4.976,,1.5552,
5/13/2025 16:15,13.637,,4.0665,,1.5851,
5/13/2025 16:30,13.512,,5.0755,,1.5977,
5/13/2025 16:45,13.325,,4.3013,,1.4807,
5/13/2025 17:00,13.2,,4.4132,,1.4919,
5/13/2025 17:15,13.075,,2.7669,,1.5568,
5/13/2025 17:30,12.95,,2.7598,,1.5511,
5/13/2025 17:45,12.762,,2.7093,,1.4725,
5/13/2025 18:00,12.7,,2.0747,,1.6336,
5/13/2025 18:15,12.575,,1.8364,,1.5777,
5/13/2025 18:30,12.45,,1.3522,,1.6994,
5/13/2025 18:45,12.325,,2.094,,1.5738,
5/13/2025 19:00,12.2,,1.0897,,1.6885,
5/13/2025 19:15,12.075,,1.4448,,1.6256,
5/13/2025 19:30,11.95,,1.826,,1.6456,
5/13/2025 19:45,11.825,,2.0163,,1.514,
5/13/2025 20:00,11.762,,1.1032,,1.7531,
5/13/2025 20:15,11.575,,2.1751,,1.574,
5/13/2025 20:30,11.512,,2.2193,,1.6899,
5/13/2025 20:45,11.387,,1.1083,,1.6319,
5/13/2025 21:00,11.262,,2.2937,,1.5854,
5/13/2025 21:15,11.2,,0.7874,,1.7352,
5/13/2025 21:30,11.075,,2.0124,,1.6261,
5/13/2025 21:45,11.012,,2.5119,,1.6469,
5/13/2025 22:00,10.887,,0.8154,,1.6264,
5/13/2025 22:15,10.825,,1.5046,,1.5976,
5/13/2025 22:30,10.762,,1.7869,,1.6983,
5/13/2025 22:45,10.7,,1.804,,1.6965,
5/13/2025 23:00,10.575,,2.9906,,1.5778,
5/13/2025 23:15,10.45,,2.4042,,1.6865,
5/13/2025 23:30,10.387,,2.5439,,1.6811,
5/13/2025 23:45,10.325,,2.3777,,1.5485,
5/14/2025 0:00,10.2,,2.6573,,1.5911,
5/14/2025 0:15,10.137,,2.492,,1.5564,
5/14/2025 0:30,10.075,,2.1827,,1.5995,
5/14/2025 0:45,10.012,,3.3321,,1.635,
5/14/2025 1:00,9.95,,2.5493,,1.6085,
5/14/2025 1:15,9.825,,2.4876,,1.5913,
5/14/2025 1:30,9.762,,2.7869,,1.744,
5/14/2025 1:45,9.7,,1.9101,,1.5646,
5/14/2025 2:00,9.637,,3.4737,,1.6171,
5/14/2025 2:15,9.575,,4.3712,,1.5906,
5/14/2025 2:30,9.575,,3.0161,,1.5015,
5/14/2025 2:45,9.575,,2.6018,,1.7138,
5/14/2025 3:00,9.575,,2.009,,1.6646,
5/14/2025 3:15,9.637,,3.3582,,1.5243,
5/14/2025 3:30,9.7,,2.0319,,1.6856,
5/14/2025 3:45,9.762,,1.86,,1.6328,
5/14/2025 4:00,9.887,,3.3846,,1.6054,
5/14/2025 4:15,10.012,,2.5921,,1.553,
5/14/2025 4:30,10.137,,1.9426,,1.5895,
5/14/2025 4:45,10.387,,2.6765,,1.6324,
5/14/2025 5:00,10.575,,1.6733,,1.5132,
5/14/2025 5:15,10.825,,2.583,,1.5668,
5/14/2025 5:30,11.075,,1.7134,,1.488,
5/14/2025 5:45,11.387,,2.7524,,1.5048,
5/14/2025 6:00,11.762,,1.6858,,1.5659,
5/14/2025 6:15,12.137,,2.0604,,1.5723,
5/14/2025 6:30,12.637,,1.3534,,1.5922,
5/14/2025 6:45,13.012,,2.5656,,1.6697,
5/14/2025 7:00,13.387,,2.2224,,1.6121,
5/14/2025 7:15,13.762,,2.8461,,1.6419,
5/14/2025 7:30,14.137,,3.3035,,1.6,
5/14/2025 7:45,14.512,,2.1873,,1.6758,
5/14/2025 8:00,14.887,,2.409,,1.6289,
5/14/2025 8:15,15.262,,1.9237,,1.6365,
5/14/2025 8:30,15.575,,2.278,,1.5765,
5/14/2025 8:45,15.825,,1.823,,1.5552,
5/14/2025 9:00,16.012,,2.1348,,1.5181,
5/14/2025 9:15,16.262,,2.4297,,1.5584,
5/14/2025 9:30,16.512,,2.516,,1.3714,
5/14/2025 9:45,16.7,,2.1873,,1.4275,
5/14/2025 10:00,16.887,,2.4252,,1.3944,
5/14/2025 10:15,17.012,,2.4911,,1.3809,
5/14/2025 10:30,17.075,,2.3265,,1.3441,
5/14/2025 10:45,17.137,,2.2021,,1.4019,
5/14/2025 11:00,17.2,,2.1889,,1.3654,
5/14/2025 11:15,17.2,,1.5903,,1.2754,
5/14/2025 11:30,17.075,,2.6626,,1.3005,
5/14/2025 11:45,16.95,,1.1245,,1.3636,
5/14/2025 12:00,16.887,,2.0582,,1.3094,
5/14/2025 12:15,16.95,,2.6852,,1.2741,
5/14/2025 12:30,17.012,,3.3078,,1.3036,
5/14/2025 12:45,17.075,,4.0465,,1.158,
5/14/2025 13:00,17.075,,2.296,,1.2995,
5/14/2025 13:15,17.012,,2.3544,,1.1481,
5/14/2025 13:30,16.825,,1.4232,,1.3446,
5/14/2025 13:45,16.7,,2.9293,,1.3911,
5/14/2025 14:00,16.45,,3.7343,,1.4638,
5/14/2025 14:15,16.262,,4.3097,,1.4645,
5/14/2025 14:30,16.012,,2.9119,,1.3807,
5/14/2025 14:45,15.825,,3.1198,,1.439,
5/14/2025 15:00,15.575,,3.1345,,1.4825,
5/14/2025 15:15,15.387,,3.4127,,1.3745,
5/14/2025 15:30,15.2,,4.9716,,1.4969,
5/14/2025 15:45,15.075,,5.7994,,1.4617,
5/14/2025 16:00,14.887,,5.4642,,1.5305,
5/14/2025 16:15,14.762,,3.866,,1.4414,
5/14/2025 16:30,14.637,,2.8084,,1.5783,
5/14/2025 16:45,14.45,,3.5385,,1.5761,
5/14/2025 17:00,14.325,,4.1405,,1.5792,
5/14/2025 17:15,14.2,,3.4046,,1.5676,
5/14/2025 17:30,14.075,,2.7985,,1.508,
5/14/2025 17:45,13.887,,2.9018,,1.5362,
5/14/2025 18:00,13.762,,2.5215,,1.5304,
5/14/2025 18:15,13.637,,3.3678,,1.6594,
5/14/2025 18:30,13.512,,3.4415,,1.5911,
5/14/2025 18:45,13.387,,3.7383,,1.6044,
5/14/2025 19:00,13.325,,3.7771,,1.3224,
5/14/2025 19:15,13.2,,3.4011,,1.3458,
5/14/2025 19:30,13.075,,4.2335,,1.5356,
5/14/2025 19:45,13.012,,3.9072,,1.4228,
5/14/2025 20:00,12.95,,3.0904,,1.4837,
5/14/2025 20:15,12.825,,2.9063,,1.5454,
5/14/2025 20:30,12.762,,2.3675,,1.517,
5/14/2025 20:45,12.762,,2.362,,1.4806,
5/14/2025 21:00,12.7,,2.6985,,1.4426,
5/14/2025 21:15,12.637,,3.1507,,1.5028,
5/14/2025 21:30,12.575,,2.0045,,1.5543,
5/14/2025 21:45,12.575,,1.8512,,1.6116,
5/14/2025 22:00,12.512,,1.3891,,1.5205,
5/14/2025 22:15,12.45,,0.9233,,1.5417,
5/14/2025 22:30,12.387,,1.9529,,1.6364,
5/14/2025 22:45,12.325,,1.5699,,1.6323,
5/14/2025 23:00,12.262,,1.8329,,1.4341,
5/14/2025 23:15,12.2,,4.2164,,2.7079,
5/14/2025 23:30,12.137,,2.7691,,1.6427,
5/14/2025 23:45,12.075,,2.3927,,1.6543,
5/15/2025 0:00,12.075,,2.4026,,1.599,
5/15/2025 0:15,12.075,,2.1497,,1.6204,
5/15/2025 0:30,12.012,,2.3687,,1.6484,
5/15/2025 0:45,12.012,,3.412,,1.6803,
5/15/2025 1:00,12.012,,1.849,,1.6554,
5/15/2025 1:15,11.95,,2.1267,,1.6335,
5/15/2025 1:30,11.887,,2.1466,,1.7042,
5/15/2025 1:45,11.887,,3.6895,,1.6237,
5/15/2025 2:00,11.887,,2.0939,,1.7445,
5/15/2025 2:15,11.825,,3.6057,,1.631,
5/15/2025 2:30,11.887,,2.5593,,1.6604,
5/15/2025 2:45,11.887,,4.31,,1.5001,
5/15/2025 3:00,11.887,,5.3793,,1.5965,
5/15/2025 3:15,11.887,,6.1772,,1.6464,
5/15/2025 3:30,11.95,,5.8579,,1.6255,
5/15/2025 3:45,11.95,,6.7211,,1.6761,
5/15/2025 4:00,12.075,,9.6121,,1.5554,
5/15/2025 4:15,12.137,,10.9772,,1.5331,
5/15/2025 4:30,12.262,,12.405,,1.6153,
5/15/2025 4:45,12.325,,9.8804,,1.4789,
5/15/2025 5:00,12.45,,8.4412,,1.5342,
5/15/2025 5:15,12.512,,8.4355,,1.6116,
5/15/2025 5:30,12.637,,7.5984,,1.6414,
5/15/2025 5:45,12.762,,8.6604,,1.4695,
5/15/2025 6:00,12.887,,10.7783,,1.4096,
5/15/2025 6:15,13.012,,10.4794,,1.5284,
5/15/2025 6:30,13.137,,9.8901,,1.4323,
5/15/2025 6:45,13.2,,7.0708,,1.486,
5/15/2025 7:00,13.325,,8.6299,,1.4836,
5/15/2025 7:15,13.45,,13.3859,,1.4848,
5/15/2025 7:30,13.575,,12.7312,,1.4228,
5/15/2025 7:45,13.7,,10.4467,,1.5663,
5/15/2025 8:00,13.95,,9.8759,,1.5678,
5/15/2025 8:15,14.137,,10.7702,,1.5133,
5/15/2025 8:30,14.387,,11.4691,,1.5699,
5/15/2025 8:45,14.762,,12.7183,,1.4953,
5/15/2025 9:00,15.137,,12.8417,,1.4305,
5/15/2025 9:15,15.387,,10.2958,,1.3154,
5/15/2025 9:30,15.575,,8.7727,,1.4667,
5/15/2025 9:45,15.637,,8.8004,,1.3674,
5/15/2025 10:00,15.762,,8.0586,,1.5747,
5/15/2025 10:15,15.762,,7.5408,,1.3291,
5/15/2025 10:30,15.825,,9.5203,,1.4548,
5/15/2025 10:45,15.95,,10.6011,,1.3333,
5/15/2025 11:00,16.012,,8.6916,,1.3981,
5/15/2025 11:15,16.012,,5.0943,,1.4276,
5/15/2025 11:30,16.137,,4.5347,,1.5021,
5/15/2025 11:45,16.137,,3.8722,,1.3022,
5/15/2025 12:00,16.2,,3.9624,,1.4023,
5/15/2025 12:15,16.2,,3.866,,1.3881,
5/15/2025 12:30,16.137,,3.9599,,1.4015,
5/15/2025 12:45,16.075,,3.0171,,1.4552,
5/15/2025 13:00,16.075,,3.3735,,1.4995,
5/15/2025 13:15,16.075,,4.676,,1.4763,
5/15/2025 13:30,16.075,,7.8446,,1.5484,
5/15/2025 13:45,16.137,,9.4119,,1.3982,
5/15/2025 14:00,16.137,,9.8847,,1.4073,
5/15/2025 14:15,16.075,,10.5761,,1.4073,
5/15/2025 14:30,16.075,,7.9414,,1.3909,
5/15/2025 14:45,16.012,,7.0652,,1.5349,
5/15/2025 15:00,15.95,,6.402,,1.4979,
5/15/2025 15:15,15.825,,6.1504,,1.3845,
5/15/2025 15:30,15.762,,6.1774,,1.3427,
5/15/2025 15:45,15.637,,5.3019,,1.4689,
5/15/2025 16:00,15.512,,5.1533,,1.5153,
5/15/2025 16:15,15.325,,3.7293,,1.4191,
5/15/2025 16:30,15.2,,5.1687,,1.5495,
5/15/2025 16:45,15.075,,5.6004,,1.467,
5/15/2025 17:00,14.95,,5.3512,,1.4811,
5/15/2025 17:15,14.825,,5.2978,,1.5186,
5/15/2025 17:30,14.7,,4.4144,,1.4664,
5/15/2025 17:45,14.637,,4.2651,,1.4618,
5/15/2025 18:00,14.512,,4.3523,,1.4688,
5/15/2025 18:15,14.45,,3.035,,1.54,
5/15/2025 18:30,14.325,,3.2725,,1.4597,
5/15/2025 18:45,14.262,,2.5917,,1.6021,
5/15/2025 19:00,14.2,,2.2262,,1.4748,
5/15/2025 19:15,14.137,,3.3966,,1.4929,
5/15/2025 19:30,14.075,,2.3931,,1.4812,
5/15/2025 19:45,14.012,,2.3749,,1.5446,
5/15/2025 20:00,13.95,,1.8135,,1.5158,
5/15/2025 20:15,13.95,,2.7654,,1.438,
5/15/2025 20:30,13.887,,1.6954,,1.4955,
5/15/2025 20:45,13.825,,3.0323,,1.4378,
5/15/2025 21:00,13.825,,2.152,,1.4407,
5/15/2025 21:15,13.825,,2.9739,,1.4981,
5/15/2025 21:30,13.762,,1.8713,,1.5169,
5/15/2025 21:45,13.762,,1.7435,,1.4547,
5/15/2025 22:00,13.7,,2.1708,,1.444,
5/15/2025 22:15,13.7,,1.4965,,1.5946,
5/15/2025 22:30,13.637,,2.0506,,1.4674,
5/15/2025 22:45,13.575,,2.1393,,1.4889,
5/15/2025 23:00,13.575,,2.3604,,1.3904,
5/15/2025 23:15,13.575,,1.5104,,1.5528,
5/15/2025 23:30,13.575,,2.5598,,1.3773,
5/15/2025 23:45,13.512,,3.7624,,1.5241,
5/16/2025 0:00,13.512,,2.9387,,1.4283,
5/16/2025 0:15,13.512,,2.8534,,1.4992,
5/16/2025 0:30,13.45,,2.5025,,1.5802,
5/16/2025 0:45,13.387,,2.6117,,1.5043,
5/16/2025 1:00,13.387,,2.0374,,1.4496,
5/16/2025 1:15,13.387,,2.5711,,1.5879,
5/16/2025 1:30,13.387,,2.391,,1.5466,
5/16/2025 1:45,13.325,,1.9364,,1.485,
5/16/2025 2:00,13.325,,2.4475,,1.458,
5/16/2025 2:15,13.325,,2.2865,,1.5521,
5/16/2025 2:30,13.262,,2.1329,,1.4124,
5/16/2025 2:45,13.262,,2.5611,,1.4461,
5/16/2025 3:00,13.262,,2.7192,,1.3342,
5/16/2025 3:15,13.325,,1.9803,,1.5034,
5/16/2025 3:30,13.325,,3.747,,1.5629,
5/16/2025 3:45,13.45,,2.9101,,1.4566,
5/16/2025 4:00,13.512,,2.722,,1.5293,
5/16/2025 4:15,13.7,,2.1172,,1.6843,
5/16/2025 4:30,13.825,,2.334,,1.5982,
5/16/2025 4:45,13.95,,3.3904,,1.621,
5/16/2025 5:00,14.137,,2.6295,,1.4591,
5/16/2025 5:15,14.325,,2.9246,,1.4623,
5/16/2025 5:30,14.45,,3.6188,,1.4978,
5/16/2025 5:45,14.7,,1.8709,,1.5705,
5/16/2025 6:00,15.012,,2.8611,,1.5051,
5/16/2025 6:15,15.262,,3.2322,,1.5241,
5/16/2025 6:30,15.575,,3.7825,,1.4689,
5/16/2025 6:45,16.012,,2.8865,,1.4435,
5/16/2025 7:00,16.387,,3.4856,,1.3309,
5/16/2025 7:15,16.7,,4.045,,1.2572,
5/16/2025 7:30,16.95,,3.939,,1.1778,
5/16/2025 7:45,17.2,,3.0112,,1.0945,
5/16/2025 8:00,17.45,,3.3069,,1.1607,
5/16/2025 8:15,17.825,,3.1338,,0.9701,
5/16/2025 8:30,18.075,,2.686,,0.9617,
5/16/2025 8:45,18.387,,2.505,,1.0009,
5/16/2025 9:00,18.575,,2.4555,,1.0924,
5/16/2025 9:15,18.762,,2.4591,,1.0397,
5/16/2025 9:30,18.95,,2.8614,,1.0818,
5/16/2025 9:45,19.075,,3.1991,,0.9873,
5/16/2025 10:00,19.2,,3.6232,,1.0797,
5/16/2025 10:15,19.325,,3.0565,,1.0724,
5/16/2025 10:30,19.512,,3.005,,0.9781,
5/16/2025 10:45,19.762,,3.104,,1.112,
5/16/2025 11:00,19.95,,2.8006,,1.017,
5/16/2025 11:15,20.137,,3.0657,,0.9461,
5/16/2025 11:30,20.262,,3.0732,,0.8335,
5/16/2025 11:45,20.325,,2.74,,0.8524,
5/16/2025 12:00,20.325,,3.1778,,0.945,
5/16/2025 12:15,20.262,,2.9846,,0.9042,
5/16/2025 12:30,20.2,,2.1918,,1.0176,
5/16/2025 12:45,20.075,,2.4799,,0.9823,
5/16/2025 13:00,19.887,,2.4137,,0.9943,
5/16/2025 13:15,19.7,,2.7159,,0.9941,
5/16/2025 13:30,19.45,,1.7499,,1.038,
5/16/2025 13:45,19.262,,2.9135,,1.1481,
5/16/2025 14:00,19.012,,3.0487,,0.9994,
5/16/2025 14:15,18.825,,2.8338,,1.0434,
5/16/2025 14:30,18.637,,2.4227,,1.1986,
5/16/2025 14:45,18.45,,3.2374,,1.1254,
5/16/2025 15:00,18.262,,2.7607,,1.1858,
5/16/2025 15:15,18.075,,2.5809,,1.15,
5/16/2025 15:30,17.95,,3.346,,1.0869,
5/16/2025 15:45,17.762,,3.9276,,1.2085,
5/16/2025 16:00,17.637,,3.6688,,1.168,
5/16/2025 16:15,17.512,,3.4567,,1.0819,
5/16/2025 16:30,17.325,,3.6666,,1.231,
5/16/2025 16:45,17.2,,4.0809,,1.1742,
5/16/2025 17:00,17.075,,3.3647,,1.2337,
5/16/2025 17:15,16.95,,4.4386,,1.2312,
5/16/2025 17:30,16.762,,4.067,,1.3189,
5/16/2025 17:45,16.7,,4.2569,,1.2649,
5/16/2025 18:00,16.575,,3.3516,,1.1901,
5/16/2025 18:15,16.45,,3.5534,,1.1888,
5/16/2025 18:30,16.262,,3.6088,,1.2006,
5/16/2025 18:45,16.2,,2.9034,,1.252,
5/16/2025 19:00,16.075,,2.966,,1.2836,
5/16/2025 19:15,15.95,,2.6666,,1.2826,
5/16/2025 19:30,15.887,,2.4121,,1.3691,
5/16/2025 19:45,15.762,,3.5827,,1.3599,
5/16/2025 20:00,15.637,,2.4413,,1.2657,
5/16/2025 20:15,15.575,,3.5192,,1.2994,
5/16/2025 20:30,15.512,,3.2786,,1.16,
5/16/2025 20:45,15.387,,4.091,,1.1559,
5/16/2025 21:00,15.325,,3.3037,,1.3211,
5/16/2025 21:15,15.262,,2.2683,,1.3322,
5/16/2025 21:30,15.137,,2.8482,,1.2815,
5/16/2025 21:45,15.075,,1.7084,,1.3401,
5/16/2025 22:00,15.012,,3.0538,,1.2763,
5/16/2025 22:15,14.95,,3.1026,,1.2256,
5/16/2025 22:30,14.887,,2.544,,1.2905,
5/16/2025 22:45,14.825,,3.3176,,1.2023,
5/16/2025 23:00,14.762,,3.4954,,1.4591,
5/16/2025 23:15,14.7,,3.1353,,1.2623,
5/16/2025 23:30,14.7,,3.9067,,1.2821,
5/17/2025 0:00,14.575,,3.8257,,1.293,
5/17/2025 0:15,14.575,,3.7942,,1.3458,
5/17/2025 0:30,14.575,,3.7576,,1.242,
5/17/2025 0:45,14.512,,3.5923,,1.2436,
5/17/2025 1:00,14.512,,3.8394,,1.3367,
5/17/2025 1:15,14.45,,3.3164,,1.3155,
5/17/2025 1:30,14.45,,3.2486,,1.4542,
5/17/2025 1:45,14.387,,4.7508,,1.3983,
5/17/2025 2:00,14.387,,3.6587,,1.3396,
5/17/2025 2:15,14.325,,4.3443,,1.3009,
5/17/2025 2:30,14.325,,5.0971,,1.2855,
5/17/2025 2:45,14.262,,4.467,,1.3252,
5/17/2025 3:00,14.262,,4.4199,,1.2662,
5/17/2025 3:15,14.262,,4.8838,,1.3756,
5/17/2025 3:30,14.262,,3.1985,,1.2942,
5/17/2025 3:45,14.2,,3.4596,,1.3431,
5/17/2025 4:00,14.2,,3.8843,,1.377,
5/17/2025 4:15,14.2,,5.4391,,1.2495,
5/17/2025 4:30,14.2,,4.35,,1.2394,
5/17/2025 4:45,14.2,,5.0044,,1.3171,
5/17/2025 5:00,14.2,,4.4365,,1.2266,
5/17/2025 5:15,14.2,,3.698,,1.418,
5/17/2025 5:30,14.262,,4.0266,,1.3253,
5/17/2025 5:45,14.262,,3.802,,1.2871,
5/17/2025 6:00,14.325,,3.7868,,1.293,
5/17/2025 6:15,14.325,,3.6315,,1.2199,
5/17/2025 6:30,14.387,,3.8857,,1.3809,
5/17/2025 6:45,14.387,,4.1351,,1.2892,
5/17/2025 7:00,14.45,,3.4222,,1.4061,
5/17/2025 7:15,14.45,,3.9683,,1.2682,
5/17/2025 7:30,14.512,,5.9126,,1.3226,
5/17/2025 7:45,14.512,,6.0649,,1.3579,
5/17/2025 8:00,14.512,,6.2612,,1.3193,
5/17/2025 8:15,14.512,,4.8979,,1.3656,
5/17/2025 8:30,14.512,,3.9979,,1.3442,
5/17/2025 8:45,14.575,,3.6531,,1.2662,
5/17/2025 9:00,14.512,,3.8403,,1.336,
5/17/2025 9:15,14.575,,4.1136,,1.3348,
5/17/2025 9:30,14.575,,4.1771,,1.4848,
5/17/2025 9:45,14.512,,2.8987,,1.4817,
5/17/2025 10:00,14.512,,3.3386,,1.3866,
5/17/2025 10:15,14.512,,4.0732,,1.3353,
5/17/2025 10:30,14.512,,3.3319,,1.2787,
5/17/2025 10:45,14.575,,3.1571,,1.4354,
5/17/2025 11:00,14.575,,3.5251,,1.427,
5/17/2025 11:15,14.637,,3.4315,,1.4023,
5/17/2025 11:30,14.637,,3.2733,,1.4233,
5/17/2025 11:45,14.7,,3.5456,,1.4957,
5/17/2025 12:00,14.762,,3.7412,,1.3404,
5/17/2025 12:15,14.762,,3.9074,,1.3692,
5/17/2025 12:30,14.825,,3.7759,,1.4333,
5/17/2025 12:45,14.825,,3.8235,,1.4367,
5/17/2025 13:00,14.887,,2.9546,,1.4123,
5/17/2025 13:15,15.012,,3.5426,,1.3602,
5/17/2025 13:30,15.075,,2.9752,,1.4555,
5/17/2025 13:45,15.137,,3.7494,,1.4622,
5/17/2025 14:00,15.2,,3.8731,,1.411,
5/17/2025 14:15,15.2,,3.8801,,1.586,
5/17/2025 14:30,15.2,,4.2609,,1.5455,
5/17/2025 14:45,15.137,,4.17,,1.4784,
5/17/2025 15:00,15.075,,3.5724,,1.4817,
5/17/2025 15:15,15.075,,4.3541,,1.3835,
5/17/2025 15:30,14.95,,4.5512,,1.4335,
5/17/2025 15:45,14.887,,5.1086,,1.5239,
5/17/2025 16:00,14.762,,5.5816,,1.436,
5/17/2025 16:15,14.7,,5.1509,,1.4761,
5/17/2025 16:30,14.575,,4.1696,,1.4744,
5/17/2025 16:45,14.512,,5.1451,,1.3497,
5/17/2025 17:00,14.45,,5.6139,,1.4881,
5/17/2025 17:15,14.387,,5.3519,,1.4053,
5/17/2025 17:30,14.325,,5.4446,,1.5816,
5/17/2025 17:45,14.262,,3.3013,,1.4874,
5/17/2025 18:00,14.262,,4.214,,1.4554,
5/17/2025 18:15,14.2,,7.5061,,1.547,
5/17/2025 18:30,14.137,,10.5414,,1.6093,
5/17/2025 18:45,14.137,,16.1206,,1.7191,
5/17/2025 19:00,14.012,,14.0409,,1.6538,
5/17/2025 19:15,14.012,,11.739,,1.8207,
5/17/2025 19:30,14.012,,10.3175,,2.0632,
5/17/2025 19:45,13.95,,7.3542,,2.2532,
5/17/2025 20:00,13.95,,6.7013,,2.3276,
5/17/2025 20:15,13.95,,6.5725,,2.0689,
5/17/2025 20:30,13.95,,4.8924,,2.0538,
5/17/2025 20:45,13.887,,4.9519,,2.0896,
5/17/2025 21:00,13.887,,4.5525,,2.0524,
5/17/2025 21:15,13.887,,5.1704,,1.9367,
5/17/2025 21:30,13.825,,5.1621,,1.9023,
5/17/2025 21:45,13.762,,5.2175,,1.8768,
5/17/2025 22:00,13.7,,4.847,,1.9912,
5/17/2025 22:15,13.637,,3.896,,1.8904,
5/17/2025 22:30,13.575,,4.0754,,2.0144,
5/17/2025 22:45,13.575,,4.9435,,1.8619,
5/17/2025 23:00,13.512,,3.9899,,1.867,
5/17/2025 23:15,13.45,,3.9542,,1.9866,
5/17/2025 23:30,13.387,,3.6307,,1.9728,
5/17/2025 23:45,13.325,,4.1909,,1.8705,
5/18/2025 0:00,13.262,,3.9178,,1.8637,
5/18/2025 0:15,13.137,,2.8705,,1.9289,
5/18/2025 0:30,13.075,,3.0797,,1.7308,
5/18/2025 0:45,13.012,,5.3396,,1.7098,
5/18/2025 1:00,12.95,,5.7371,,1.7251,
5/18/2025 1:15,12.825,,4.6231,,1.7198,
5/18/2025 1:30,12.762,,4.7802,,1.5373,
5/18/2025 1:45,12.7,,4.9855,,1.6777,
5/18/2025 2:00,12.637,,3.9776,,1.5525,
5/18/2025 2:15,12.637,,4.9696,,1.5449,
5/18/2025 2:30,12.637,,4.6725,,1.3885,
5/18/2025 2:45,12.7,,5.8456,,1.4682,
5/18/2025 3:00,12.7,,3.8109,,1.4947,
5/18/2025 3:15,12.762,,3.993,,1.5794,
5/18/2025 3:30,12.825,,4.5219,,1.5283,
5/18/2025 3:45,12.887,,4.4126,,1.3899,
5/18/2025 4:00,13.012,,4.3853,,1.5181,
5/18/2025 4:15,13.075,,3.5318,,1.4156,
5/18/2025 4:30,13.2,,3.3384,,1.4018,
5/18/2025 4:45,13.325,,3.543,,1.4924,
5/18/2025 5:00,13.512,,4.2876,,1.4485,
5/18/2025 5:15,13.762,,5.1307,,1.3981,
5/18/2025 5:30,14.012,,8.016,,1.3008,
5/18/2025 5:45,14.262,,6.726,,1.2913,
5/18/2025 6:00,14.575,,6.121,,1.3505,
5/18/2025 6:15,14.762,,4.5598,,1.4269,
5/18/2025 6:30,14.887,,5.7467,,1.232,
5/18/2025 6:45,14.95,,5.0912,,1.368,
5/18/2025 7:00,14.95,,8.4259,,1.2742,
5/18/2025 7:15,14.95,,6.7467,,1.2531,
5/18/2025 7:30,15.012,,4.8524,,1.3492,
5/18/2025 7:45,15.137,,4.9806,,1.385,
5/18/2025 8:00,15.262,,4.3072,,1.3425,
5/18/2025 8:15,15.387,,3.7178,,1.2959,
5/18/2025 8:30,15.512,,3.4206,,1.2874,
5/18/2025 8:45,15.512,,7.1652,,1.4454,
5/18/2025 9:00,15.575,,8.7613,,1.1825,
5/18/2025 9:15,15.7,,6.0972,,0.6953,
5/18/2025 9:30,15.825,,7.6374,,1.3305,
5/18/2025 9:45,15.887,,6.4002,,1.224,
5/18/2025 10:00,15.95,,5.7302,,1.2965,
5/18/2025 10:15,16.075,,4.5149,,1.1835,
5/18/2025 10:30,16.137,,4.2675,,1.2414,
5/18/2025 10:45,16.137,,7.3236,,0.3397,
5/18/2025 11:00,16.075,,5.1076,,1.3456,
5/18/2025 11:15,16.012,,16.4611,,1.1931,
5/18/2025 11:30,16.012,,12.9535,,1.2464,
5/18/2025 11:45,16.075,,9.3468,,1.2215,
5/18/2025 12:00,16.2,,6.9627,,1.1248,
5/18/2025 12:15,16.325,,6.8582,,1.2359,
5/18/2025 12:30,16.387,,9.4395,,1.1582,
5/18/2025 12:45,16.45,,10.4351,,1.0902,
5/18/2025 13:00,16.45,,10.0371,,1.032,
5/18/2025 13:15,16.387,,6.8233,,1.1053,
5/18/2025 13:30,16.387,,5.647,,1.1308,
5/18/2025 13:45,16.262,,6.3978,,1.1521,
5/18/2025 14:00,16.137,,8.57,,1.1879,
5/18/2025 14:15,16.012,,7.6073,,1.1672,
5/18/2025 14:30,15.887,,7.1391,,1.0883,
5/18/2025 14:45,15.762,,5.6823,,1.3448,
5/18/2025 15:00,15.575,,6.8131,,1.2372,
5/18/2025 15:15,15.512,,4.3895,,1.3787,
5/18/2025 15:30,15.45,,4.8491,,1.2951,
5/18/2025 15:45,15.325,,4.0731,,1.4851,
5/18/2025 16:00,15.262,,5.0269,,1.372,
5/18/2025 16:15,15.2,,3.0555,,1.4196,
5/18/2025 16:30,15.075,,3.5084,,1.5902,
5/18/2025 16:45,14.95,,4.9762,,1.4619,
5/18/2025 17:00,14.825,,4.5491,,1.4443,
5/18/2025 17:15,14.762,,3.8015,,1.4543,
5/18/2025 17:30,14.637,,3.7584,,1.515,
5/18/2025 17:45,14.575,,4.0987,,1.5272,
5/18/2025 18:00,14.512,,4.675,,1.4593,
5/18/2025 18:15,14.45,,6.0009,,1.5413,
5/18/2025 18:30,14.387,,6.2188,,1.4551,
5/18/2025 18:45,14.325,,4.1981,,1.5002,
5/18/2025 19:00,14.262,,3.8967,,1.5268,
5/18/2025 19:15,14.137,,4.571,,1.5794,
5/18/2025 19:30,14.012,,3.9716,,1.4806,
5/18/2025 19:45,13.95,,3.4712,,1.4866,
5/18/2025 20:00,13.825,,3.9755,,1.4189,
5/18/2025 20:15,13.762,,2.8695,,1.3705,
5/18/2025 20:30,13.637,,2.703,,1.5038,
5/18/2025 20:45,13.512,,3.1729,,1.3745,
5/18/2025 21:00,13.387,,2.5999,,1.4583,
5/18/2025 21:15,13.262,,2.6218,,1.4942,
5/18/2025 21:30,13.2,,2.8531,,1.4781,
5/18/2025 21:45,13.075,,2.7116,,1.4892,
5/18/2025 22:00,13.012,,3.1955,,1.4198,
5/18/2025 22:15,12.95,,3.4587,,1.4421,
5/18/2025 22:30,12.887,,3.1627,,1.3586,
5/18/2025 22:45,12.762,,3.5208,,1.4361,
5/18/2025 23:00,12.7,,4.7982,,1.362,
5/18/2025 23:15,12.637,,4.0239,,1.3908,
5/18/2025 23:30,12.575,,3.3758,,1.4082,
5/18/2025 23:45,12.45,,2.8914,,1.433,
5/19/2025 0:00,12.325,,4.0578,,1.416,
5/19/2025 0:15,12.262,,3.8631,,1.489,
5/19/2025 0:30,12.2,,2.959,,1.4817,
5/19/2025 0:45,12.075,,2.6877,,1.4794,
5/19/2025 1:00,11.95,,3.816,,1.3921,
5/19/2025 1:15,11.887,,3.6562,,1.5166,
5/19/2025 1:30,11.762,,4.0165,,1.5639,
5/19/2025 1:45,11.7,,3.8098,,1.5342,
5/19/2025 2:00,11.637,,2.7265,,1.6208,
5/19/2025 2:15,11.575,,5.0349,,1.5768,
5/19/2025 2:30,11.512,,5.3027,,1.5398,
5/19/2025 2:45,11.45,,5.1951,,1.4799,
5/19/2025 3:00,11.45,,4.3117,,1.4666,
5/19/2025 3:15,11.45,,4.2899,,1.5571,
5/19/2025 3:30,11.512,,3.8908,,1.6564,
5/19/2025 3:45,11.45,,6.4764,,1.4886,
5/19/2025 4:00,11.512,,4.1507,,1.6267,
5/19/2025 4:15,11.575,,4.2012,,1.5799,
5/19/2025 4:30,11.7,,4.8862,,1.4761,
5/19/2025 4:45,11.825,,5.8887,,1.5269,
5/19/2025 5:00,11.95,,4.916,,1.6072,
5/19/2025 5:15,12.075,,5.4112,,1.6207,
5/19/2025 5:30,12.262,,5.8231,,1.4255,
5/19/2025 5:45,12.45,,3.9302,,1.5338,
5/19/2025 6:00,12.637,,4.4819,,1.4589,
5/19/2025 6:15,12.887,,3.8305,,1.5311,
5/19/2025 6:30,13.2,,3.1436,,1.3191,
5/19/2025 6:45,13.387,,4.0554,,1.4234,
5/19/2025 7:00,13.637,,4.636,,1.4447,
5/19/2025 7:15,13.825,,5.4093,,1.5172,
5/19/2025 7:30,13.887,,4.0469,,1.4962,
5/19/2025 7:45,13.95,,3.7287,,1.4863,
5/19/2025 8:00,14.012,,4.886,,1.474,
5/19/2025 8:15,14.075,,3.8229,,1.4874,
5/19/2025 8:30,14.137,,3.7614,,1.3989,
5/19/2025 8:45,14.075,,4.0306,,1.2472,
5/19/2025 9:00,14.075,,4.3702,,1.2935,
5/19/2025 9:15,14.075,,2.9057,,1.4484,
5/19/2025 9:30,14.075,,3.3794,,1.4077,
5/19/2025 9:45,14.075,,5.0485,,1.4275,
5/19/2025 10:00,14.137,,4.1113,,1.6525,
5/19/2025 10:15,14.137,,4.5908,,1.3636,
5/19/2025 10:30,14.137,,3.7495,,1.4368,
5/19/2025 10:45,14.137,,2.8051,,1.4107,
5/19/2025 11:00,14.137,,3.5956,,1.4987,
5/19/2025 11:15,14.2,,4.0925,,1.4554,
5/19/2025 11:30,14.262,,5.1204,,1.467,
5/19/2025 11:45,14.262,,4.1614,,1.3768,
5/19/2025 12:00,14.2,,4.7443,,1.5776,
5/19/2025 12:15,14.2,,4.2181,,1.4386,
5/19/2025 12:30,14.075,,5.7509,,1.3497,
5/19/2025 12:45,13.95,,5.0736,,1.451,
5/19/2025 13:00,13.825,,4.1067,,1.3703,
5/19/2025 13:15,13.637,,4.4449,,1.3636,
5/19/2025 13:30,13.387,,4.1247,,1.3734,
5/19/2025 13:45,13.2,,5.3139,,1.3529,
5/19/2025 14:00,13.075,,5.9994,,1.2597,
5/19/2025 14:15,12.95,,6.6395,,1.3343,
5/19/2025 14:30,12.825,,8.1816,,1.3316,
5/19/2025 14:45,12.7,,8.7577,,1.4834,
5/19/2025 15:00,12.637,,9.9213,,1.4826,
5/19/2025 15:15,12.512,,9.1117,,1.4774,
5/19/2025 15:30,12.387,,8.5056,,1.4602,
5/19/2025 15:45,12.325,,5.7296,,1.4067,
5/19/2025 16:00,12.262,,4.7114,,1.5368,
5/19/2025 16:15,12.2,,4.5726,,1.475,
5/19/2025 16:30,12.137,,4.0157,,1.5236,
5/19/2025 16:45,12.012,,3.7723,,1.558,
5/19/2025 17:00,11.95,,4.9964,,1.5514,
5/19/2025 17:15,11.887,,4.6622,,1.5182,
5/19/2025 17:30,11.825,,3.573,,1.532,
5/19/2025 17:45,11.762,,3.343,,1.5713,
5/19/2025 18:00,11.7,,3.0932,,1.5458,
5/19/2025 18:15,11.575,,2.6433,,1.5688,
5/19/2025 18:30,11.512,,2.4467,,1.5624,
5/19/2025 18:45,11.45,,3.0424,,1.5601,
5/19/2025 19:00,11.387,,2.7857,,1.6269,
5/19/2025 19:15,11.325,,2.4765,,1.5478,
5/19/2025 19:30,11.262,,1.8958,,1.6844,
5/19/2025 19:45,11.2,,2.8579,,1.5729,
5/19/2025 20:00,11.137,,2.538,,1.5218,
5/19/2025 20:15,11.137,,2.7815,,1.5385,
5/19/2025 20:30,11.075,,2.6667,,1.5422,
5/19/2025 20:45,11.075,,3.009,,1.5538,
5/19/2025 21:00,10.95,,8.9583,,1.5194,
5/19/2025 21:15,10.95,,7.3108,,1.5866,
5/19/2025 21:30,10.95,,6.1876,,1.3797,
5/19/2025 21:45,10.887,,6.1508,,1.5309,
5/19/2025 22:00,10.825,,4.5936,,1.5309,
5/19/2025 22:15,10.825,,3.983,,1.5916,
5/19/2025 22:30,10.762,,3.5162,,1.3762,
5/19/2025 22:45,10.762,,2.8273,,1.5639,
5/19/2025 23:00,10.7,,2.3597,,1.5765,
5/19/2025 23:15,10.7,,2.5944,,1.5246,
5/19/2025 23:30,10.637,,2.6719,,1.4921,
5/19/2025 23:45,10.637,,2.4689,,1.3893,
5/20/2025 0:00,10.575,,3.0308,,1.4701,
5/20/2025 0:15,10.575,,3.0497,,1.5479,
5/20/2025 0:30,10.512,,1.8504,,1.5384,
5/20/2025 0:45,10.512,,2.7162,,1.4522,
5/20/2025 1:00,10.45,,3.7076,,1.4188,
5/20/2025 1:15,10.512,,4.6082,,1.4659,
5/20/2025 1:30,10.45,,3.5335,,1.4183,
5/20/2025 1:45,10.45,,4.4322,,1.4083,
5/20/2025 2:00,10.45,,5.8263,,1.3912,
5/20/2025 2:15,10.45,,4.3608,,1.5134,
5/20/2025 2:30,10.387,,3.4994,,1.3734,
5/20/2025 2:45,10.387,,4.0194,,1.4831,
5/20/2025 3:00,10.387,,3.3714,,1.431,
5/20/2025 3:15,10.45,,4.3208,,1.4323,
5/20/2025 3:30,10.45,,3.8055,,1.5535,
5/20/2025 3:45,10.512,,3.6372,,1.4936,
5/20/2025 4:00,10.575,,4.2163,,1.3376,
5/20/2025 4:15,10.762,,14.8873,,1.5412,
5/20/2025 4:30,10.887,,15.152,,1.4246,
5/20/2025 4:45,10.95,,13.9869,,1.3788,
5/20/2025 5:00,11.012,,10.0503,,1.4302,
5/20/2025 5:15,11.137,,16.456,,1.2243,
5/20/2025 5:30,11.325,,17.2101,,1.4049,
5/20/2025 5:45,11.512,,13.1621,,1.3897,
5/20/2025 6:00,11.575,,11.6315,,1.3452,
5/20/2025 6:15,11.762,,13.6499,,1.3063,
5/20/2025 6:30,12.012,,9.3231,,1.2906,
5/20/2025 6:45,12.137,,6.8935,,1.4445,
5/20/2025 7:00,12.325,,5.6429,,1.2764,
5/20/2025 7:15,12.45,,5.7291,,1.2912,
5/20/2025 7:30,12.637,,4.8485,,1.3027,
5/20/2025 7:45,12.762,,6.5271,,1.4149,
5/20/2025 8:00,12.887,,9.4458,,1.2514,
5/20/2025 8:15,13.012,,7.3225,,1.3989,
5/20/2025 8:30,13.137,,5.7179,,1.3892,
5/20/2025 8:45,13.325,,4.4325,,1.2583,
5/20/2025 9:00,13.387,,3.9877,,1.3249,
5/20/2025 9:15,13.45,,3.4134,,1.4188,
5/20/2025 9:30,13.512,,5.8272,,1.44,
5/20/2025 9:45,13.512,,6.5726,,1.3136,
5/20/2025 10:00,13.512,,7.5176,,1.3291,
5/20/2025 10:15,13.45,,4.0174,,1.2268,
5/20/2025 10:30,13.387,,27.1893,,1.4386,
5/20/2025 10:45,12.637,,nan,NO_MEDIUM,nan,NO_MEDIUM
5/20/2025 11:00,13.075,,58.8957,,1.564,
5/20/2025 11:15,13.012,,45.3989,,1.4727,
5/20/2025 11:30,12.95,,33.8314,,1.4553,
5/20/2025 11:45,12.887,,27.6363,,1.4965,
5/20/2025 12:00,12.825,,26.5714,,1.4482,
5/20/2025 12:15,12.762,,22.0307,,1.4317,
5/20/2025 12:30,12.7,,16.1244,,1.3578,
5/20/2025 12:45,12.637,,12.9521,,1.4184,
5/20/2025 13:00,12.637,,9.7498,,1.4329,
5/20/2025 13:15,12.512,,8.1175,,1.3003,
5/20/2025 13:30,12.45,,6.1246,,1.3378,
5/20/2025 13:45,12.45,,5.3572,,1.2137,
5/20/2025 14:00,12.387,,4.2922,,1.3694,
5/20/2025 14:15,12.325,,4.7255,,1.3148,
5/20/2025 14:30,12.325,,4.7119,,1.2745,
5/20/2025 14:45,12.262,,3.6667,,1.403,
5/20/2025 15:00,12.2,,4.5233,,1.2561,
5/20/2025 15:15,12.137,,3.4593,,1.3203,
5/20/2025 15:30,12.075,,2.6378,,1.2762,
5/20/2025 15:45,12.012,,3.6031,,1.2239,
5/20/2025 16:00,11.95,,3.8704,,1.3527,
5/20/2025 16:15,11.887,,6.5806,,1.3651,
5/20/2025 16:30,11.825,,6.2793,,1.46,
5/20/2025 16:45,11.762,,7.1431,,1.4037,
5/20/2025 17:00,11.7,,7.0057,,1.4265,
5/20/2025 17:15,11.7,,7.0439,,1.3726,
5/20/2025 17:30,11.637,,5.4283,,1.4467,
5/20/2025 17:45,11.575,,4.7868,,1.4574,
5/20/2025 18:00,11.512,,3.2312,,1.4943,
5/20/2025 18:15,11.45,,4.1599,,1.3863,
5/20/2025 18:30,11.45,,4.1916,,1.3474,
5/20/2025 18:45,11.45,,2.824,,1.4265,
5/20/2025 19:00,11.387,,2.5861,,1.3668,
5/20/2025 19:15,11.325,,2.4278,,1.4261,
5/20/2025 19:30,11.325,,2.6185,,1.4172,
5/20/2025 19:45,11.262,,3.0325,,1.3024,
5/20/2025 20:00,11.262,,2.8883,,1.3276,
5/20/2025 20:15,11.2,,3.7776,,1.3687,
5/20/2025 20:30,11.2,,2.5588,,1.3852,
5/20/2025 20:45,11.137,,2.3545,,1.3911,
5/20/2025 21:00,11.137,,1.9295,,1.3185,
5/20/2025 21:15,11.075,,2.9243,,1.3201,
5/20/2025 21:30,11.075,,2.3779,,1.3519,
5/20/2025 21:45,11.012,,2.7361,,1.4461,
5/20/2025 22:00,10.95,,2.4068,,1.3834,
5/20/2025 22:15,10.95,,2.6287,,1.431,
5/20/2025 22:30,10.887,,2.8437,,1.3283,
5/20/2025 22:45,10.825,,3.3013,,1.3984,
5/20/2025 23:00,10.762,,3.2128,,1.2578,
5/20/2025 23:15,10.7,,2.2591,,1.4601,
5/20/2025 23:30,10.7,,2.4865,,1.4164,
5/20/2025 23:45,10.637,,2.1919,,1.4347,
5/21/2025 0:00,10.637,,2.5505,,1.3187,
5/21/2025 0:15,10.575,,3.5502,,1.4567,
5/21/2025 0:30,10.512,,2.4959,,1.4181,
5/21/2025 0:45,10.45,,2.9968,,1.4133,
5/21/2025 1:00,10.45,,2.5961,,1.5069,
5/21/2025 1:15,10.45,,2.9723,,1.415,
5/21/2025 1:30,10.387,,2.6004,,1.4199,
5/21/2025 1:45,10.387,,3.2472,,1.4792,
5/21/2025 2:00,10.325,,2.4273,,1.6039,
5/21/2025 2:15,10.325,,5.8621,,1.552,
5/21/2025 2:30,10.325,,5.6336,,1.5673,
5/21/2025 2:45,10.262,,5.3167,,1.4236,
5/21/2025 3:00,10.262,,6.1118,,1.5145,
5/21/2025 3:15,10.325,,4.6669,,1.4394,
5/21/2025 3:30,10.325,,5.1875,,1.4775,
5/21/2025 3:45,10.325,,4.5196,,1.4051,
5/21/2025 4:00,10.325,,4.6562,,1.5927,
5/21/2025 4:15,10.325,,4.3293,,1.5235,
5/21/2025 4:30,10.387,,4.7657,,1.5701,
5/21/2025 4:45,10.45,,3.6346,,1.4147,
5/21/2025 5:00,10.512,,4.6606,,1.5175,
5/21/2025 5:15,10.575,,4.3684,,1.5385,
5/21/2025 5:30,10.637,,3.8919,,1.3817,
5/21/2025 5:45,10.762,,4.466,,1.3962,
5/21/2025 6:00,10.825,,4.4542,,1.3373,
5/21/2025 6:15,10.887,,3.9764,,1.3213,
5/21/2025 6:30,10.95,,4.4167,,1.3876,
5/21/2025 6:45,10.95,,4.7076,,1.3117,
5/21/2025 7:00,11.012,,4.7594,,1.3829,
5/21/2025 7:15,11.075,,4.2461,,1.2958,
5/21/2025 7:30,11.075,,5.4622,,1.3104,
5/21/2025 7:45,11.2,,9.8878,,1.2297,
5/21/2025 8:00,11.325,,10.6652,,1.2864,
5/21/2025 8:15,11.387,,7.1423,,1.2751,
5/21/2025 8:30,11.512,,7.0725,,1.1495,
5/21/2025 8:45,11.575,,10.1743,,1.374,
5/21/2025 9:00,11.637,,17.555,,1.2571,
5/21/2025 9:15,11.762,,21.0017,,1.1736,
5/21/2025 9:30,11.825,,20.6672,,1.2348,
5/21/2025 9:45,11.887,,20.0359,,1.3071,
5/21/2025 10:00,11.95,,17.2521,,1.3547,
5/21/2025 10:15,12.075,,12.529,,1.1826,
5/21/2025 10:30,12.2,,19.5179,,1.2602,
5/21/2025 10:45,12.325,,26.7672,,1.2713,
5/21/2025 11:00,12.387,,22.7149,,1.2887,
5/21/2025 11:15,12.512,,18.1335,,1.3233,
5/21/2025 11:30,12.512,,15.6724,,1.3962,
5/21/2025 11:45,12.512,,15.7241,,1.4042,
5/21/2025 12:00,12.45,,14.6988,,1.3921,
5/21/2025 12:15,12.387,,17.8674,,1.4284,
5/21/2025 12:30,12.325,,16.0659,,1.4379,
5/21/2025 12:45,12.262,,17.1373,,1.3499,
5/21/2025 13:00,12.137,,16.283,,1.3148,
5/21/2025 13:15,12.012,,12.8368,,1.2269,
5/21/2025 13:30,11.887,,8.9389,,1.3064,
5/21/2025 13:45,11.825,,10.3018,,1.294,
5/21/2025 14:00,11.762,,10.2509,,1.2204,
5/21/2025 14:15,11.637,,9.0897,,1.261,
5/21/2025 14:30,11.575,,10.7778,,1.2257,
5/21/2025 14:45,11.512,,8.811,,1.3256,
5/21/2025 15:00,11.45,,8.844,,1.2499,
5/21/2025 15:15,11.325,,12.9224,,1.3144,
5/21/2025 15:30,11.262,,11.3613,,1.3479,
5/21/2025 15:45,11.137,,10.1673,,1.2872,
5/21/2025 16:00,11.075,,8.1638,,1.2237,
5/21/2025 16:15,11.075,,7.0862,,1.2868,
5/21/2025 16:30,10.95,,5.7999,,1.3583,
5/21/2025 16:45,10.887,,5.0556,,1.3393,
5/21/2025 17:00,10.825,,15.506,,1.3399,
5/21/2025 17:15,10.7,,6.7718,,1.4621,
5/21/2025 17:30,10.637,,8.0263,,1.4162,
5/21/2025 17:45,10.637,,4.8218,,1.3285,
5/21/2025 18:00,10.575,,5.7602,,1.5062,
5/21/2025 18:15,10.512,,4.9979,,1.4555,
5/21/2025 18:30,10.512,,3.9115,,1.415,
5/21/2025 18:45,10.45,,2.9492,,1.4517,
5/21/2025 19:00,10.45,,3.9052,,1.4792,
5/21/2025 19:15,10.387,,4.36,,1.4093,
5/21/2025 19:30,10.387,,3.3141,,1.5168,
5/21/2025 19:45,10.325,,1.92,,1.5134,
5/21/2025 20:00,10.325,,2.7903,,1.4765,
5/21/2025 20:15,10.262,,2.0255,,1.3996,
5/21/2025 20:30,10.262,,2.0195,,1.5613,
5/21/2025 20:45,10.2,,2.6652,,1.3343,
5/21/2025 21:00,10.2,,2.6663,,1.414,
5/21/2025 21:15,10.137,,2.4018,,1.5229,
5/21/2025 21:30,10.137,,1.8714,,1.4101,
5/21/2025 21:45,10.137,,2.0488,,1.4199,
5/21/2025 22:00,10.075,,2.4545,,1.4568,
5/21/2025 22:15,10.012,,9.0229,,1.5509,
5/21/2025 22:30,10.012,,4.3651,,1.4342,
5/21/2025 22:45,10.012,,3.8446,,1.4594,
5/21/2025 23:00,9.95,,3.0203,,1.4502,
5/21/2025 23:15,9.95,,4.2592,,1.43,
5/21/2025 23:30,9.887,,3.504,,1.3926,
5/21/2025 23:45,9.887,,3.2341,,1.4819,
5/22/2025 0:00,9.887,,4.0169,,1.4898,
5/22/2025 0:15,9.825,,3.4713,,1.4774,
5/22/2025 0:30,9.825,,3.2876,,1.4749,
5/22/2025 0:45,9.825,,3.9576,,1.3672,
5/22/2025 1:00,9.762,,2.7817,,1.406,
5/22/2025 1:15,9.762,,3.9474,,1.2861,
5/22/2025 1:30,9.7,,3.0431,,1.4561,
5/22/2025 1:45,9.7,,2.9346,,1.3106,
5/22/2025 2:00,9.7,,2.3955,,1.4781,
5/22/2025 2:15,9.7,,3.0733,,1.3789,
5/22/2025 2:30,9.637,,2.6265,,1.4022,
5/22/2025 2:45,9.637,,2.8264,,1.4165,
5/22/2025 3:00,9.637,,3.5186,,1.2807,
5/22/2025 3:15,9.637,,3.3727,,1.4257,
5/22/2025 3:30,9.637,,2.8363,,1.4637,
5/22/2025 3:45,9.637,,1.6652,,1.5027,
5/22/2025 4:00,9.637,,3.1227,,1.261,
5/22/2025 4:15,9.7,,2.1925,,1.4094,
5/22/2025 4:30,9.7,,2.7961,,1.306,
5/22/2025 4:45,9.762,,1.9211,,1.3798,
5/22/2025 5:00,9.762,,2.0628,,1.3327,
5/22/2025 5:15,9.762,,1.3495,,1.3747,
5/22/2025 5:30,9.762,,2.1696,,1.4156,
5/22/2025 5:45,9.825,,1.281,,1.4078,
5/22/2025 6:00,9.825,,2.6184,,1.4494,
5/22/2025 6:15,9.825,,1.3791,,1.3459,
5/22/2025 6:30,9.825,,3.1146,,1.3435,
5/22/2025 6:45,9.825,,2.4395,,1.3068,
5/22/2025 7:00,9.825,,0.7733,,1.4535,
5/22/2025 7:15,9.825,,2.0602,,1.337,
5/22/2025 7:30,9.825,,2.1288,,1.3627,
5/22/2025 7:45,9.825,,1.9916,,1.3198,
5/22/2025 8:00,9.762,,1.9785,,1.4166,
5/22/2025 8:15,9.762,,2.5431,,1.2692,
5/22/2025 8:30,9.762,,3.2835,,1.3182,
5/22/2025 8:45,9.762,,3.3994,,1.4415,
5/22/2025 9:00,9.762,,2.2359,,1.4157,
5/22/2025 9:15,9.825,,2.4644,,1.2996,
5/22/2025 9:30,9.825,,2.7137,,1.368,
5/22/2025 9:45,9.825,,3.1571,,1.4182,
5/22/2025 10:00,9.825,,4.5148,,1.3563,
5/22/2025 10:15,9.825,,3.2322,,1.4397,
5/22/2025 10:30,9.762,,3.0847,,1.2929,
5/22/2025 10:45,9.762,,3.7954,,1.4581,
5/22/2025 11:00,9.762,,3.9998,,1.2976,
5/22/2025 11:15,9.762,,5.5034,,1.4297,
5/22/2025 11:30,9.7,,5.4016,,1.4132,
5/22/2025 11:45,9.637,,5.5334,,1.2781,
5/22/2025 12:00,9.637,,4.0615,,1.3773,
5/22/2025 12:15,9.575,,5.3988,,1.4238,
5/22/2025 12:30,9.512,,5.4638,,1.4129,
5/22/2025 12:45,9.512,,4.4924,,1.4682,
5/22/2025 13:00,9.45,,5.4335,,1.401,
5/22/2025 13:15,9.387,,6.8413,,1.4845,
5/22/2025 13:30,9.325,,11.8261,,1.4618,
5/22/2025 13:45,9.325,,9.9662,,1.5208,
5/22/2025 14:00,9.262,,14.1753,,1.6787,
5/22/2025 14:15,9.262,,13.5146,,1.7302,
5/22/2025 14:30,9.2,,31.4213,,1.7606,
5/22/2025 14:45,9.137,,53.8997,,1.9479,
5/22/2025 15:00,9.137,,45.9438,,1.8111,
5/22/2025 15:15,9.075,,28.3023,,1.906,
5/22/2025 15:30,9.012,,20.1756,,1.8432,
5/22/2025 15:45,9.012,,16.1806,,1.8215,
5/22/2025 16:00,8.95,,17.3898,,1.7038,
5/22/2025 16:15,8.887,,12.7005,,1.751,
5/22/2025 16:30,8.825,,14.7818,,1.7765,
5/22/2025 16:45,8.762,,9.2746,,1.8469,
5/22/2025 17:00,8.7,,9.4158,,1.8149,
5/22/2025 17:15,8.637,,9.1266,,1.7839,
5/22/2025 17:30,8.637,,8.0064,,1.7442,
5/22/2025 17:45,8.575,,7.1152,,1.6931,
5/22/2025 18:00,8.575,,7.1344,,1.694,
5/22/2025 18:15,8.512,,7.1095,,1.6609,
5/22/2025 18:30,8.512,,8.9183,,1.6928,
5/22/2025 18:45,8.45,,9.6657,,1.6664,
5/22/2025 19:00,8.45,,12.6006,,1.6741,
5/22/2025 19:15,8.387,,17.1307,,1.8609,
5/22/2025 19:30,8.325,,15.4569,,1.712,
5/22/2025 19:45,8.262,,15.9817,,1.8145,
5/22/2025 20:00,8.262,,15.7198,,1.7815,
5/22/2025 20:15,8.262,,13.6411,,1.8204,
5/22/2025 20:30,8.2,,10.905,,1.8667,
5/22/2025 20:45,8.137,,10.1019,,1.7527,
5/22/2025 21:00,8.075,,9.4712,,1.8326,
5/22/2025 21:15,8.075,,8.9497,,1.7532,
5/22/2025 21:30,8.075,,8.4042,,1.85,
5/22/2025 21:45,8.075,,7.453,,1.8607,
5/22/2025 22:00,8.075,,7.4464,,1.6835,
5/22/2025 22:15,8.012,,6.5573,,1.8633,
5/22/2025 22:30,8.012,,5.8153,,1.8412,
5/22/2025 22:45,8.012,,5.9635,,1.7521,
5/22/2025 23:00,7.95,,6.2346,,1.8014,
5/22/2025 23:15,7.95,,5.9675,,1.6601,
5/22/2025 23:30,7.95,,5.0423,,1.8298,
5/22/2025 23:45,7.95,,5.9232,,1.8729,
5/23/2025 0:00,7.95,,5.7171,,1.8201,
5/23/2025 0:15,7.95,,4.8347,,1.8491,
5/23/2025 0:30,7.95,,5.3089,,1.7291,
5/23/2025 0:45,7.887,,4.6402,,1.9444,
5/23/2025 1:00,7.887,,5.1124,,1.8807,
5/23/2025 1:15,7.887,,4.9432,,1.84,
5/23/2025 1:30,7.887,,5.0069,,1.0472,
5/23/2025 1:45,7.887,,4.1051,,1.9533,
5/23/2025 2:00,7.887,,3.8198,,1.9818,
5/23/2025 2:15,7.887,,3.2756,,1.995,
5/23/2025 2:30,7.887,,3.2614,,1.9732,
5/23/2025 2:45,7.887,,3.2089,,2.0822,
5/23/2025 3:00,7.887,,4.0662,,1.149,
5/23/2025 3:15,7.887,,3.4266,,2.1397,
5/23/2025 3:30,7.887,,3.708,,1.2291,
5/23/2025 3:45,7.887,,3.8406,,2.0637,
5/23/2025 4:00,7.887,,4.4924,,2.0435,
5/23/2025 4:15,7.887,,4.2351,,1.8913,
5/23/2025 4:30,8.012,,4.3604,,2.0214,
5/23/2025 4:45,8.137,,4.9789,,1.9948,
5/23/2025 5:00,8.2,,5.6463,,1.9558,
5/23/2025 5:15,8.325,,4.2588,,2.0702,
5/23/2025 5:30,8.45,,5.2269,,2.0157,
5/23/2025 5:45,8.512,,4.617,,1.9027,
5/23/2025 6:00,8.637,,4.2097,,1.945,
5/23/2025 6:15,8.762,,3.9622,,1.9409,
5/23/2025 6:30,8.825,,3.8099,,2.0606,
5/23/2025 6:45,8.825,,4.4888,,1.8673,
5/23/2025 7:00,8.887,,4.6977,,1.9246,
5/23/2025 7:15,9.012,,4.2986,,1.7272,
5/23/2025 7:30,9.137,,4.2182,,1.8662,
5/23/2025 7:45,9.262,,3.5895,,1.8774,
5/23/2025 8:00,9.387,,3.5352,,1.6992,
5/23/2025 8:15,9.575,,3.7947,,1.7531,
5/23/2025 8:30,9.825,,9.2385,,1.7741,
5/23/2025 8:45,10.075,,8.5073,,1.7477,
5/23/2025 9:00,10.2,,4.2437,,1.5325,
5/23/2025 9:15,10.325,,17.1199,,1.5541,
5/23/2025 9:30,10.575,,4.8497,,1.5502,
5/23/2025 9:45,10.7,,3.1262,,1.6467,
5/23/2025 10:00,10.762,,4.3233,,1.5311,
5/23/2025 10:15,10.825,,3.3013,,1.5717,
5/23/2025 10:30,10.825,,7.6258,,1.5161,
5/23/2025 10:45,10.825,,6.0353,,1.5574,
5/23/2025 11:00,10.887,,4.9927,,1.631,
5/23/2025 11:15,10.887,,6.5818,,1.5661,
5/23/2025 11:30,10.887,,2.9888,,1.547,
5/23/2025 11:45,10.887,,3.2847,,1.6293,
5/23/2025 12:00,10.887,,5.9787,,1.4927,
5/23/2025 12:15,10.887,,5.247,,1.5828,
5/23/2025 12:30,10.887,,5.3259,,1.6661,
5/23/2025 12:45,10.887,,5.1932,,1.5363,
5/23/2025 13:00,10.887,,5.4354,,1.5713,
5/23/2025 13:15,10.887,,4.9508,,1.3362,
5/23/2025 13:30,10.887,,4.1706,,1.4856,
5/23/2025 13:45,10.95,,4.4031,,1.4588,
5/23/2025 14:00,10.95,,2.7889,,1.5178,
5/23/2025 14:15,10.887,,2.4209,,1.4695,
5/23/2025 14:30,10.887,,3.6897,,1.468,
5/23/2025 14:45,10.887,,4.938,,1.4133,
5/23/2025 15:00,10.825,,2.8676,,1.4265,
5/23/2025 15:15,10.762,,4.2384,,1.3826,
5/23/2025 15:30,10.762,,2.8843,,1.3643,
5/23/2025 15:45,10.7,,3.472,,1.3498,
5/23/2025 16:00,10.7,,4.2476,,1.3045,
5/23/2025 16:15,10.637,,2.7129,,1.3165,
5/23/2025 16:30,10.575,,4.0944,,1.2901,
5/23/2025 16:45,10.575,,4.8167,,1.3056,
5/23/2025 17:00,10.512,,3.9593,,1.3203,
5/23/2025 17:15,10.45,,3.5809,,1.3132,
5/23/2025 17:30,10.387,,3.0013,,1.3272,
5/23/2025 17:45,10.387,,2.2229,,1.3769,
5/23/2025 18:00,10.325,,3.1838,,1.3471,
5/23/2025 18:15,10.262,,2.5559,,1.3388,
5/23/2025 18:30,10.262,,2.6342,,1.3813,
5/23/2025 18:45,10.2,,3.4429,,1.2617,
5/23/2025 19:00,10.2,,4.4996,,1.4282,
5/23/2025 19:15,10.137,,5.0679,,1.2429,
5/23/2025 19:30,10.075,,3.0198,,1.2367,
5/23/2025 19:45,10.075,,2.7611,,1.3564,
5/23/2025 20:00,10.075,,4.1558,,1.3614,
5/23/2025 20:15,10.012,,3.971,,1.3638,
5/23/2025 20:30,10.012,,3.3616,,1.3587,
5/23/2025 20:45,10.012,,2.8237,,1.3825,
5/23/2025 21:00,9.95,,3.2562,,1.3742,
5/23/2025 21:15,9.95,,2.2195,,1.2242,
5/23/2025 21:30,9.887,,3.4072,,1.2978,
5/23/2025 21:45,9.887,,1.495,,1.3551,
5/23/2025 22:00,9.887,,1.524,,1.371,
5/23/2025 22:15,9.825,,2.1323,,1.3718,
5/23/2025 22:30,9.825,,2.0601,,1.3598,
5/23/2025 22:45,9.762,,1.6533,,1.3388,
5/23/2025 23:00,9.762,,2.2542,,1.3187,
5/23/2025 23:15,9.762,,2.7963,,1.2667,
5/23/2025 23:30,9.762,,3.5041,,1.2466,
5/23/2025 23:45,9.7,,3.0263,,1.3175,
5/24/2025 0:00,9.7,,1.7868,,1.3924,
5/24/2025 0:15,9.7,,2.7086,,1.2697,
5/24/2025 0:30,9.7,,1.6012,,1.2879,
5/24/2025 0:45,9.637,,2.7147,,1.3014,
5/24/2025 1:00,9.637,,2.1308,,1.2651,
5/24/2025 1:15,9.637,,1.5408,,1.2244,
5/24/2025 1:30,9.637,,2.0049,,1.3551,
5/24/2025 1:45,9.575,,2.5996,,1.1424,
5/24/2025 2:00,9.575,,2.269,,1.4151,
5/24/2025 2:15,9.575,,1.5477,,1.4518,
5/24/2025 2:30,9.575,,1.5314,,1.439,
5/24/2025 2:45,9.575,,1.5543,,1.143,
5/24/2025 3:00,9.637,,0.9525,,1.2721,
5/24/2025 3:15,9.637,,1.8472,,1.1963,
5/24/2025 3:30,9.7,,1.0982,,1.3618,
5/24/2025 3:45,9.7,,2.0239,,1.2943,
5/24/2025 4:00,9.762,,1.2866,,1.2566,
5/24/2025 4:15,9.762,,1.3976,,1.2977,
5/24/2025 4:30,9.887,,1.6075,,1.233,
5/24/2025 4:45,9.95,,2.0127,,1.219,
5/24/2025 5:00,10.137,,2.0711,,1.219,
5/24/2025 5:15,10.325,,1.5395,,1.2353,
5/24/2025 5:30,10.512,,2.0974,,1.3046,
5/24/2025 5:45,10.637,,1.6532,,1.0431,
5/24/2025 6:00,10.637,,1.2015,,1.2087,
5/24/2025 6:15,10.825,,1.8224,,1.1236,
5/24/2025 6:30,11.137,,5.5334,,1.263,
5/24/2025 6:45,11.325,,2.6192,,1.314,
5/24/2025 7:00,11.387,,1.8472,,1.2219,
5/24/2025 7:15,11.45,,18.1523,,1.1914,
5/24/2025 7:30,11.575,,4.7407,,1.2676,
5/24/2025 7:45,11.762,,2.4052,,1.3052,
5/24/2025 8:00,11.887,,2.4131,,1.3416,
5/24/2025 8:15,12.2,,2.7403,,1.2415,
5/24/2025 8:30,12.45,,13.0715,,1.2996,
5/24/2025 8:45,12.637,,3.0838,,1.3913,
5/24/2025 9:00,12.887,,1.996,,1.4261,
5/24/2025 9:15,12.825,,1.7671,,1.3891,
5/24/2025 9:30,12.95,,1.7572,,1.3422,
5/24/2025 9:45,13.2,,2.0031,,1.3861,
5/24/2025 10:00,13.45,,3.3121,,1.2595,
5/24/2025 10:15,13.512,,2.1324,,1.2937,
5/24/2025 10:30,13.762,,1.799,,0.3595,
5/24/2025 10:45,13.825,,3.8947,,1.3669,
5/24/2025 11:00,13.762,,3.2963,,1.369,
5/24/2025 11:15,13.762,,2.7927,,0.3978,
5/24/2025 11:30,13.825,,2.7881,,1.3098,
5/24/2025 11:45,13.825,,1.8755,,1.3108,
5/24/2025 12:00,13.825,,2.3732,,1.2182,
5/24/2025 12:15,13.7,,2.9509,,1.3539,
5/24/2025 12:30,13.575,,1.6816,,1.3556,
5/24/2025 12:45,13.512,,2.0935,,1.1555,
5/24/2025 13:00,13.387,,1.6207,,1.3878,
5/24/2025 13:15,13.325,,2.2349,,1.2881,
5/24/2025 13:30,13.262,,8.3153,,1.1688,
5/24/2025 13:45,13.262,,6.5441,,1.1934,
5/24/2025 14:00,13.2,,12.5648,,1.3014,
5/24/2025 14:15,13.075,,25.1593,,0.4475,
5/24/2025 14:30,12.95,,16.8983,,0.3992,
5/24/2025 14:45,12.825,,8.2695,,1.1785,
5/24/2025 15:00,12.7,,3.997,,1.1864,
5/24/2025 15:15,12.637,,2.6155,,1.1796,
5/24/2025 15:30,12.575,,2.4867,,1.1726,
5/24/2025 15:45,12.45,,2.7209,,1.1813,
5/24/2025 16:00,12.325,,2.9839,,1.1423,
5/24/2025 16:15,12.262,,3.543,,1.2804,
5/24/2025 16:30,12.137,,2.0454,,1.2591,
5/24/2025 16:45,12.012,,2.0525,,1.2393,
5/24/2025 17:00,11.95,,2.7357,,1.2255,
5/24/2025 17:15,11.887,,2.7091,,1.2818,
5/24/2025 17:30,11.825,,2.8877,,1.2781,
5/24/2025 17:45,11.762,,2.9781,,1.1829,
5/24/2025 18:00,11.7,,1.726,,1.3686,
5/24/2025 18:15,11.575,,5.0669,,1.3171,
5/24/2025 18:30,11.575,,3.1868,,1.3342,
5/24/2025 18:45,11.512,,3.1404,,1.195,
5/24/2025 19:00,11.387,,2.5214,,1.2839,
5/24/2025 19:15,11.325,,2.2745,,1.2313,
5/24/2025 19:30,11.262,,1.0262,,1.3686,
5/24/2025 19:45,11.262,,1.9341,,1.3701,
5/24/2025 20:00,11.2,,1.8612,,1.3139,
5/24/2025 20:15,11.137,,2.6581,,1.2696,
5/24/2025 20:30,11.075,,1.6986,,1.2314,
5/24/2025 20:45,11.012,,2.0732,,1.3352,
5/24/2025 21:00,10.95,,1.1588,,1.237,
5/24/2025 21:15,10.887,,1.8135,,1.2819,
5/24/2025 21:30,10.825,,2.0156,,1.3432,
5/24/2025 21:45,10.825,,2.004,,1.3081,
5/24/2025 22:00,10.7,,2.0716,,1.367,
5/24/2025 22:15,10.7,,1.6413,,1.3311,
5/24/2025 22:30,10.575,,2.3379,,1.3315,
5/24/2025 22:45,10.575,,1.3927,,1.404,
5/24/2025 23:00,10.512,,1.8079,,1.3285,
5/24/2025 23:15,10.512,,1.8465,,1.2405,
5/24/2025 23:30,10.387,,2.327,,1.3266,
5/24/2025 23:45,10.387,,2.9978,,1.1666,
5/25/2025 0:00,10.325,,2.4972,,1.2686,
5/25/2025 0:15,10.262,,1.9204,,1.2724,
5/25/2025 0:30,10.2,,2.8241,,1.2251,
5/25/2025 0:45,10.2,,2.9051,,1.2138,
5/25/2025 1:00,10.2,,2.2055,,1.3394,
5/25/2025 1:15,10.137,,1.4487,,1.2721,
5/25/2025 1:30,10.012,,3.7475,,1.2492,
5/25/2025 1:45,9.95,,3.2146,,1.1971,
5/25/2025 2:00,9.887,,2.5429,,1.207,
5/25/2025 2:15,9.825,,2.1775,,1.187,
5/25/2025 2:30,9.825,,1.9662,,1.1701,
5/25/2025 2:45,9.825,,2.5597,,1.2246,
5/25/2025 3:00,9.825,,2.8494,,1.3016,
5/25/2025 3:15,9.825,,2.2652,,1.2725,
5/25/2025 3:30,9.825,,1.9378,,1.2356,
5/25/2025 3:45,9.887,,1.9017,,1.2368,
5/25/2025 4:00,9.887,,1.3777,,1.1177,
5/25/2025 4:15,10.012,,1.8072,,1.1708,
5/25/2025 4:30,10.075,,2.3159,,1.1813,
5/25/2025 4:45,10.2,,1.7969,,1.1156,
5/25/2025 5:00,10.387,,2.5564,,1.1279,
5/25/2025 5:15,10.637,,3.1223,,1.0232,
5/25/2025 5:30,10.887,,2.05,,1.0711,
5/25/2025 5:45,11.137,,1.632,,1.1974,
5/25/2025 6:00,11.45,,2.1021,,1.1788,
5/25/2025 6:15,11.825,,1.7885,,1.1791,
5/25/2025 6:30,12.137,,2.7601,,1.1686,
5/25/2025 6:45,12.325,,2.1328,,1.1631,
5/25/2025 7:00,12.45,,1.716,,1.2836,
5/25/2025 7:15,12.512,,2.0633,,1.2837,
5/25/2025 7:30,12.45,,1.6592,,1.2722,
5/25/2025 7:45,12.387,,2.6387,,1.1863,
5/25/2025 8:00,12.325,,1.9907,,1.1995,
5/25/2025 8:15,12.325,,1.8694,,1.1775,
5/25/2025 8:30,12.387,,3.074,,1.1893,
5/25/2025 8:45,12.45,,3.0859,,1.2188,
5/25/2025 9:00,12.512,,2.8472,,1.2166,
5/25/2025 9:15,12.575,,2.4942,,1.1292,
5/25/2025 9:30,12.575,,2.1382,,1.1392,
5/25/2025 9:45,12.575,,1.131,,1.1724,
5/25/2025 10:00,12.575,,2.4842,,1.0897,
5/25/2025 10:15,12.575,,2.5443,,1.1121,
5/25/2025 10:30,12.575,,3.1142,,1.1491,
5/25/2025 10:45,12.575,,2.9506,,1.0592,
5/25/2025 11:00,12.575,,1.8523,,1.197,
5/25/2025 11:15,12.575,,1.736,,1.2274,
5/25/2025 11:30,12.512,,1.3685,,1.2318,
5/25/2025 11:45,12.45,,2.5063,,1.188,
5/25/2025 12:00,12.387,,1.8426,,1.291,
5/25/2025 12:15,12.387,,2.9762,,1.153,
5/25/2025 12:30,12.387,,17.0882,,1.206,
5/25/2025 12:45,12.45,,18.9713,,1.2833,
5/25/2025 13:00,12.575,,15.387,,1.2858,
5/25/2025 13:15,12.7,,24.6435,,1.2364,
5/25/2025 13:30,12.7,,37.2266,,1.419,
5/25/2025 13:45,12.7,,35.7403,,1.3012,
5/25/2025 14:00,12.637,,26.0505,,1.2326,
5/25/2025 14:15,12.575,,18.7605,,1.2463,
5/25/2025 14:30,12.512,,12.8505,,1.2892,
5/25/2025 14:45,12.387,,11.3529,,1.3072,
5/25/2025 15:00,12.325,,9.8167,,1.1771,
5/25/2025 15:15,12.262,,9.2567,,1.0775,
5/25/2025 15:30,12.2,,6.1666,,1.3332,
5/25/2025 15:45,12.2,,5.227,,1.2238,
5/25/2025 16:00,12.137,,4.7893,,1.2317,
5/25/2025 16:15,12.075,,5.1852,,1.2718,
5/25/2025 16:30,12.012,,4.9646,,1.1437,
5/25/2025 16:45,11.95,,5.4318,,1.2647,
5/25/2025 17:00,11.887,,11.1224,,1.2143,
5/25/2025 17:15,11.825,,7.5549,,1.1838,
5/25/2025 17:30,11.762,,5.5815,,1.0688,
5/25/2025 17:45,11.7,,4.495,,1.1667,
5/25/2025 18:00,11.7,,3.8541,,1.1746,
5/25/2025 18:15,11.637,,3.4428,,1.8345,
5/25/2025 18:30,11.575,,3.8504,,1.3029,
5/25/2025 18:45,11.512,,2.8655,,1.2198,
5/25/2025 19:00,11.45,,3.8808,,1.3026,
5/25/2025 19:15,11.387,,2.8732,,1.246,
5/25/2025 19:30,11.325,,3.1696,,1.2476,
5/25/2025 19:45,11.262,,2.8106,,1.1345,
5/25/2025 20:00,11.2,,2.6396,,1.2568,
5/25/2025 20:15,11.137,,3.2057,,1.1986,
5/25/2025 20:30,11.075,,3.8504,,1.277,
5/25/2025 20:45,11.075,,3.5904,,1.1438,
5/25/2025 21:00,11.012,,3.5873,,1.2591,
5/25/2025 21:15,11.012,,1.9542,,1.2183,
5/25/2025 21:30,10.95,,2.8315,,1.1368,
5/25/2025 21:45,10.95,,1.7785,,1.2484,
5/25/2025 22:00,10.887,,2.9105,,1.1674,
5/25/2025 22:15,10.887,,2.2716,,1.2586,
5/25/2025 22:30,10.825,,2.1366,,1.2499,
5/25/2025 22:45,10.762,,2.5092,,1.2144,
5/25/2025 23:00,10.762,,2.9991,,1.2618,
5/25/2025 23:15,10.7,,2.0268,,1.2896,
5/25/2025 23:30,10.575,,2.9824,,1.2774,
5/25/2025 23:45,10.575,,1.6477,,1.238,
5/26/2025 0:00,10.512,,2.4295,,1.1496,
5/26/2025 0:15,10.45,,3.0599,,1.1874,
5/26/2025 0:30,10.325,,2.7395,,1.284,
5/26/2025 0:45,10.262,,4.8864,,1.1253,
5/26/2025 1:00,10.137,,2.205,,1.135,
5/26/2025 1:15,10.075,,3.2272,,1.1447,
5/26/2025 1:30,10.012,,2.8871,,1.0914,
5/26/2025 1:45,9.95,,1.9796,,1.1613,
5/26/2025 2:00,9.95,,2.8698,,1.0807,
5/26/2025 2:15,9.95,,3.5241,,1.1432,
5/26/2025 2:30,9.887,,1.9241,,1.2656,
5/26/2025 2:45,9.887,,2.3323,,1.2831,
5/26/2025 3:00,9.887,,3.4056,,1.0065,
5/26/2025 3:15,9.887,,1.6563,,1.1721,
5/26/2025 3:30,9.95,,2.115,,1.1548,
5/26/2025 3:45,10.012,,2.7237,,1.1604,
5/26/2025 4:00,10.075,,3.2546,,1.1599,
5/26/2025 4:15,10.2,,3.85,,1.0873,
5/26/2025 4:30,10.387,,4.0679,,1.1436,
5/26/2025 4:45,10.575,,3.0501,,1.1596,
5/26/2025 5:00,10.762,,3.0135,,1.134,
5/26/2025 5:15,11.012,,3.873,,1.0717,
5/26/2025 5:30,11.262,,2.8924,,1.1617,
5/26/2025 5:45,11.575,,3.2105,,1.0621,
5/26/2025 6:00,11.825,,1.7645,,1.3218,
5/26/2025 6:15,12.2,,5.6963,,1.2321,
5/26/2025 6:30,12.512,,5.8666,,1.2419,
5/26/2025 6:45,12.762,,3.6385,,1.2872,
5/26/2025 7:00,12.887,,4.0615,,1.2492,
5/26/2025 7:15,13.137,,4.0624,,1.2497,
5/26/2025 7:30,13.387,,3.6951,,1.357,
5/26/2025 7:45,13.637,,2.7848,,1.2939,
5/26/2025 8:00,13.95,,4.1229,,1.2449,
5/26/2025 8:15,14.262,,4.4964,,1.1787,
5/26/2025 8:30,14.512,,4.7471,,1.3186,
5/26/2025 8:45,14.887,,4.1201,,1.2554,
5/26/2025 9:00,15.137,,4.8767,,1.1799,
5/26/2025 9:15,15.325,,4.4524,,1.1086,
5/26/2025 9:30,15.512,,3.8736,,1.135,
5/26/2025 9:45,15.637,,3.8917,,1.1696,
5/26/2025 10:00,15.7,,5.0625,,1.0799,
5/26/2025 10:15,15.637,,6.4184,,1.0662,
5/26/2025 10:30,15.637,,7.8806,,1.2207,
5/26/2025 10:45,15.7,,9.4077,,1.1054,
5/26/2025 11:00,15.762,,9.075,,1.2413,
5/26/2025 11:15,15.825,,10.6592,,1.0516,
5/26/2025 11:30,15.887,,6.5804,,1.089,
5/26/2025 11:45,16.012,,7.2279,,1.2518,
5/26/2025 12:00,16.012,,7.1669,,1.1299,
5/26/2025 12:15,16.012,,4.8947,,1.1621,
5/26/2025 12:30,15.95,,6.6175,,1.136,
5/26/2025 12:45,15.887,,7.9955,,1.1893,
5/26/2025 13:00,15.825,,9.3666,,1.1092,
5/26/2025 13:15,15.7,,12.4394,,1.1153,
5/26/2025 13:30,15.45,,18.1997,,1.098,
5/26/2025 13:45,15.2,,17.8334,,1.1668,
5/26/2025 14:00,15.012,,12.0366,,1.0941,
5/26/2025 14:15,14.95,,10.4731,,1.1226,
5/26/2025 14:30,14.762,,8.0035,,1.0981,
5/26/2025 14:45,14.7,,15.9275,,1.1879,
5/26/2025 15:00,14.575,,12.5282,,1.2237,
5/26/2025 15:15,14.45,,14.7803,,1.1461,
5/26/2025 15:30,14.262,,16.1552,,1.1153,
5/26/2025 15:45,14.137,,18.1942,,1.2384,
5/26/2025 16:00,14.075,,14.2669,,1.1813,
5/26/2025 16:15,13.887,,14.0436,,1.1512,
5/26/2025 16:30,13.825,,11.9489,,1.2589,
5/26/2025 16:45,13.7,,10.2716,,1.1364,
5/26/2025 17:00,13.575,,15.3464,,1.0712,
5/26/2025 17:15,13.45,,11.2418,,1.1923,
5/26/2025 17:30,13.325,,10.2098,,1.1454,
5/26/2025 17:45,13.262,,6.5773,,1.0426,
5/26/2025 18:00,13.137,,6.0209,,1.153,
5/26/2025 18:15,13.012,,4.7473,,1.1403,
5/26/2025 18:30,12.95,,4.4983,,1.0896,
5/26/2025 18:45,12.762,,3.5684,,1.086,
5/26/2025 19:00,12.637,,3.7622,,1.1972,
5/26/2025 19:15,12.512,,3.8429,,1.0846,
5/26/2025 19:30,12.387,,4.042,,1.1501,
5/26/2025 19:45,12.2,,2.4906,,1.1012,
5/26/2025 20:00,12.075,,2.7765,,1.1199,
5/26/2025 20:15,11.95,,2.6247,,1.1552,
5/26/2025 20:30,11.825,,3.1623,,1.1583,
5/26/2025 20:45,11.7,,3.0142,,1.2149,
5/26/2025 21:00,11.575,,2.7954,,1.1498,
5/26/2025 21:15,11.512,,2.5115,,1.1372,
5/26/2025 21:30,11.387,,1.766,,1.195,
5/26/2025 21:45,11.262,,1.7339,,1.298,
5/26/2025 22:00,11.2,,1.9017,,1.3838,
5/26/2025 22:15,11.075,,1.3589,,1.2969,
5/26/2025 22:30,10.95,,2.4885,,1.2036,
5/26/2025 22:45,10.887,,2.1713,,1.2205,
5/26/2025 23:00,10.762,,3.2046,,1.2382,
5/26/2025 23:15,10.637,,1.4997,,1.2611,
5/26/2025 23:30,10.575,,1.6208,,1.1965,
5/26/2025 23:45,10.45,,2.1156,,1.2579,
5/27/2025 0:00,10.387,,2.5605,,1.1881,
5/27/2025 0:15,10.325,,2.8079,,1.1963,
5/27/2025 0:30,10.2,,2.4656,,1.1747,
5/27/2025 0:45,10.137,,2.7845,,1.2757,
5/27/2025 1:00,10.075,,3.4873,,1.2743,
5/27/2025 1:15,9.95,,4.1017,,1.2852,
5/27/2025 1:30,9.887,,2.9054,,1.1648,
5/27/2025 1:45,9.825,,2.9572,,1.2302,
5/27/2025 2:00,9.762,,1.9508,,1.2494,
5/27/2025 2:15,9.7,,3.261,,1.3006,
5/27/2025 2:30,9.7,,2.7972,,1.3615,
5/27/2025 2:45,9.7,,4.4042,,1.2879,
5/27/2025 3:00,9.7,,2.9859,,1.3979,
5/27/2025 3:15,9.762,,2.612,,1.3359,
5/27/2025 3:30,9.825,,3.0847,,1.2792,
5/27/2025 3:45,9.95,,3.0602,,1.3327,
5/27/2025 4:00,10.012,,2.4389,,1.215,
5/27/2025 4:15,10.2,,1.9722,,1.2243,
5/27/2025 4:30,10.325,,1.2972,,1.2776,
5/27/2025 4:45,10.575,,2.5336,,1.2334,
5/27/2025 5:00,10.825,,1.7506,,1.2507,
5/27/2025 5:15,11.137,,1.0526,,1.261,
5/27/2025 5:30,11.387,,2.0599,,1.0725,
5/27/2025 5:45,11.7,,1.7526,,1.2576,
5/27/2025 6:00,12.075,,1.9502,,1.2281,
5/27/2025 6:15,12.512,,2.4449,,1.1958,
5/27/2025 6:30,13.075,,2.5867,,1.1908,
5/27/2025 6:45,13.637,,1.7992,,1.3727,
5/27/2025 7:00,14.075,,2.3707,,1.2684,
5/27/2025 7:15,14.512,,3.1643,,1.104,
5/27/2025 7:30,14.95,,2.4442,,1.3432,
5/27/2025 7:45,15.387,,2.2993,,1.2281,
5/27/2025 8:00,15.887,,3.8085,,1.127,
5/27/2025 8:15,16.325,,3.8493,,1.2219,
5/27/2025 8:30,16.7,,3.7633,,1.1595,
5/27/2025 8:45,17.137,,4.7588,,1.1038,
5/27/2025 9:00,17.45,,2.712,,1.0434,
5/27/2025 9:15,17.762,,3.7008,,1.0698,
5/27/2025 9:30,18.012,,2.9443,,0.9134,
5/27/2025 9:45,18.262,,2.6657,,0.8242,
5/27/2025 10:00,18.512,,2.7467,,0.8725,
5/27/2025 10:15,18.637,,2.2931,,0.7575,
5/27/2025 10:30,18.825,,3.5676,,0.8833,
5/27/2025 10:45,18.95,,4.5011,,0.8483,
5/27/2025 11:00,18.887,,3.733,,0.8599,
5/27/2025 11:15,18.95,,4.213,,0.8955,
5/27/2025 11:30,18.95,,3.4932,,0.9282,
5/27/2025 11:45,18.762,,4.9549,,0.9901,
5/27/2025 12:00,18.512,,3.7893,,0.8829,
5/27/2025 12:15,18.137,,3.9884,,1.0142,
5/27/2025 12:30,17.887,,3.2693,,1.0147,
5/27/2025 12:45,17.637,,3.4058,,0.9704,
5/27/2025 13:00,17.512,,4.0911,,0.9615,
5/27/2025 13:15,17.325,,3.6451,,1.0766,
5/27/2025 13:30,17.137,,11.4751,,1.0066,
5/27/2025 13:45,16.887,,30.0637,,1.0901,
5/27/2025 14:00,16.7,,42.4216,,0.3044,
5/27/2025 14:15,16.512,,31.6577,,0.3355,
5/27/2025 14:30,16.387,,22.2325,,1.2234,
5/27/2025 14:45,16.2,,18.0502,,1.3021,
5/27/2025 15:00,16.075,,13.9137,,1.1746,
5/27/2025 15:15,15.95,,11.9526,,1.1542,
5/27/2025 15:30,15.825,,10.0877,,1.1746,
5/27/2025 15:45,15.7,,7.9136,,1.2729,
5/27/2025 16:00,15.512,,5.9223,,1.2683,
5/27/2025 16:15,15.387,,5.7679,,1.1984,
5/27/2025 16:30,15.2,,3.8001,,1.2151,
5/27/2025 16:45,15.012,,4.8314,,1.2362,
5/27/2025 17:00,14.825,,3.9292,,1.1585,
5/27/2025 17:15,14.7,,3.7327,,1.1283,
5/27/2025 17:30,14.512,,3.3122,,1.1774,
5/27/2025 17:45,14.387,,3.9069,,1.1397,
5/27/2025 18:00,14.2,,4.4648,,1.2193,
5/27/2025 18:15,14.075,,5.0987,,1.108,
5/27/2025 18:30,14.012,,4.1208,,1.0355,
5/27/2025 18:45,13.887,,3.1095,,1.1628,
5/27/2025 19:00,13.7,,3.3963,,1.1432,
5/27/2025 19:15,13.512,,4.0372,,1.1105,
5/27/2025 19:30,13.387,,3.2178,,1.1665,
5/27/2025 19:45,13.325,,3.3803,,1.188,
5/27/2025 20:00,13.2,,3.6169,,1.0619,
5/27/2025 20:15,13.075,,2.852,,1.1254,
5/27/2025 20:30,12.95,,2.6633,,1.049,
5/27/2025 20:45,12.887,,2.6321,,1.0496,
5/27/2025 21:00,12.762,,3.8238,,1.0609,
5/27/2025 21:15,12.7,,3.0043,,1.1397,
5/27/2025 21:30,12.575,,2.0919,,1.1382,
5/27/2025 21:45,12.512,,2.3147,,1.1808,
5/27/2025 22:00,12.387,,2.665,,1.0664,
5/27/2025 22:15,12.262,,2.1168,,1.0397,
5/27/2025 22:30,12.2,,2.2438,,1.0528,
5/27/2025 22:45,12.012,,15.7441,,1.1797,
5/27/2025 23:00,11.95,,60.4599,,0.9994,
5/27/2025 23:15,11.825,,66.6355,,1.275,
5/27/2025 23:30,11.762,,29.8975,,1.3283,
5/27/2025 23:45,11.7,,19.0954,,1.2303,
5/28/2025 0:00,11.575,,15.2005,,1.2278,
5/28/2025 0:15,11.512,,12.916,,1.1788,
5/28/2025 0:30,11.387,,9.5045,,1.2582,
5/28/2025 0:45,11.325,,7.6164,,1.2349,
5/28/2025 1:00,11.262,,7.3188,,1.1504,
5/28/2025 1:15,11.137,,6.0425,,1.078,
5/28/2025 1:30,11.075,,6.0748,,1.2677,
5/28/2025 1:45,11.012,,5.1881,,1.1642,
5/28/2025 2:00,10.95,,4.8329,,1.1893,
5/28/2025 2:15,10.887,,4.4664,,1.1671,
5/28/2025 2:30,10.887,,3.348,,1.2553,
5/28/2025 2:45,10.887,,2.6323,,1.1584,
5/28/2025 3:00,10.887,,3.857,,1.2732,
5/28/2025 3:15,10.887,,3.8523,,1.0666,
5/28/2025 3:30,10.95,,3.6189,,1.1893,
5/28/2025 3:45,11.075,,3.8795,,1.1789,
5/28/2025 4:00,11.137,,3.2029,,1.2024,
5/28/2025 4:15,11.325,,1.8288,,1.1414,
5/28/2025 4:30,11.45,,2.5846,,1.0636,
5/28/2025 4:45,11.7,,3.0763,,0.8696,
5/28/2025 5:00,11.887,,3.45,,1.127,
5/28/2025 5:15,12.137,,1.9599,,0.9763,
5/28/2025 5:30,12.45,,2.3674,,1.0076,
5/28/2025 5:45,12.762,,2.5471,,1.142,
5/28/2025 6:00,13.137,,2.4241,,1.1675,
5/28/2025 6:15,13.575,,2.1607,,1.1777,
5/28/2025 6:30,14.075,,2.6536,,1.2977,
5/28/2025 6:45,14.575,,1.3868,,1.1796,
5/28/2025 7:00,15.075,,2.4286,,1.1715,
5/28/2025 7:15,15.575,,3.2698,,1.1779,
5/28/2025 7:30,15.95,,2.7152,,1.2452,
5/28/2025 7:45,16.45,,2.687,,1.2833,
5/28/2025 8:00,16.887,,3.0649,,1.0462,
5/28/2025 8:15,17.262,,3.2126,,1.0642,
5/28/2025 8:30,17.637,,2.8975,,0.9841,
5/28/2025 8:45,17.95,,3.5518,,0.9583,
5/28/2025 9:00,18.262,,3.7054,,1.0049,
5/28/2025 9:15,18.512,,4.3461,,0.9714,
5/28/2025 9:30,18.762,,4.6886,,1.0127,
5/28/2025 9:45,19.012,,3.8008,,0.9565,
5/28/2025 10:00,19.137,,4.9362,,0.9125,
5/28/2025 10:15,19.387,,5.8872,,0.8439,
5/28/2025 10:30,19.575,,4.0838,,0.7488,
5/28/2025 10:45,19.7,,5.4532,,0.8863,
5/28/2025 11:00,19.825,,5.6455,,0.78,
5/28/2025 11:15,19.762,,5.1427,,0.6961,
5/28/2025 11:30,19.7,,5.3877,,0.8538,
5/28/2025 11:45,19.637,,5.6765,,0.8585,
5/28/2025 12:00,19.512,,7.3579,,0.8225,
5/28/2025 12:15,19.387,,14.2388,,0.9053,
5/28/2025 12:30,19.2,,10.6384,,0.9896,
5/28/2025 12:45,19.012,,8.8864,,0.8194,
5/28/2025 13:00,18.887,,19.7204,,0.8757,
5/28/2025 13:15,18.637,,52.059,,0.7274,
5/28/2025 13:30,18.387,,19.2636,,0.774,
5/28/2025 13:45,18.137,,12.9393,,0.9224,
5/28/2025 14:00,17.95,,8.6021,,0.9821,
5/28/2025 14:15,17.7,,15.8949,,0.94,
5/28/2025 14:30,17.575,,9.3646,,0.995,
5/28/2025 14:45,17.387,,8.9009,,0.9585,
5/28/2025 15:00,17.262,,6.0015,,0.9694,
5/28/2025 15:15,17.075,,4.0308,,1.0168,
5/28/2025 15:30,16.887,,4.2082,,1.041,
5/28/2025 15:45,16.762,,3.5874,,1.1154,
5/28/2025 16:00,16.575,,6.002,,1.0207,
5/28/2025 16:15,16.325,,4.0232,,1.129,
5/28/2025 16:30,16.2,,15.865,,1.1407,
5/28/2025 16:45,15.95,,32.8183,,1.3854,
5/28/2025 17:00,15.762,,20.0693,,1.2917,
5/28/2025 17:15,15.637,,17.5521,,1.1698,
5/28/2025 17:30,15.387,,12.577,,1.2632,
5/28/2025 17:45,15.262,,9.9902,,1.2053,
5/28/2025 18:00,15.075,,8.355,,1.3066,
5/28/2025 18:15,14.887,,7.6823,,1.3077,
5/28/2025 18:30,14.762,,5.4193,,1.2479,
5/28/2025 18:45,14.637,,5.6797,,1.1941,
5/28/2025 19:00,14.45,,5.2351,,1.1545,
5/28/2025 19:15,14.325,,5.529,,1.1167,
5/28/2025 19:30,14.2,,4.2707,,1.057,
5/28/2025 19:45,14.137,,4.2358,,1.2179,
5/28/2025 20:00,14.075,,2.8277,,1.1191,
5/28/2025 20:15,13.95,,2.5093,,1.0732,
5/28/2025 20:30,13.825,,2.4479,,1.1797,
5/28/2025 20:45,13.762,,3.1739,,1.156,
5/28/2025 21:00,13.637,,3.0095,,1.0707,
5/28/2025 21:15,13.512,,3.3363,,1.1442,
5/28/2025 21:30,13.387,,2.8863,,1.0484,
5/28/2025 21:45,13.325,,5.1561,,1.0334,
5/28/2025 22:00,13.262,,5.013,,1.0205,
5/28/2025 22:15,13.2,,4.1371,,0.955,
5/28/2025 22:30,13.137,,3.5771,,1.0254,
5/28/2025 22:45,13.075,,3.2478,,0.9875,
5/28/2025 23:00,13.012,,3.2478,,1.0652,
5/28/2025 23:15,12.95,,3.0197,,1.0639,
5/28/2025 23:30,12.95,,2.624,,0.9629,
5/28/2025 23:45,12.887,,3.1329,,1.0142,
5/29/2025 0:00,12.825,,3.2045,,1.1375,
5/29/2025 0:15,12.762,,3.699,,0.9596,
5/29/2025 0:30,12.7,,1.7751,,1.0566,
5/29/2025 0:45,12.7,,2.3162,,1.1066,
5/29/2025 1:00,12.637,,1.9292,,1.169,
5/29/2025 1:15,12.637,,3.1783,,1.1093,
5/29/2025 1:30,12.575,,2.9438,,1.0293,
5/29/2025 1:45,12.575,,2.7868,,1.0899,
5/29/2025 2:00,12.512,,2.3667,,1.0981,
5/29/2025 2:15,12.512,,2.3452,,1.1528,
5/29/2025 2:30,12.512,,2.0492,,1.0784,
5/29/2025 2:45,12.512,,2.1379,,1.1534,
5/29/2025 3:00,12.575,,3.0281,,1.1362,
5/29/2025 3:15,12.637,,3.21,,1.1273,
5/29/2025 3:30,12.637,,2.7019,,1.0465,
5/29/2025 3:45,12.7,,3.6558,,1.1489,
5/29/2025 4:00,12.825,,2.7796,,1.084,
5/29/2025 4:15,12.887,,1.6868,,1.1956,
5/29/2025 4:30,13.012,,4.1601,,1.1977,
5/29/2025 4:45,13.2,,2.8886,,1.0911,
5/29/2025 5:00,13.512,,2.6884,,1.0992,
5/29/2025 5:15,13.7,,2.7893,,1.0789,
5/29/2025 5:30,13.95,,4.0383,,1.0564,
5/29/2025 5:45,14.137,,3.7668,,1.1642,
5/29/2025 6:00,14.45,,2.826,,1.0956,
5/29/2025 6:15,14.825,,2.8717,,1.2288,
5/29/2025 6:30,15.2,,3.3975,,1.1096,
5/29/2025 6:45,15.512,,2.1832,,1.0238,
5/29/2025 7:00,15.887,,2.549,,1.1028,
5/29/2025 7:15,16.137,,3.5686,,0.9938,
5/29/2025 7:30,16.45,,3.8471,,1.0673,
5/29/2025 7:45,16.7,,3.0401,,0.9938,
5/29/2025 8:00,16.887,,3.5985,,1.0706,
5/29/2025 8:15,16.887,,3.4633,,1.0488,
5/29/2025 8:30,16.887,,4.0991,,1.0294,
5/29/2025 8:45,16.825,,3.5103,,0.7903,
5/29/2025 9:00,16.7,,3.2346,,1.1034,
5/29/2025 9:15,16.575,,3.1527,,1.0726,
5/29/2025 9:30,16.387,,4.3422,,1.0202,
5/29/2025 9:45,16.262,,4.3843,,1.0932,
5/29/2025 10:00,16.2,,5.2639,,1.1042,
5/29/2025 10:15,16.137,,6.8435,,1.1313,
5/29/2025 10:30,16.137,,4.9016,,1.1353,
5/29/2025 10:45,16.2,,6.1004,,1.014,
5/29/2025 11:00,16.262,,6.1499,,1.0629,
5/29/2025 11:15,16.325,,8.0761,,1.0395,
5/29/2025 11:30,16.325,,9.3584,,1.0492,
5/29/2025 11:45,16.387,,8.6458,,1.0304,
5/29/2025 12:00,16.45,,10.7244,,0.9478,
5/29/2025 12:15,16.45,,8.6387,,1.056,
5/29/2025 12:30,16.512,,10.2711,,0.9911,
5/29/2025 12:45,16.512,,10.2068,,1.1044,
5/29/2025 13:00,16.637,,16.3399,,1.0998,
5/29/2025 13:15,16.7,,11.9314,,1.018,
5/29/2025 13:30,16.637,,16.0728,,1.0213,
5/29/2025 13:45,16.637,,21.1296,,1.0035,
5/29/2025 14:00,16.575,,20.1383,,0.9915,
5/29/2025 14:15,16.45,,13.3616,,0.995,
5/29/2025 14:30,16.325,,29.2185,,1.0731,
5/29/2025 14:45,16.2,,22.8273,,0.9885,
5/29/2025 15:00,16.137,,25.2429,,0.994,
5/29/2025 15:15,16.012,,24.5699,,1.0789,
5/29/2025 15:30,15.887,,22.205,,1.0284,
5/29/2025 15:45,15.762,,19.5574,,1.0794,
5/29/2025 16:00,15.637,,20.7002,,1.0853,
5/29/2025 16:15,15.512,,19.5859,,0.941,
5/29/2025 16:30,15.387,,18.3444,,1.1154,
5/29/2025 16:45,15.2,,20.0577,,1.1041,
5/29/2025 17:00,15.012,,17.6762,,1.1884,
5/29/2025 17:15,14.887,,13.913,,1.103,
5/29/2025 17:30,14.762,,11.0668,,1.1122,
5/29/2025 17:45,14.575,,10.3908,,1.1769,
5/29/2025 18:00,14.387,,8.3357,,1.0521,
5/29/2025 18:15,14.262,,8.0772,,1.0605,
5/29/2025 18:30,14.075,,8.1819,,1.205,
5/29/2025 18:45,13.95,,6.9447,,1.1581,
5/29/2025 19:00,13.825,,8.0454,,1.0511,
5/29/2025 19:15,13.637,,25.5054,,1.2553,
5/29/2025 19:30,13.575,,13.2889,,1.115,
5/29/2025 19:45,13.45,,11.1672,,1.1266,
5/29/2025 20:00,13.387,,7.791,,1.2344,
5/29/2025 20:15,13.325,,6.1497,,1.1573,
5/29/2025 20:30,13.262,,6.9875,,1.1191,
5/29/2025 20:45,13.2,,5.2499,,1.1594,
5/29/2025 21:00,13.137,,5.3609,,1.1173,
5/29/2025 21:15,13.137,,4.5693,,1.0678,
5/29/2025 21:30,13.137,,3.6221,,1.083,
5/29/2025 21:45,13.137,,2.9258,,1.1201,
5/29/2025 22:00,13.075,,2.8635,,0.9738,
5/29/2025 22:15,13.012,,2.0053,,1.0264,
5/29/2025 22:30,12.95,,3.5045,,1.1103,
5/29/2025 22:45,12.887,,2.8576,,1.0173,
5/29/2025 23:00,12.887,,2.9028,,1.0482,
5/29/2025 23:15,12.825,,3.1931,,1.1007,
5/29/2025 23:30,12.7,,3.7714,,1.1082,
5/29/2025 23:45,12.637,,3.2737,,0.9964,
5/30/2025 0:00,12.575,,3.3136,,1.05,
5/30/2025 0:15,12.512,,4.771,,1.1252,
5/30/2025 0:30,12.387,,4.2544,,1.0684,
5/30/2025 0:45,12.325,,4.4903,,1.1131,
5/30/2025 1:00,12.2,,3.1685,,1.1274,
5/30/2025 1:15,12.137,,4.1898,,1.0531,
5/30/2025 1:30,12.075,,2.4184,,1.1445,
5/30/2025 1:45,12.012,,2.5355,,1.2081,
5/30/2025 2:00,11.95,,3.3732,,1.002,
5/30/2025 2:15,11.95,,3.4309,,1.1288,
5/30/2025 2:30,11.95,,3.5775,,1.1358,
5/30/2025 2:45,11.95,,3.3766,,1.1083,
5/30/2025 3:00,11.95,,2.0213,,1.1494,
5/30/2025 3:15,12.075,,3.3521,,1.0139,
5/30/2025 3:30,12.137,,2.4986,,1.133,
5/30/2025 3:45,12.2,,2.902,,1.0777,
5/30/2025 4:00,12.325,,3.0209,,1.0324,
5/30/2025 4:15,12.45,,3.3406,,0.9869,
5/30/2025 4:30,12.637,,2.7833,,1.0093,
5/30/2025 4:45,12.825,,2.3284,,0.9313,
5/30/2025 5:00,13.012,,2.8136,,1.0437,
5/30/2025 5:15,13.262,,2.8591,,1.1202,
5/30/2025 5:30,13.512,,2.9605,,0.9777,
5/30/2025 5:45,13.825,,2.1468,,1.0817,
5/30/2025 6:00,14.137,,2.0437,,1.2115,
5/30/2025 6:15,14.512,,2.3399,,1.2264,
5/30/2025 6:30,14.887,,1.6479,,1.1265,
5/30/2025 6:45,15.137,,2.8639,,1.0449,
5/30/2025 7:00,15.575,,1.5086,,1.1235,
5/30/2025 7:15,15.887,,2.1392,,1.0491,
5/30/2025 7:30,16.137,,0.8077,,0.9528,
5/30/2025 7:45,16.325,,2.8829,,1.0541,
5/30/2025 8:00,16.575,,1.775,,1.0771,
5/30/2025 8:15,16.825,,2.2691,,0.9846,
5/30/2025 8:30,17.075,,2.7852,,0.9319,
5/30/2025 8:45,17.262,,3.0593,,0.9259,
5/30/2025 9:00,17.387,,2.1336,,1.0007,
5/30/2025 9:15,17.45,,2.6344,,0.9326,
5/30/2025 9:30,17.45,,3.9215,,0.8856,
5/30/2025 9:45,17.512,,2.2926,,1.0053,
5/30/2025 10:00,17.7,,2.5317,,0.9852,
5/30/2025 10:15,17.7,,0.9691,,1.0064,
5/30/2025 10:30,17.762,,3.0369,,0.939,
5/30/2025 10:45,17.7,,1.8391,,0.9223,
5/30/2025 11:00,17.637,,2.9749,,1.0549,
5/30/2025 11:15,17.45,,1.5,,0.8507,
5/30/2025 11:30,17.325,,2.5465,,0.8319,
5/30/2025 11:45,17.2,,2.9704,,1.0051,
5/30/2025 12:00,17.137,,3.4789,,0.9517,
5/30/2025 12:15,17.137,,4.3769,,0.8994,
5/30/2025 12:30,17.075,,4.6879,,0.9642,
5/30/2025 12:45,17.075,,4.2923,,1.1602,
5/30/2025 13:00,17.012,,4.2721,,1.0625,
5/30/2025 13:15,16.95,,5.1,,1.0392,
5/30/2025 13:30,16.887,,3.8681,,1.039,
5/30/2025 13:45,16.762,,4.5456,,1.0644,
5/30/2025 14:00,16.7,,4.6862,,1.2237,
5/30/2025 14:15,16.637,,4.7795,,1.1625,
5/30/2025 14:30,16.575,,4.8004,,1.1361,
5/30/2025 14:45,16.575,,4.6445,,1.1513,
5/30/2025 15:00,16.512,,5.3682,,1.1022,
5/30/2025 15:15,16.387,,5.3602,,1.1746,
5/30/2025 15:30,16.325,,7.0222,,1.1574,
5/30/2025 15:45,16.262,,6.4234,,1.1711,
5/30/2025 16:00,16.137,,6.7901,,1.1702,
5/30/2025 16:15,16.012,,6.7017,,1.1437,
5/30/2025 16:30,15.95,,7.2972,,1.217,
5/30/2025 16:45,15.825,,12.9413,,0.9608,
5/30/2025 17:00,15.637,,21.1295,,1.2013,
5/30/2025 17:15,15.575,,14.5311,,1.1484,
5/30/2025 17:30,15.45,,11.3356,,1.3072,
5/30/2025 17:45,15.325,,7.9738,,1.1334,
5/30/2025 18:00,15.2,,8.4986,,1.2605,
5/30/2025 18:15,15.075,,7.4544,,1.1886,
5/30/2025 18:30,15.012,,7.7435,,1.2553,
5/30/2025 18:45,14.887,,4.55,,1.19,
5/30/2025 19:00,14.825,,5.0906,,1.2374,
5/30/2025 19:15,14.7,,4.254,,1.2293,
5/30/2025 19:30,14.637,,3.9317,,1.0844,
5/30/2025 19:45,14.575,,4.1474,,1.1514,
5/30/2025 20:00,14.512,,3.2194,,1.148,
5/30/2025 20:15,14.45,,4.0509,,1.1377,
5/30/2025 20:30,14.45,,3.6869,,1.2027,
5/30/2025 20:45,14.387,,3.3923,,1.1769,
5/30/2025 21:00,14.325,,3.9961,,1.2061,
5/30/2025 21:15,14.325,,2.5923,,1.2116,
5/30/2025 21:30,14.262,,4.0728,,1.1209,
5/30/2025 21:45,14.2,,7.8829,,1.1391,
5/30/2025 22:00,14.2,,6.1766,,1.0711,
5/30/2025 22:15,14.2,,3.8992,,1.2424,
5/30/2025 22:30,14.2,,4.908,,1.1363,
5/30/2025 22:45,14.137,,4.0048,,1.1883,
5/30/2025 23:00,14.137,,3.6134,,1.2324,
5/30/2025 23:15,14.075,,5.0467,,1.1737,
5/30/2025 23:30,14.075,,5.1031,,1.1615,
5/30/2025 23:45,14.075,,3.8834,,1.2138,
5/31/2025 0:00,14.012,,3.6202,,1.2717,
5/31/2025 0:15,14.012,,3.9261,,1.1723,
5/31/2025 0:30,13.95,,3.7315,,1.2472,
5/31/2025 0:45,13.95,,3.4984,,1.2568,
5/31/2025 1:00,13.95,,4.7314,,1.2057,
5/31/2025 1:15,13.887,,3.9796,,1.2259,
5/31/2025 1:30,13.887,,4.6613,,1.3301,
5/31/2025 1:45,13.887,,4.6745,,1.1496,
5/31/2025 2:00,13.825,,4.8755,,1.4106,
5/31/2025 2:15,13.762,,16.9835,,1.5069,
5/31/2025 2:30,13.7,,22.7363,,1.4014,
5/31/2025 2:45,13.575,,23.1395,,1.4605,
5/31/2025 3:00,13.512,,19.7144,,1.5578,
5/31/2025 3:15,13.512,,14.827,,1.7074,
5/31/2025 3:30,13.575,,12.4917,,1.9748,
5/31/2025 3:45,13.575,,8.7561,,2.2925,
5/31/2025 4:00,13.575,,5.7019,,2.3575,
5/31/2025 4:15,13.637,,4.5633,,2.2924,
5/31/2025 4:30,13.637,,4.4239,,2.1862,
5/31/2025 4:45,13.7,,4.329,,1.982,
5/31/2025 5:00,13.762,,4.1456,,1.9673,
5/31/2025 5:15,13.762,,3.6852,,1.9662,
5/31/2025 5:30,13.825,,4.3981,,1.8603,
5/31/2025 5:45,13.825,,5.1101,,1.844,
5/31/2025 6:00,13.825,,4.8675,,1.5733,
5/31/2025 6:15,13.825,,4.2098,,1.6674,
5/31/2025 6:30,13.762,,4.7597,,1.7624,
5/31/2025 6:45,13.825,,5.8428,,1.6514,
5/31/2025 7:00,13.887,,4.1618,,1.5345,
5/31/2025 7:15,13.95,,5.2307,,1.5226,
5/31/2025 7:30,14.012,,4.2511,,1.5636,
5/31/2025 7:45,14.012,,3.5116,,1.5512,
5/31/2025 8:00,14.137,,3.9906,,1.5498,
5/31/2025 8:15,14.2,,2.7937,,1.5385,
5/31/2025 8:30,14.325,,3.9597,,1.4451,
5/31/2025 8:45,14.387,,3.0102,,1.3566,
5/31/2025 9:00,14.575,,2.593,,1.5339,
5/31/2025 9:15,14.575,,2.4153,,1.4412,
5/31/2025 9:30,14.637,,2.1161,,1.4185,
5/31/2025 9:45,14.7,,4.469,,1.4065,
5/31/2025 10:00,14.7,,2.6279,,1.4036,
5/31/2025 10:15,14.762,,2.0495,,1.5251,
5/31/2025 10:30,14.762,,2.2996,,1.2832,
5/31/2025 10:45,14.887,,2.3218,,1.3444,
5/31/2025 11:00,15.137,,1.5068,,1.3702,
5/31/2025 11:15,15.45,,3.6557,,0.4053,
5/31/2025 11:30,15.512,,2.686,,1.2768,
5/31/2025 11:45,15.512,,4.2167,,1.2731,
5/31/2025 12:00,15.45,,3.8507,,1.1628,
5/31/2025 12:15,15.387,,4.0708,,1.1498,
5/31/2025 12:30,15.325,,5.4231,,1.2556,
5/31/2025 12:45,15.262,,8.2943,,1.1695,
5/31/2025 13:00,15.2,,7.5374,,1.1014,
5/31/2025 13:15,15.2,,14.885,,1.3026,
5/31/2025 13:30,15.2,,9.5821,,1.1698,
5/31/2025 13:45,15.2,,11.4316,,1.148,
5/31/2025 14:00,15.2,,11.0083,,1.1018,
5/31/2025 14:15,15.2,,6.8717,,1.1411,
5/31/2025 14:30,15.2,,4.9553,,1.2281,
5/31/2025 14:45,15.2,,6.3527,,1.1719,
5/31/2025 15:00,15.137,,2.4764,,1.1643,
5/31/2025 15:15,15.075,,3.2165,,1.1632,
5/31/2025 15:30,15.012,,2.0285,,1.1525,
5/31/2025 15:45,14.887,,2.5812,,1.0925,
5/31/2025 16:00,14.762,,2.5346,,1.3182,
5/31/2025 16:15,14.7,,3.1685,,1.1074,
5/31/2025 16:30,14.575,,2.5709,,1.1333,
5/31/2025 16:45,14.512,,3.2396,,1.2308,
5/31/2025 17:00,14.387,,3.0683,,1.1952,
5/31/2025 17:15,14.325,,3.1115,,1.2895,
5/31/2025 17:30,14.262,,3.2142,,1.4017,
5/31/2025 17:45,14.2,,3.2441,,1.2182,
5/31/2025 18:00,14.075,,2.7895,,1.1441,
5/31/2025 18:15,14.012,,2.5455,,1.1225,
5/31/2025 18:30,13.887,,1.9982,,1.1267,
5/31/2025 18:45,13.762,,2.8622,,1.1374,
5/31/2025 19:00,13.7,,2.6041,,1.1832,
5/31/2025 19:15,13.637,,2.5144,,1.3452,
5/31/2025 19:30,13.512,,1.0591,,1.252,
5/31/2025 19:45,13.45,,3.1483,,1.09,
5/31/2025 20:00,13.387,,2.3455,,1.2161,
5/31/2025 20:15,13.325,,1.5233,,1.3964,
5/31/2025 20:30,13.262,,3.0656,,1.2636,
5/31/2025 20:45,13.2,,1.747,,1.2095,
5/31/2025 21:00,13.137,,1.7328,,1.2578,
5/31/2025 21:15,13.075,,1.5879,,1.2943,
5/31/2025 21:30,12.95,,2.451,,1.2128,
5/31/2025 21:45,12.95,,1.4515,,1.1734,
5/31/2025 22:00,12.825,,2.1905,,1.2439,
5/31/2025 22:15,12.762,,2.1823,,1.2081,
5/31/2025 22:30,12.7,,1.9215,,1.0495,
5/31/2025 22:45,12.575,,0.97,,1.1931,
5/31/2025 23:00,12.575,,1.4282,,1.3012,
5/31/2025 23:15,12.512,,1.7281,,1.1778,
5/31/2025 23:30,12.512,,1.1996,,1.0561,
5/31/2025 23:45,12.45,,2.1351,,1.187,
6/1/2025 0:00,12.387,,1.646,,1.1007,
6/1/2025 0:15,12.387,,4.776,,1.1824,
6/1/2025 0:30,12.325,,2.7937,,1.1065,
6/1/2025 0:45,12.262,,2.2283,,1.1489,
6/1/2025 1:00,12.262,,2.8032,,1.121,
6/1/2025 1:15,12.2,,2.1002,,1.2106,
6/1/2025 1:30,12.2,,2.7574,,1.228,
6/1/2025 1:45,12.137,,2.3639,,1.0716,
6/1/2025 2:00,12.137,,2.2109,,1.1002,
6/1/2025 2:15,12.075,,1.639,,1.1206,
6/1/2025 2:30,12.075,,1.2341,,1.1148,
6/1/2025 2:45,12.075,,1.0862,,1.0555,
6/1/2025 3:00,12.075,,1.3398,,1.1772,
6/1/2025 3:15,12.075,,1.2576,,1.0877,
6/1/2025 3:30,12.075,,1.2908,,1.1026,
6/1/2025 3:45,12.075,,0.5056,,1.0673,
6/1/2025 4:00,12.2,,1.6837,,1.1589,
6/1/2025 4:15,12.2,,1.6347,,1.1024,
6/1/2025 4:30,12.262,,2.019,,1.0219,
6/1/2025 4:45,12.387,,0.8577,,1.051,
6/1/2025 5:00,12.512,,1.7156,,1.1034,
6/1/2025 5:15,12.7,,2.4848,,1.0691,
6/1/2025 5:30,12.887,,2.1081,,1.1355,
6/1/2025 5:45,12.95,,1.8584,,1.1153,
6/1/2025 6:00,13.012,,1.8364,,1.2752,
6/1/2025 6:15,13.262,,5.1686,,1.5205,
6/1/2025 6:30,13.387,,3.6986,,1.3296,
6/1/2025 6:45,13.575,,3.3256,,1.2283,
6/1/2025 7:00,13.825,,2.1859,,1.0675,
6/1/2025 7:15,14.075,,1.3936,,1.2303,
6/1/2025 7:30,14.262,,1.4695,,1.101,
6/1/2025 7:45,14.575,,2.212,,1.0675,
6/1/2025 8:00,14.762,,1.8819,,1.2326,
6/1/2025 8:15,14.95,,1.9679,,1.1441,
6/1/2025 8:30,15.075,,1.9163,,1.0845,
6/1/2025 8:45,15.2,,1.2762,,1.083,
6/1/2025 9:00,15.325,,2.1996,,1.1296,
6/1/2025 9:15,15.387,,2.218,,1.1952,
6/1/2025 9:30,15.45,,1.7551,,1.0045,
6/1/2025 9:45,15.512,,2.0884,,0.9874,
6/1/2025 10:00,15.637,,2.4947,,1.0479,
6/1/2025 10:15,15.637,,1.2432,,0.9847,
6/1/2025 10:30,15.7,,1.7384,,1.0826,
6/1/2025 10:45,15.7,,2.3527,,0.9708,
6/1/2025 11:00,15.7,,1.815,,0.9244,
6/1/2025 11:15,15.637,,1.5433,,1.0602,
6/1/2025 11:30,15.575,,1.6876,,1.1227,
6/1/2025 11:45,15.575,,1.8701,,0.9759,
6/1/2025 12:00,15.45,,1.7352,,1.0107,
6/1/2025 12:15,15.45,,2.7187,,1.2773,
6/1/2025 12:30,15.45,,1.5573,,1.1595,
6/1/2025 12:45,15.387,,1.2585,,0.9738,
6/1/2025 13:00,15.325,,1.0053,,0.9352,
6/1/2025 13:15,15.262,,1.0826,,0.974,
6/1/2025 13:30,15.137,,1.9902,,0.8497,
6/1/2025 13:45,15.075,,1.5892,,1.0654,
6/1/2025 14:00,14.95,,1.9742,,1.0808,
6/1/2025 14:15,14.825,,0.8656,,1.0636,
6/1/2025 14:30,14.637,,1.6399,,0.9548,
6/1/2025 14:45,14.512,,0.9967,,1.0483,
6/1/2025 15:00,14.325,,1.4341,,1.0277,
6/1/2025 15:15,14.2,,1.8253,,1.153,
6/1/2025 15:30,14.075,,1.7567,,1.1643,
6/1/2025 15:45,13.95,,25.6461,,1.2175,
6/1/2025 16:00,13.825,,14.0522,,1.0563,
6/1/2025 16:15,13.762,,11.841,,1.1533,
6/1/2025 16:30,13.7,,18.4434,,0.9352,
6/1/2025 16:45,13.575,,18.442,,1.1681,
6/1/2025 17:00,13.45,,14.1482,,1.2263,
6/1/2025 17:15,13.325,,10.0135,,1.1542,
6/1/2025 17:30,13.2,,7.3848,,1.1569,
6/1/2025 17:45,13.075,,6.7704,,1.197,
6/1/2025 18:00,12.95,,5.4626,,1.0624,
6/1/2025 18:15,12.762,,5.4387,,1.119,
6/1/2025 18:30,12.637,,4.5437,,1.1535,
6/1/2025 18:45,12.512,,4.5197,,1.0011,
6/1/2025 19:00,12.325,,6.243,,0.8636,
6/1/2025 19:15,12.262,,4.1503,,1.0608,
6/1/2025 19:30,12.075,,3.4598,,1.067,
6/1/2025 19:45,12.012,,3.2252,,1.0781,
6/1/2025 20:00,11.887,,2.5871,,1.0953,
6/1/2025 20:15,11.762,,3.7697,,1.1019,
6/1/2025 20:30,11.637,,2.8762,,1.0719,
6/1/2025 20:45,11.575,,4.2707,,1.0532,
6/1/2025 21:00,11.512,,2.6875,,0.9568,
6/1/2025 21:15,11.325,,2.6273,,1.2163,
6/1/2025 21:30,11.262,,1.7066,,1.104,
6/1/2025 21:45,11.137,,2.1042,,1.1224,
6/1/2025 22:00,11.012,,2.7319,,1.1182,
6/1/2025 22:15,10.95,,1.7477,,1.0879,
6/1/2025 22:30,10.825,,1.9054,,1.1173,
6/1/2025 22:45,10.762,,3.8066,,1.1533,
6/1/2025 23:00,10.637,,2.3535,,1.099,
6/1/2025 23:15,10.575,,2.76,,1.0142,
6/1/2025 23:30,10.45,,2.5128,,0.9216,
6/1/2025 23:45,10.387,,2.0932,,1.3096,
6/2/2025 0:00,10.262,,2.0354,,1.172,
6/2/2025 0:15,10.2,,2.5161,,1.1015,
6/2/2025 0:30,10.075,,0.7069,,1.1005,
6/2/2025 0:45,10.012,,2.3713,,1.1026,
6/2/2025 1:00,9.95,,3.3463,,1.0278,
6/2/2025 1:15,9.887,,1.6793,,1.0929,
6/2/2025 1:30,9.825,,2.1454,,0.913,
6/2/2025 1:45,9.762,,1.0975,,1.1813,
6/2/2025 2:00,9.7,,1.4793,,1.0204,
6/2/2025 2:15,9.637,,1.0422,,1.2099,
6/2/2025 2:30,9.637,,2.2999,,1.1202,
6/2/2025 2:45,9.637,,1.6019,,1.0811,
6/2/2025 3:00,9.637,,0.7306,,1.1603,
6/2/2025 3:15,9.7,,2.5434,,1.0568,
6/2/2025 3:30,9.825,,0.9324,,1.1063,
6/2/2025 3:45,9.887,,0.8327,,1.1701,
6/2/2025 4:00,10.012,,1.4686,,1.0561,
6/2/2025 4:15,10.2,,0.7283,,1.0768,
6/2/2025 4:30,10.262,,0.8515,,1.1631,
6/2/2025 4:45,10.45,,4.8811,,1.0447,
6/2/2025 5:00,10.637,,10.2525,,1.0736,
6/2/2025 5:15,10.887,,25.8526,,1.0171,
6/2/2025 5:30,11.075,,23.8036,,0.9395,
6/2/2025 5:45,11.387,,16.5128,,0.8984,
6/2/2025 6:00,11.575,,13.1414,,0.8393,
6/2/2025 6:15,11.887,,8.083,,0.9889,
6/2/2025 6:30,12.387,,5.8727,,0.9702,
6/2/2025 6:45,12.825,,4.8746,,0.9831,
6/2/2025 7:00,13.2,,12.2351,,1.1146,
6/2/2025 7:15,13.7,,15.3467,,1.1888,
6/2/2025 7:30,14.137,,8.0262,,1.0895,
6/2/2025 7:45,14.575,,7.4927,,1.0764,
6/2/2025 8:00,15.075,,6.3832,,1.0045,
6/2/2025 8:15,15.45,,7.5417,,1.0528,
6/2/2025 8:30,15.825,,6.691,,1.0264,
6/2/2025 8:45,16.2,,5.127,,1.1152,
6/2/2025 9:00,16.512,,4.5804,,0.9021,
6/2/2025 9:15,16.762,,4.15,,0.9095,
6/2/2025 9:30,16.887,,2.9162,,0.9977,
6/2/2025 9:45,17.012,,1.7981,,1.0018,
6/2/2025 10:00,17.137,,1.477,,0.88,
6/2/2025 10:15,17.137,,1.5134,,0.9858,
6/2/2025 10:30,17.2,,1.7575,,0.8397,
6/2/2025 10:45,17.2,,2.1993,,0.9481,
6/2/2025 11:00,17.2,,1.5509,,0.868,
6/2/2025 11:15,17.2,,5.1552,,1.1928,
6/2/2025 11:30,17.2,,2.2453,,0.8966,
6/2/2025 11:45,17.2,,2.4286,,0.8872,
6/2/2025 12:00,17.2,,1.3994,,1.0839,
6/2/2025 12:15,17.075,,1.9043,,0.9845,
6/2/2025 12:30,17.012,,2.0368,,0.9316,
6/2/2025 12:45,16.887,,1.8627,,0.8831,
6/2/2025 13:00,16.825,,1.1607,,0.9882,
6/2/2025 13:15,16.7,,1.1355,,0.988,
6/2/2025 13:30,16.575,,2.3544,,1.0106,
6/2/2025 13:45,16.387,,1.7818,,1.1136,
6/2/2025 14:00,16.2,,1.8282,,1.0149,
6/2/2025 14:15,16.012,,1.4416,,1.0013,
6/2/2025 14:30,15.825,,1.6434,,0.9958,
6/2/2025 14:45,15.637,,3.4117,,1.0148,
6/2/2025 15:00,15.45,,2.0764,,0.9329,
6/2/2025 15:15,15.325,,2.005,,1.024,
6/2/2025 15:30,15.137,,2.3749,,1.0278,
6/2/2025 15:45,15.012,,1.541,,1.1238,
6/2/2025 16:00,14.825,,1.1239,,1.0538,
6/2/2025 16:15,14.637,,1.0537,,1.1349,
6/2/2025 16:30,14.512,,1.8729,,1.0831,
6/2/2025 16:45,14.325,,2.6332,,1.081,
6/2/2025 17:00,14.2,,3.5759,,1.0785,
6/2/2025 17:15,14.012,,5.6489,,1.0174,
6/2/2025 17:30,13.887,,2.9581,,1.197,
6/2/2025 17:45,13.762,,4.75,,1.0759,
6/2/2025 18:00,13.637,,6.4401,,1.1538,
6/2/2025 18:15,13.512,,3.955,,1.2115,
6/2/2025 18:30,13.387,,5.9896,,1.2032,
6/2/2025 18:45,13.262,,4.5808,,1.186,
6/2/2025 19:00,13.262,,4.2175,,1.1449,
6/2/2025 19:15,13.2,,2.4542,,1.0985,
6/2/2025 19:30,13.137,,2.3301,,1.1014,
6/2/2025 19:45,13.075,,3.448,,1.103,
6/2/2025 20:00,12.95,,2.5317,,1.0435,
6/2/2025 20:15,12.825,,2.0576,,1.0708,
6/2/2025 20:30,12.762,,3.1002,,1.1581,
6/2/2025 20:45,12.637,,2.6171,,1.1111,
6/2/2025 21:00,12.512,,1.5879,,1.0152,
6/2/2025 21:15,12.387,,1.7298,,1.0496,
6/2/2025 21:30,12.262,,3.037,,1.1043,
6/2/2025 21:45,12.137,,2.3093,,0.9412,
6/2/2025 22:00,12.012,,2.1681,,0.9411,
6/2/2025 22:15,11.887,,1.8019,,1.0898,
6/2/2025 22:30,11.762,,1.3433,,1.1659,
6/2/2025 22:45,11.637,,0.3125,,0.998,
6/2/2025 23:00,11.512,,1.8687,,1.0502,
6/2/2025 23:15,11.387,,1.8851,,1.0765,
6/2/2025 23:30,11.262,,2.0832,,1.1399,
6/2/2025 23:45,11.137,,2.9958,,1.1333,
6/3/2025 0:00,11.075,,2.8962,,1.1489,
6/3/2025 0:15,10.95,,2.3942,,1.1475,
6/3/2025 0:30,10.887,,2.4241,,1.0814,
6/3/2025 0:45,10.825,,3.1185,,1.1057,
6/3/2025 1:00,10.7,,1.5738,,1.0892,
6/3/2025 1:15,10.637,,1.9601,,1.1267,
6/3/2025 1:30,10.512,,2.1837,,1.0418,
6/3/2025 1:45,10.387,,1.8089,,1.0991,
6/3/2025 2:00,10.387,,1.56,,1.0111,
6/3/2025 2:15,10.262,,1.0086,,1.1783,
6/3/2025 2:30,10.262,,1.622,,1.0588,
6/3/2025 2:45,10.262,,1.235,,1.0313,
6/3/2025 3:00,10.262,,1.3472,,1.1971,
6/3/2025 3:15,10.325,,1.0161,,1.0564,
6/3/2025 3:30,10.387,,1.9138,,0.9996,
6/3/2025 3:45,10.45,,1.011,,1.1335,
6/3/2025 4:00,10.575,,1.9195,,1.0495,
6/3/2025 4:15,10.762,,0.7317,,1.1068,
6/3/2025 4:30,10.887,,0.5664,,0.98,
6/3/2025 4:45,11.012,,0.3012,,0.9466,
6/3/2025 5:00,11.262,,1.514,,0.866,
6/3/2025 5:15,11.512,,0.9409,,0.8685,
6/3/2025 5:30,11.825,,0.0441,,0.9566,
6/3/2025 5:45,12.137,,1.1923,,0.8108,
6/3/2025 6:00,12.387,,1.4231,,0.9618,
6/3/2025 6:15,12.825,,1.7081,,1.0057,
6/3/2025 6:30,13.325,,1.0212,,1.1667,
6/3/2025 6:45,13.762,,0.6833,,0.9845,
6/3/2025 7:00,14.2,,0.6878,,1.038,
6/3/2025 7:15,14.575,,0.7046,,1.0696,
6/3/2025 7:30,15.012,,1.0145,,1.0628,
6/3/2025 7:45,15.45,,1.2204,,1.0659,
6/3/2025 8:00,15.7,,1.2126,,1.0811,
6/3/2025 8:15,15.95,,1.4246,,1.1022,
6/3/2025 8:30,16.075,,0.7009,,1.0759,
6/3/2025 8:45,16.262,,1.8344,,1.0012,
6/3/2025 9:00,16.325,,1.3026,,0.8491,
6/3/2025 9:15,16.575,,0.5985,,0.9752,
6/3/2025 9:30,16.825,,0.7931,,0.9683,
6/3/2025 9:45,17.012,,0.6252,,1.0701,
6/3/2025 10:00,17.137,,1.1713,,0.9445,
6/3/2025 10:15,17.45,,2.3355,,0.839,
6/3/2025 10:30,17.575,,1.1844,,0.7948,
6/3/2025 10:45,17.887,,0.6795,,0.7731,
6/3/2025 11:00,18.075,,1.6693,,0.8768,
6/3/2025 11:15,18.387,,1.5394,,0.7045,
6/3/2025 11:30,18.575,,1.3074,,0.7055,
6/3/2025 11:45,18.825,,2.5411,,0.8336,
6/3/2025 12:00,19.012,,1.9783,,0.6993,
6/3/2025 12:15,19.137,,1.7627,,0.6738,
6/3/2025 12:30,19.137,,1.4842,,0.7699,
6/3/2025 12:45,18.95,,1.8322,,0.7138,
6/3/2025 13:00,18.762,,2.4671,,0.7531,
6/3/2025 13:15,18.637,,2.6786,,0.6972,
6/3/2025 13:30,18.325,,1.7779,,0.9011,
6/3/2025 13:45,18.075,,2.0445,,0.9231,
6/3/2025 14:00,17.825,,2.5015,,0.9381,
6/3/2025 14:15,17.637,,2.0041,,0.9877,
6/3/2025 14:30,17.45,,1.3277,,1.0794,
6/3/2025 14:45,17.2,,2.1038,,1.059,
6/3/2025 15:00,16.95,,1.8366,,0.9255,
6/3/2025 15:15,16.762,,1.9773,,0.9529,
6/3/2025 15:30,16.512,,2.8758,,1.0241,
6/3/2025 15:45,16.325,,3.8297,,1.0715,
6/3/2025 16:00,16.075,,1.9066,,1.0917,
6/3/2025 16:15,15.887,,22.5257,,1.0627,
6/3/2025 16:30,15.7,,8.2862,,1.1848,
6/3/2025 16:45,15.45,,10.8543,,1.2073,
6/3/2025 17:00,15.262,,9.4896,,1.1484,
6/3/2025 17:15,15.012,,7.6885,,1.182,
6/3/2025 17:30,14.825,,9.2777,,1.067,
6/3/2025 17:45,14.575,,5.5115,,0.9687,
6/3/2025 18:00,14.45,,5.183,,0.9666,
6/3/2025 18:15,14.262,,4.1987,,1.0734,
6/3/2025 18:30,14.075,,4.7277,,1.0509,
6/3/2025 18:45,13.887,,3.1791,,1.0243,
6/3/2025 19:00,13.762,,3.413,,1.0343,
6/3/2025 19:15,13.637,,2.1787,,1.0171,
6/3/2025 19:30,13.45,,2.353,,0.9897,
6/3/2025 19:45,13.325,,2.0691,,0.9875,
6/3/2025 20:00,13.2,,1.842,,0.996,
6/3/2025 20:15,13.075,,6.1008,,1.0367,
6/3/2025 20:30,12.95,,1.8962,,0.8951,
6/3/2025 20:45,12.825,,2.0192,,1.0235,
6/3/2025 21:00,12.762,,2.1269,,0.9825,
6/3/2025 21:15,12.637,,2.0914,,0.8972,
6/3/2025 21:30,12.512,,1.5469,,0.9676,
6/3/2025 21:45,12.387,,2.3606,,0.9542,
6/3/2025 22:00,12.325,,2.0937,,1.054,
6/3/2025 22:15,12.262,,2.574,,0.8643,
6/3/2025 22:30,12.137,,2.2928,,0.8832,
6/3/2025 22:45,12.012,,1.6311,,0.9558,
6/3/2025 23:00,11.95,,2.2634,,0.981,
6/3/2025 23:15,11.887,,1.7643,,1.0615,
6/3/2025 23:30,11.825,,1.101,,1.058,
6/3/2025 23:45,11.7,,2.0802,,0.8513,
6/4/2025 0:00,11.7,,1.3882,,1.047,
6/4/2025 0:15,11.575,,1.1178,,1.0938,
6/4/2025 0:30,11.512,,1.758,,0.9659,
6/4/2025 0:45,11.45,,2.3245,,0.9478,
6/4/2025 1:00,11.45,,1.7219,,0.9548,
6/4/2025 1:15,11.325,,1.5228,,1.058,
6/4/2025 1:30,11.262,,1.7627,,1.0617,
6/4/2025 1:45,11.262,,1.0918,,1.0408,
6/4/2025 2:00,11.2,,2.5322,,0.9958,
6/4/2025 2:15,11.137,,0.9194,,1.0254,
6/4/2025 2:30,11.137,,0.5855,,1.0289,
6/4/2025 2:45,11.137,,0.4396,,1.0288,
6/4/2025 3:00,11.2,,1.3346,,1.0276,
6/4/2025 3:15,11.2,,1.2073,,1.0919,
6/4/2025 3:30,11.262,,0.7834,,1.1373,
6/4/2025 3:45,11.387,,1.0571,,0.9296,
6/4/2025 4:00,11.45,,1.4927,,0.9582,
6/4/2025 4:15,11.575,,1.1497,,1.0363,
6/4/2025 4:30,11.637,,1.7128,,0.9748,
6/4/2025 4:45,11.825,,1.7047,,0.9946,
6/4/2025 5:00,11.95,,1.879,,0.8948,
6/4/2025 5:15,12.137,,13.5168,,0.9977,
6/4/2025 5:30,12.325,,10.764,,1.0541,
6/4/2025 5:45,12.575,,16.6564,,1.0079,
6/4/2025 6:00,12.762,,14.1747,,1.0996,
6/4/2025 6:15,13.012,,14.754,,1.2309,
6/4/2025 6:30,13.137,,15.7297,,1.2541,
6/4/2025 6:45,13.387,,16.6605,,1.2427,
6/4/2025 7:00,13.512,,17.3887,,1.1811,
6/4/2025 7:15,13.7,,17.5477,,1.2116,
6/4/2025 7:30,13.887,,17.4971,,1.1478,
6/4/2025 7:45,14.012,,17.43,,1.09,
6/4/2025 8:00,14.2,,14.5779,,1.1611,
6/4/2025 8:15,14.325,,14.251,,1.0888,
6/4/2025 8:30,14.512,,13.4595,,1.1281,
6/4/2025 8:45,14.637,,12.9546,,1.0529,
6/4/2025 9:00,14.762,,12.3776,,1.1234,
6/4/2025 9:15,14.887,,12.7663,,1.0389,
6/4/2025 9:30,14.95,,10.4211,,1.1164,
6/4/2025 9:45,15.012,,10.6066,,1.029,
6/4/2025 10:00,15.137,,11.6981,,1.0595,
6/4/2025 10:15,15.262,,11.1009,,1.1492,
6/4/2025 10:30,15.387,,11.6784,,1.0274,
6/4/2025 10:45,15.7,,11.3469,,1.0162,
6/4/2025 11:00,15.7,,13.8032,,1.0673,
6/4/2025 11:15,15.762,,13.2479,,1.135,
6/4/2025 11:30,15.887,,16.556,,1.004,
6/4/2025 11:45,16.075,,14.0245,,1.0206,
6/4/2025 12:00,16.2,,14.4689,,1.1677,
6/4/2025 12:15,16.325,,13.6459,,1.1101,
6/4/2025 12:30,16.45,,12.2171,,0.9941,
6/4/2025 12:45,16.637,,19.1717,,0.8789,
6/4/2025 13:00,16.762,,18.82,,1.0558,
6/4/2025 13:15,16.95,,17.3533,,1.0283,
6/4/2025 13:30,17.262,,15.9356,,0.9843,
6/4/2025 13:45,17.45,,18.1885,,0.8897,
6/4/2025 14:00,17.637,,19.3769,,1.0611,
6/4/2025 14:15,17.762,,20.8398,,1.0868,
6/4/2025 14:30,17.887,,20.3436,,0.9974,
6/4/2025 14:45,17.95,,13.6755,,1.0813,
6/4/2025 15:00,17.95,,10.4746,,0.9626,
6/4/2025 15:15,17.887,,8.5801,,0.9307,
6/4/2025 15:30,17.825,,7.0642,,0.8528,
6/4/2025 15:45,17.637,,6.6953,,0.8863,
6/4/2025 16:00,17.512,,6.0221,,1.0595,
6/4/2025 16:15,17.387,,5.3379,,0.8854,
6/4/2025 16:30,17.2,,4.7411,,0.9741,
6/4/2025 16:45,17.012,,4.564,,1.0007,
6/4/2025 17:00,16.762,,6.5646,,0.9329,
6/4/2025 17:15,16.512,,5.2098,,1.0445,
6/4/2025 17:30,16.325,,4.6998,,1.0079,
6/4/2025 17:45,16.137,,4.8552,,1.0871,
6/4/2025 18:00,15.95,,5.3503,,1.0934,
6/4/2025 18:15,15.825,,4.6623,,1.1362,
6/4/2025 18:30,15.637,,3.5381,,1.026,
6/4/2025 18:45,15.512,,3.1507,,0.927,
6/4/2025 19:00,15.325,,3.7114,,1.0051,
6/4/2025 19:15,15.2,,4.0194,,1.0025,
6/4/2025 19:30,15.075,,2.4996,,1.1192,
6/4/2025 19:45,14.95,,2.3657,,1.0182,
6/4/2025 20:00,14.825,,2.5289,,1.058,
6/4/2025 20:15,14.7,,2.8442,,0.9776,
6/4/2025 20:30,14.637,,2.9855,,0.9521,
6/4/2025 20:45,14.512,,2.3412,,1.1668,
6/4/2025 21:00,14.387,,2.7869,,1.1271,
6/4/2025 21:15,14.325,,3.3751,,1.1056,
6/4/2025 21:30,14.262,,1.9148,,1.094,
6/4/2025 21:45,14.2,,2.6374,,0.9477,
6/4/2025 22:00,14.075,,2.1893,,1.0374,
6/4/2025 22:15,14.012,,5.3873,,0.9975,
6/4/2025 22:30,13.887,,2.0561,,0.96,
6/4/2025 22:45,13.825,,2.2671,,0.928,
6/4/2025 23:00,13.762,,4.0894,,1.1294,
6/4/2025 23:15,13.7,,1.9085,,1.0344,
6/4/2025 23:30,13.637,,2.0845,,0.9699,
6/4/2025 23:45,13.512,,2.9415,,1.0125,
6/5/2025 0:00,13.45,,2.8081,,1.0605,
6/5/2025 0:15,13.387,,2.5958,,0.8921,
6/5/2025 0:30,13.325,,2.7981,,0.9432,
6/5/2025 0:45,13.262,,3.3502,,1.0379,
6/5/2025 1:00,13.2,,2.8733,,1.0027,
6/5/2025 1:15,13.137,,2.884,,0.9302,
6/5/2025 1:30,13.075,,2.6409,,1.0311,
6/5/2025 1:45,13.012,,2.9609,,0.9693,
6/5/2025 2:00,13.012,,2.8573,,0.8881,
6/5/2025 2:15,12.95,,3.2166,,0.9267,
6/5/2025 2:30,12.95,,2.2331,,1.0248,
6/5/2025 2:45,12.95,,1.8875,,0.9187,
6/5/2025 3:00,12.95,,2.0897,,0.9925,
6/5/2025 3:15,13.012,,2.467,,0.8541,
6/5/2025 3:30,13.075,,1.3519,,0.9114,
6/5/2025 3:45,13.137,,2.1207,,1.0056,
6/5/2025 4:00,13.2,,3.0677,,1.0308,
6/5/2025 4:15,13.387,,1.8335,,0.938,
6/5/2025 4:30,13.45,,2.4469,,0.9788,
6/5/2025 4:45,13.575,,1.7723,,1.0076,
6/5/2025 5:00,13.762,,1.9412,,0.8596,
6/5/2025 5:15,13.95,,1.5464,,0.9545,
6/5/2025 5:30,14.137,,1.3354,,0.9962,
6/5/2025 5:45,14.325,,1.977,,1.1407,
6/5/2025 6:00,14.387,,1.3749,,1.1322,
6/5/2025 6:15,14.575,,2.7531,,0.9915,
6/5/2025 6:30,14.7,,1.1472,,1.1005,
6/5/2025 6:45,14.887,,1.2448,,0.9866,
6/5/2025 7:00,15.012,,1.3875,,1.0152,
6/5/2025 7:15,15.262,,2.0102,,0.9584,
6/5/2025 7:30,15.45,,1.7853,,1.0311,
6/5/2025 7:45,15.575,,1.2817,,1.0436,
6/5/2025 8:00,15.762,,1.5941,,0.9989,
6/5/2025 8:15,15.887,,2.3472,,1.0615,
6/5/2025 8:30,15.95,,1.699,,0.9897,
6/5/2025 8:45,15.95,,1.4948,,1.1661,
6/5/2025 9:00,16.012,,1.0976,,1.0108,
6/5/2025 9:15,16.075,,1.972,,0.9967,
6/5/2025 9:30,16.075,,1.8217,,1.1123,
6/5/2025 9:45,16.137,,2.7989,,1.0215,
6/5/2025 10:00,16.2,,3.5949,,1.0355,
6/5/2025 10:15,16.262,,2.2758,,0.9773,
6/5/2025 10:30,16.262,,2.7676,,1.0254,
6/5/2025 10:45,16.387,,1.7532,,1.0004,
6/5/2025 11:00,16.387,,2.9258,,0.9554,
6/5/2025 11:15,16.45,,0.9194,,1.463,
6/5/2025 11:30,16.512,,1.4034,,1.2249,
6/5/2025 11:45,16.575,,1.7634,,1.1576,
6/5/2025 12:00,16.637,,2.1175,,1.0578,
6/5/2025 12:15,16.7,,1.8874,,1.148,
6/5/2025 12:30,16.762,,2.5278,,1.1399,
6/5/2025 12:45,16.825,,1.5921,,1.0428,
6/5/2025 13:00,16.887,,2.8398,,1.1522,
6/5/2025 13:15,17.012,,3.4778,,0.9793,
6/5/2025 13:30,17.012,,2.3623,,1.0168,
6/5/2025 13:45,17.137,,2.4503,,0.9197,
6/5/2025 14:00,17.137,,2.5196,,0.9917,
6/5/2025 14:15,17.262,,2.7463,,1.0469,
6/5/2025 14:30,17.325,,2.1037,,1.0252,
6/5/2025 14:45,17.387,,1.7626,,0.9668,
6/5/2025 15:00,17.512,,2.5683,,1.0869,
6/5/2025 15:15,17.7,,2.123,,0.9115,
6/5/2025 15:30,17.825,,2.5302,,0.9607,
6/5/2025 15:45,18.012,,2.7752,,0.9521,
6/5/2025 16:00,18.075,,2.8666,,0.9648,
6/5/2025 16:15,18.2,,2.3006,,0.9461,
6/5/2025 16:30,18.262,,2.4042,,0.9713,
6/5/2025 16:45,18.262,,3.3126,,0.9378,
6/5/2025 17:00,18.2,,2.8533,,0.9952,
6/5/2025 17:15,18.137,,5.9041,,1.0581,
6/5/2025 17:30,18.012,,4.8486,,1.0047,
6/5/2025 17:45,17.887,,2.041,,1.0835,
6/5/2025 18:00,17.7,,2.6577,,0.9745,
6/5/2025 18:15,17.575,,2.6532,,1.1095,
6/5/2025 18:30,17.387,,2.6658,,1.0342,
6/5/2025 18:45,17.262,,3.5027,,0.9729,
6/5/2025 19:00,17.137,,2.6747,,1.056,
6/5/2025 19:15,17.012,,1.7499,,1.1224,
6/5/2025 19:30,16.887,,2.8531,,1.106,
6/5/2025 19:45,16.825,,2.3714,,1.0024,
6/5/2025 20:00,16.7,,2.501,,1.1252,
6/5/2025 20:15,16.512,,1.6286,,1.0443,
6/5/2025 20:30,16.45,,2.4849,,1.062,
6/5/2025 20:45,16.325,,3.7392,,1.0666,
6/5/2025 21:00,16.2,,2.8331,,0.9875,
6/5/2025 21:15,16.137,,3.1498,,1.1738,
6/5/2025 21:30,16.075,,1.8223,,1.1701,
6/5/2025 21:45,16.012,,2.9907,,1.0672,
6/5/2025 22:00,15.887,,3.0447,,1.1941,
6/5/2025 22:15,15.825,,2.5646,,1.0965,
6/5/2025 22:30,15.762,,3.485,,1.0923,
6/5/2025 22:45,15.7,,2.4126,,1.0644,
6/5/2025 23:00,15.637,,2.5699,,1.2317,
6/5/2025 23:15,15.575,,2.5654,,1.077,
6/5/2025 23:30,15.512,,2.8004,,1.1324,
6/5/2025 23:45,15.512,,2.5429,,1.2329,
6/6/2025 0:00,15.45,,3.0483,,1.138,
6/6/2025 0:15,15.45,,2.5388,,1.171,
6/6/2025 0:30,15.45,,3.5727,,1.0839,
6/6/2025 0:45,15.45,,4.4124,,1.2521,
6/6/2025 1:00,15.387,,5.916,,1.1442,
6/6/2025 1:15,15.45,,3.4752,,1.227,
6/6/2025 1:30,15.45,,5.0575,,1.1772,
6/6/2025 1:45,15.45,,3.2991,,1.2893,
6/6/2025 2:00,15.45,,3.3513,,1.2733,
6/6/2025 2:15,15.45,,4.1684,,1.1657,
6/6/2025 2:30,15.45,,3.1657,,1.2392,
6/6/2025 2:45,15.45,,3.7739,,1.1706,
6/6/2025 3:00,15.45,,3.021,,1.1769,
6/6/2025 3:15,15.512,,3.2206,,1.1692,
6/6/2025 3:30,15.512,,3.2931,,1.0126,
6/6/2025 3:45,15.575,,2.5949,,1.1322,
6/6/2025 4:00,15.575,,2.2919,,1.1546,
6/6/2025 4:15,15.637,,3.7517,,1.0407,
6/6/2025 4:30,15.637,,2.3949,,1.0206,
6/6/2025 4:45,15.7,,1.9097,,1.1402,
6/6/2025 5:00,15.762,,2.3722,,1.1729,
6/6/2025 5:15,15.762,,1.9802,,1.0376,
6/6/2025 5:30,15.825,,2.3502,,1.2212,
6/6/2025 5:45,15.887,,2.4265,,1.1002,
6/6/2025 6:00,16.012,,nan,NO_MEDIUM,nan,NO_MEDIUM
6/6/2025 6:15,18.075,,nan,NO_MEDIUM,nan,NO_MEDIUM
6/6/2025 6:45,16.262,,183.0791,,0,
6/6/2025 7:00,16.325,,142.0977,,0,
6/6/2025 7:15,16.45,,126.2255,,0,
6/6/2025 7:30,16.637,,84.5314,,0,
6/6/2025 7:45,16.887,,55.6798,,0.2456,
6/6/2025 8:00,17.2,,58.65,,0.0815,
6/6/2025 8:15,17.387,,31.4294,,0.366,
6/6/2025 8:30,17.575,,40.0249,,0.0773,
6/6/2025 8:45,17.762,,32.4062,,0.1766,
6/6/2025 9:00,17.95,,30.3462,,0.2158,
6/6/2025 9:15,18.262,,26.9712,,0.2052,
6/6/2025 9:30,18.512,,24.0687,,0.122,
6/6/2025 9:45,18.637,,21.8604,,0.2035,
6/6/2025 10:00,18.825,,20.4678,,0.2685,
6/6/2025 10:15,18.95,,17.3625,,0.163,
6/6/2025 10:30,19.075,,14.9394,,0.8894,
6/6/2025 10:45,19.325,,15.1806,,0.081,
6/6/2025 11:00,19.512,,8.9986,,0.951,
6/6/2025 11:15,19.637,,8.5323,,0.8063,
6/6/2025 11:30,19.762,,7.3003,,0.928,
6/6/2025 11:45,19.762,,6.6496,,0.8562,
6/6/2025 12:00,19.825,,7.694,,0.9911,
6/6/2025 12:15,19.887,,8.1067,,0.9917,
6/6/2025 12:30,19.825,,6.9013,,0.9287,
6/6/2025 12:45,19.762,,5.6743,,1.078,
6/6/2025 13:00,19.637,,3.4075,,0.8739,
6/6/2025 13:15,19.512,,2.9246,,0.928,
6/6/2025 13:30,19.325,,3.5725,,0.8831,
6/6/2025 13:45,19.137,,3.2503,,0.9258,
6/6/2025 14:00,18.95,,4.4401,,0.9964,
6/6/2025 14:15,18.762,,3.5077,,0.8843,
6/6/2025 14:30,18.575,,3.1686,,1.0131,
6/6/2025 14:45,18.387,,3.5507,,0.9579,
6/6/2025 15:00,18.262,,4.2375,,1.0692,
6/6/2025 15:15,18.075,,5.456,,1.014,
6/6/2025 15:30,17.887,,7.4162,,1.0973,
6/6/2025 15:45,17.762,,29.0352,,1.7368,
6/6/2025 16:00,17.637,,24.6153,,0.5823,
6/6/2025 16:15,17.45,,27.391,,0.4283,
6/6/2025 16:30,17.137,,23.231,,0.5754,
6/6/2025 16:45,16.95,,16.5548,,1.5944,
6/6/2025 17:00,16.887,,11.5701,,1.5885,
6/6/2025 17:15,16.95,,10.4709,,2.4677,
6/6/2025 17:30,17.137,,7.4853,,2.6162,
6/6/2025 17:45,17.325,,6.3308,,2.5012,
6/6/2025 18:00,17.45,,6.6156,,2.5121,
6/6/2025 18:15,17.575,,5.6265,,2.389,
6/6/2025 18:30,17.512,,6.9496,,2.3267,
6/6/2025 18:45,17.45,,6.0439,,1.412,
6/6/2025 19:00,17.325,,4.3825,,1.2137,
6/6/2025 19:15,17.262,,4.3844,,1.211,
6/6/2025 19:30,17.262,,4.2738,,2.0383,
6/6/2025 19:45,17.262,,4.6882,,1.9474,
6/6/2025 20:00,17.262,,3.7764,,1.2408,
6/6/2025 20:15,17.2,,3.7507,,1.9161,
6/6/2025 20:30,17.2,,3.675,,1.2096,
6/6/2025 20:45,17.137,,3.7103,,1.1352,
6/6/2025 21:00,17.137,,3.8844,,1.7794,
6/6/2025 21:15,17.075,,3.3912,,1.7081,
6/6/2025 21:30,17.012,,3.6458,,1.7588,
6/6/2025 21:45,16.95,,3.7816,,1.6403,
6/6/2025 22:00,16.887,,2.0324,,0.8546,
6/6/2025 22:15,16.825,,3.2851,,0.8579,
6/6/2025 22:30,16.762,,2.3997,,1.5815,
6/6/2025 22:45,16.7,,4.4132,,1.447,
6/6/2025 23:00,16.637,,3.4435,,1.5047,
6/6/2025 23:15,16.637,,2.5656,,0.639,
6/6/2025 23:30,16.512,,2.1892,,1.4375,
6/6/2025 23:45,16.45,,2.226,,1.3721,
6/7/2025 0:00,16.45,,2.8173,,0.525,
6/7/2025 0:15,16.387,,2.6187,,1.4969,
6/7/2025 0:30,16.325,,2.6443,,1.4179,
6/7/2025 0:45,16.262,,2.22,,1.4018,
6/7/2025 1:00,16.2,,2.5859,,0.5514,
6/7/2025 1:15,16.2,,1.9074,,1.52,
6/7/2025 1:30,16.137,,3.3402,,1.343,
6/7/2025 1:45,16.137,,1.5189,,1.3885,
6/7/2025 2:00,16.075,,2.8679,,1.3351,
6/7/2025 2:15,16.075,,2.2422,,0.4938,
6/7/2025 2:30,16.075,,2.0568,,1.3053,
6/7/2025 2:45,16.075,,2.1491,,1.3113,
6/7/2025 3:00,16.075,,1.8991,,1.3351,
6/7/2025 3:15,16.012,,2.7348,,1.3102,
6/7/2025 3:30,16.075,,2.6717,,1.1876,
6/7/2025 3:45,16.137,,2.4146,,0.4002,
6/7/2025 4:00,16.137,,2.4664,,0.3137,
6/7/2025 4:15,16.2,,1.7872,,1.2603,
6/7/2025 4:30,16.262,,1.972,,0.4438,
6/7/2025 4:45,16.262,,2.1514,,0.4483,
6/7/2025 5:00,16.325,,2.8401,,0.4544,
6/7/2025 5:15,16.325,,3.4626,,0.4468,
6/7/2025 5:30,16.387,,2.8784,,0.3647,
6/7/2025 5:45,16.387,,3.0532,,0.3738,
6/7/2025 6:00,16.387,,3.1986,,0.3755,
6/7/2025 6:15,16.387,,2.1886,,1.0894,
6/7/2025 6:30,16.387,,1.7201,,0.3472,
6/7/2025 6:45,16.387,,1.884,,1.0557,
6/7/2025 7:00,16.387,,1.2967,,1.249,
6/7/2025 7:15,16.387,,2.5508,,1.1252,
6/7/2025 7:30,16.45,,1.5702,,1.185,
6/7/2025 7:45,16.45,,1.759,,1.1513,
6/7/2025 8:00,16.45,,1.5898,,1.1378,
6/7/2025 8:15,16.45,,1.3502,,1.1288,
6/7/2025 8:30,16.45,,1.6126,,1.1088,
6/7/2025 8:45,16.512,,1.9928,,1.0617,
6/7/2025 9:00,16.512,,1.1364,,1.0486,
6/7/2025 9:15,16.575,,1.5968,,1.1165,
6/7/2025 9:30,16.637,,2.0695,,0.3117,
6/7/2025 9:45,16.637,,2.3151,,1.0366,
6/7/2025 10:00,16.7,,1.3113,,1.0389,
6/7/2025 10:15,16.762,,1.233,,0.3286,
6/7/2025 10:30,16.825,,2.8846,,1.0805,
6/7/2025 10:45,16.887,,4.7297,,1.0272,
6/7/2025 11:00,16.95,,7.9251,,0.3465,
6/7/2025 11:15,16.887,,8.9661,,0.3467,
6/7/2025 11:30,16.887,,9.2816,,0.3627,
6/7/2025 11:45,16.825,,7.7549,,1.0329,
6/7/2025 12:00,16.7,,6.0536,,1.1897,
6/7/2025 12:15,16.637,,5.0251,,1.0416,
6/7/2025 12:30,16.575,,5.2,,1.1275,
6/7/2025 12:45,16.512,,3.8132,,1.1763,
6/7/2025 13:00,16.45,,5.0657,,1.0958,
6/7/2025 13:15,16.387,,4.3171,,1.0919,
6/7/2025 13:30,16.325,,3.4885,,1.1486,
6/7/2025 13:45,16.325,,2.1157,,1.2575,
6/7/2025 14:00,16.262,,2.1109,,0.5003,
6/7/2025 14:15,16.262,,1.7757,,0.6452,
6/7/2025 14:30,16.262,,1.6573,,1.4473,
6/7/2025 14:45,16.262,,1.8984,,1.5099,
6/7/2025 15:00,16.262,,2.3954,,1.3752,
6/7/2025 15:15,16.325,,1.5066,,1.4635,
6/7/2025 15:30,16.325,,2.0485,,0.6182,
6/7/2025 15:45,16.325,,1.5968,,0.662,
6/7/2025 16:00,16.325,,1.1034,,1.4199,
6/7/2025 16:15,16.262,,1.5239,,0.5726,
6/7/2025 16:30,16.2,,1.1584,,1.3674,
6/7/2025 16:45,16.137,,0.9619,,1.4021,
6/7/2025 17:00,16.012,,1.6583,,0.604,
6/7/2025 17:15,15.95,,1.6207,,1.2151,
6/7/2025 17:30,15.825,,2.0384,,1.2831,
6/7/2025 17:45,15.7,,1.8224,,0.5976,
6/7/2025 18:00,15.7,,0.707,,1.437,
6/7/2025 18:15,15.575,,2.0721,,1.3399,
6/7/2025 18:30,15.512,,1.8326,,1.3482,
6/7/2025 18:45,15.45,,2.2661,,1.4212,
6/7/2025 19:00,15.387,,2.2636,,0.6436,
6/7/2025 19:15,15.325,,1.399,,1.2917,
6/7/2025 19:30,15.262,,1.4585,,1.0683,
6/7/2025 19:45,15.2,,2.3772,,1.2632,
6/7/2025 20:00,15.075,,2.8457,,1.2636,
6/7/2025 20:15,15.075,,2.188,,1.2972,
6/7/2025 20:30,15.012,,1.6288,,1.1949,
6/7/2025 20:45,14.95,,2.5221,,1.2606,
6/7/2025 21:00,14.95,,2.4356,,1.3346,
6/7/2025 21:15,14.825,,2.2779,,1.3467,
6/7/2025 21:30,14.762,,1.9447,,1.399,
6/7/2025 21:45,14.7,,2.7539,,1.2789,
6/7/2025 22:00,14.637,,1.5365,,1.336,
6/7/2025 22:15,14.575,,1.8138,,1.3193,
6/7/2025 22:30,14.45,,2.3135,,1.4063,
6/7/2025 22:45,14.387,,1.836,,1.2365,
6/7/2025 23:00,14.325,,1.9281,,1.2354,
6/7/2025 23:15,14.262,,3.879,,1.3289,
6/7/2025 23:30,14.2,,3.7147,,1.2639,
6/7/2025 23:45,14.075,,3.141,,1.1808,
6/8/2025 0:00,14.012,,1.9629,,1.2936,
6/8/2025 0:15,13.95,,1.7158,,1.2819,
6/8/2025 0:30,13.887,,2.2169,,1.4325,
6/8/2025 0:45,13.825,,2.7679,,1.2158,
6/8/2025 1:00,13.762,,2.976,,1.332,
6/8/2025 1:15,13.7,,1.1478,,1.278,
6/8/2025 1:30,13.575,,1.157,,1.3463,
6/8/2025 1:45,13.512,,0.9537,,1.4411,
6/8/2025 2:00,13.512,,1.9809,,1.3016,
6/8/2025 2:15,13.45,,2.2989,,1.328,
6/8/2025 2:30,13.387,,1.7976,,1.3143,
6/8/2025 2:45,13.387,,1.3104,,1.199,
6/8/2025 3:00,13.45,,1.3982,,1.3006,
6/8/2025 3:15,13.45,,1.8229,,1.2726,
6/8/2025 3:30,13.512,,1.7648,,1.3101,
6/8/2025 3:45,13.575,,2.0664,,1.2742,
6/8/2025 4:00,13.637,,0.4274,,1.222,
6/8/2025 4:15,13.762,,1.716,,1.2639,
6/8/2025 4:30,13.887,,1.5001,,1.1929,
6/8/2025 4:45,14.012,,1.5075,,1.1327,
6/8/2025 5:00,14.137,,1.6248,,1.1489,
6/8/2025 5:15,14.325,,1.0588,,1.1436,
6/8/2025 5:30,14.45,,1.5705,,1.0478,
6/8/2025 5:45,14.7,,1.5802,,1.1931,
6/8/2025 6:00,14.887,,0.7734,,1.1197,
6/8/2025 6:15,15.137,,1.1185,,1.2172,
6/8/2025 6:30,15.387,,1.1362,,1.0597,
6/8/2025 6:45,15.7,,1.7944,,1.0654,
6/8/2025 7:00,15.95,,1.4381,,0.993,
6/8/2025 7:15,16.2,,1.0947,,0.9083,
6/8/2025 7:30,16.45,,0.496,,1.074,
6/8/2025 7:45,16.762,,1.0754,,0.887,
6/8/2025 8:00,17.012,,0.7665,,0.9548,
6/8/2025 8:15,17.262,,1.2474,,0.842,
6/8/2025 8:30,17.512,,1.1298,,0.8773,
6/8/2025 8:45,17.762,,1.3054,,0.8183,
6/8/2025 9:00,17.95,,1.5579,,0.8168,
6/8/2025 9:15,18.2,,1.5905,,0.7487,
6/8/2025 9:30,18.45,,2.3155,,0.8877,
6/8/2025 9:45,18.637,,0.911,,0.9245,
6/8/2025 10:00,18.825,,1.8857,,0.1316,
6/8/2025 10:15,19.012,,1.7876,,0.888,
6/8/2025 10:30,19.137,,1.1598,,0.9016,
6/8/2025 10:45,19.2,,0.9637,,0.7509,
6/8/2025 11:00,19.262,,0.8399,,0.8493,
6/8/2025 11:15,19.325,,1.488,,0.7843,
6/8/2025 11:30,19.325,,1.2849,,0.1607,
6/8/2025 11:45,19.325,,1.9847,,0.7572,
6/8/2025 12:00,19.325,,1.3938,,0.8822,
6/8/2025 12:15,19.262,,0.8801,,0.8389,
6/8/2025 12:30,19.137,,1.6588,,0.8543,
6/8/2025 12:45,19.075,,0.7352,,0.7974,
6/8/2025 13:00,18.95,,0.9541,,0.8128,
6/8/2025 13:15,18.825,,1.4393,,0.821,
6/8/2025 13:30,18.7,,1.1907,,0.8361,
6/8/2025 13:45,18.575,,0.4379,,0.8822,
6/8/2025 14:00,18.45,,1.4055,,0.8724,
6/8/2025 14:15,18.262,,1.3681,,0.8018,
6/8/2025 14:30,18.137,,1.0792,,0.9084,
6/8/2025 14:45,18.012,,1.0466,,0.7126,
6/8/2025 15:00,17.825,,1.956,,0.8932,
6/8/2025 15:15,17.7,,2.9962,,0.8792,
6/8/2025 15:30,17.575,,2.2801,,0.8976,
6/8/2025 15:45,17.512,,1.8588,,0.854,
6/8/2025 16:00,17.325,,2.9422,,0.8502,
6/8/2025 16:15,17.2,,1.9682,,0.8752,
6/8/2025 16:30,17.012,,1.2966,,0.9439,
6/8/2025 16:45,16.887,,2.0445,,0.9424,
6/8/2025 17:00,16.762,,2.5613,,0.9345,
6/8/2025 17:15,16.575,,2.003,,0.917,
6/8/2025 17:30,16.387,,1.7059,,0.9511,
6/8/2025 17:45,16.2,,1.2468,,0.9576,
6/8/2025 18:00,16.075,,1.2246,,0.9396,
6/8/2025 18:15,16.012,,1.4806,,0.9874,
6/8/2025 18:30,15.825,,1.1722,,1.0333,
6/8/2025 18:45,15.7,,1.2932,,1.0664,
6/8/2025 19:00,15.575,,1.4288,,1.0067,
6/8/2025 19:15,15.45,,0.8559,,1.0682,
6/8/2025 19:30,15.325,,1.2767,,0.9959,
6/8/2025 19:45,15.262,,0.6506,,1.1014,
6/8/2025 20:00,15.137,,0.7095,,1.0881,
6/8/2025 20:15,15.012,,0.8195,,1.0719,
6/8/2025 20:30,14.95,,0,,1.048,
6/8/2025 20:45,14.887,,1.1317,,1.0728,
6/8/2025 21:00,14.825,,0.8136,,0.9625,
6/8/2025 21:15,14.7,,1.0147,,1.0025,
6/8/2025 21:30,14.637,,0.9138,,1.1318,
6/8/2025 21:45,14.637,,0.0616,,1.1403,
6/8/2025 22:00,14.575,,0.6102,,1.1393,
6/8/2025 22:15,14.575,,0.9333,,1.1286,
6/8/2025 22:30,14.512,,0.2889,,1.1272,
6/8/2025 22:45,14.45,,0,,1.1414,
6/8/2025 23:00,14.45,,0.5954,,1.1616,
6/8/2025 23:15,14.45,,0,,1.1001,
6/8/2025 23:30,14.387,,0.6021,,1.1963,
6/8/2025 23:45,14.387,,1.1102,,1.0781,
6/9/2025 0:00,14.325,,1.4566,,1.111,
6/9/2025 0:15,14.325,,1.0721,,1.0975,
6/9/2025 0:30,14.262,,0.5201,,1.1381,
6/9/2025 0:45,14.262,,0.0308,,1.2025,
6/9/2025 1:00,14.262,,0,,1.2467,
6/9/2025 1:15,14.2,,0.8657,,1.0766,
6/9/2025 1:30,14.2,,0.4572,,1.0989,
6/9/2025 1:45,14.2,,0.5719,,1.1935,
6/9/2025 2:00,14.2,,0.9531,,1.0893,
6/9/2025 2:15,14.137,,0.9853,,1.0703,
6/9/2025 2:30,14.137,,0.2943,,1.1271,
6/9/2025 2:45,14.137,,1.1756,,1.1066,
6/9/2025 3:00,14.137,,0.6453,,1.0972,
6/9/2025 3:15,14.137,,0.7487,,1.111,
6/9/2025 3:30,14.137,,0.8077,,1.0363,
6/9/2025 3:45,14.137,,0.9124,,1.0388,
6/9/2025 4:00,14.137,,0.0813,,1.0804,
6/9/2025 4:15,14.2,,0.4672,,1.0825,
6/9/2025 4:30,14.2,,0.5896,,0.9839,
6/9/2025 4:45,14.262,,0.5402,,1.1461,
6/9/2025 5:00,14.325,,0.6508,,1.1617,
6/9/2025 5:15,14.45,,0.7835,,1.0665,
6/9/2025 5:30,14.512,,0.8238,,1.1174,
6/9/2025 5:45,14.575,,0,,1.1657,
6/9/2025 6:00,14.637,,0,,1.2589,
6/9/2025 6:15,14.7,,0.5415,,1.0877,
6/9/2025 6:30,14.762,,0.3028,,1.0468,
6/9/2025 6:45,14.825,,0.5059,,0.9887,
6/9/2025 7:00,14.95,,0,,0.9459,
6/9/2025 7:15,15.075,,0.74,,0.917,
6/9/2025 7:30,15.2,,1.0259,,0.8614,
6/9/2025 7:45,15.325,,0.8858,,1.0244,
6/9/2025 8:00,15.45,,1.1127,,0.9932,
6/9/2025 8:15,15.575,,0.6389,,0.9992,
6/9/2025 8:30,15.637,,1.0963,,0.9491,
6/9/2025 8:45,15.762,,0,,0.9412,
6/9/2025 9:00,15.825,,0.7525,,0.8497,
6/9/2025 9:15,15.95,,0.4908,,0.8956,
6/9/2025 9:30,16.075,,0,,0.891,
6/9/2025 9:45,16.137,,1.2376,,0.8656,
6/9/2025 10:00,16.2,,1.1351,,0.8888,
6/9/2025 10:15,16.262,,0.7136,,0.7701,
6/9/2025 10:30,16.325,,0,,0.9153,
6/9/2025 10:45,16.325,,0.7424,,0.7082,
6/9/2025 11:00,16.262,,1.0639,,0.875,
6/9/2025 11:15,16.262,,0.2888,,0.8701,
6/9/2025 11:30,16.2,,0.0345,,0.9626,
6/9/2025 11:45,16.137,,0.2742,,0.9207,
6/9/2025 12:00,16.012,,0.7656,,0.8465,
6/9/2025 12:15,15.95,,0.0918,,0.8491,
6/9/2025 12:30,15.887,,1.169,,0.9273,
6/9/2025 12:45,15.762,,2.2719,,1.0418,
6/9/2025 13:00,15.7,,0.3297,,0.9834,
6/9/2025 13:15,15.637,,0,,1.0138,
6/9/2025 13:30,15.575,,0.1846,,0.9332,
6/9/2025 13:45,15.45,,0,,0.9861,
6/9/2025 14:00,15.387,,0.0828,,1.0535,
6/9/2025 14:15,15.325,,0.3275,,1.0062,
6/9/2025 14:30,15.2,,0.7196,,1.1261,
6/9/2025 14:45,15.137,,0.3672,,1.0138,
6/9/2025 15:00,15.075,,1.0219,,0.9848,
6/9/2025 15:15,15.012,,1.2887,,1.0614,
6/9/2025 15:30,14.95,,0.5287,,1.0502,
6/9/2025 15:45,14.825,,1.1927,,1.0366,
6/9/2025 16:00,14.825,,1.0715,,1.1173,
6/9/2025 16:15,14.7,,2.3457,,1.0756,
6/9/2025 16:30,14.7,,2.3498,,1.053,
6/9/2025 16:45,14.637,,0.7107,,1.0696,
6/9/2025 17:00,14.575,,2.1914,,0.9917,
6/9/2025 17:15,14.512,,1.7905,,1.1383,
6/9/2025 17:30,14.45,,0.923,,1.1436,
6/9/2025 17:45,14.387,,2.4223,,1.0858,
6/9/2025 18:00,14.387,,2.1104,,1.1305,
6/9/2025 18:15,14.325,,1.0444,,1.1773,
6/9/2025 18:30,14.325,,2.4379,,1.232,
6/9/2025 18:45,14.262,,1.7643,,1.1538,
6/9/2025 19:00,14.2,,1.0006,,1.2405,
6/9/2025 19:15,14.2,,1.0798,,1.1414,
6/9/2025 19:30,14.137,,1.497,,1.224,
6/9/2025 19:45,14.137,,1.3765,,1.1683,
6/9/2025 20:00,14.075,,3.3821,,1.2061,
6/9/2025 20:15,14.075,,1.4999,,1.2878,
6/9/2025 20:30,14.012,,2.3176,,1.1158,
6/9/2025 20:45,14.012,,1.2932,,1.2299,
6/9/2025 21:00,13.95,,1.3097,,1.2161,
6/9/2025 21:15,14.012,,1.6237,,1.2669,
6/9/2025 21:30,13.95,,1.7396,,1.2581,
6/9/2025 21:45,13.887,,1.6615,,1.1556,
6/9/2025 22:00,13.887,,1.9111,,1.1935,
6/9/2025 22:15,13.887,,1.1432,,1.2441,
6/9/2025 22:30,13.825,,1.1281,,1.2172,
6/9/2025 22:45,13.825,,1.8891,,1.2453,
6/9/2025 23:00,13.825,,1.0364,,1.3017,
6/9/2025 23:15,13.762,,2.3887,,1.0794,
6/9/2025 23:30,13.762,,1.7031,,1.3929,
6/9/2025 23:45,13.762,,1.8348,,1.207,
6/10/2025 0:00,13.7,,1.7374,,1.2671,
6/10/2025 0:15,13.7,,0.9719,,1.285,
6/10/2025 0:30,13.7,,1.5323,,1.2343,
6/10/2025 0:45,13.7,,1.441,,1.2305,
6/10/2025 1:00,13.637,,2.2398,,1.245,
6/10/2025 1:15,13.637,,1.457,,1.2343,
6/10/2025 1:30,13.637,,1.7197,,1.3341,
6/10/2025 1:45,13.637,,2.047,,1.4785,
6/10/2025 2:00,13.575,,1.5624,,1.4278,
6/10/2025 2:15,13.575,,2.6891,,1.3022,
6/10/2025 2:30,13.575,,7.0229,,1.2286,
6/10/2025 2:45,13.575,,11.2858,,1.2227,
6/10/2025 3:00,13.575,,10.1752,,1.2196,
6/10/2025 3:15,13.575,,8.4526,,1.2592,
6/10/2025 3:30,13.575,,6.5983,,1.1824,
6/10/2025 3:45,13.575,,4.5994,,1.4095,
6/10/2025 4:00,13.575,,2.8114,,1.1717,
6/10/2025 4:15,13.575,,2.6546,,1.28,
6/10/2025 4:30,13.575,,2.1893,,1.155,
6/10/2025 4:45,13.575,,1.888,,1.2804,
6/10/2025 5:00,13.637,,1.9258,,1.1935,
6/10/2025 5:15,13.637,,0.9561,,1.278,
6/10/2025 5:30,13.637,,2.1398,,1.3476,
6/10/2025 5:45,13.7,,0.8529,,1.2545,
6/10/2025 6:00,13.762,,1.1196,,1.1918,
6/10/2025 6:15,13.825,,0.9433,,1.2332,
6/10/2025 6:30,13.95,,0.8454,,1.1971,
6/10/2025 6:45,14.012,,0.7121,,1.2246,
6/10/2025 7:00,14.137,,0.3657,,1.1095,
6/10/2025 7:15,14.262,,1.0186,,1.1526,
6/10/2025 7:30,14.325,,0.7032,,1.1291,
6/10/2025 7:45,14.387,,0.7156,,1.1873,
6/10/2025 8:00,14.45,,1.8388,,1.209,
6/10/2025 8:15,14.45,,1.0002,,1.0882,
6/10/2025 8:30,14.512,,1.5317,,1.128,
6/10/2025 8:45,14.512,,1.5119,,1.2322,
6/10/2025 9:00,14.45,,2.2839,,1.0914,
6/10/2025 9:15,14.45,,1.2789,,1.1349,
6/10/2025 9:30,14.45,,1.4301,,1.1517,
6/10/2025 9:45,14.512,,1.2511,,1.2116,
6/10/2025 10:00,14.512,,1.3826,,1.2202,
6/10/2025 10:15,14.45,,1.479,,1.1643,
6/10/2025 10:30,14.512,,1.0538,,1.2048,
6/10/2025 10:45,14.45,,0.6093,,1.1508,
6/10/2025 11:00,14.45,,0.9367,,1.1271,
6/10/2025 11:15,14.512,,0.7832,,1.2046,
6/10/2025 11:30,14.512,,1.7107,,1.204,
6/10/2025 11:45,14.575,,1.4343,,1.1413,
6/10/2025 12:00,14.575,,1.6327,,1.2375,
6/10/2025 12:15,14.7,,1.6473,,1.2455,
6/10/2025 12:30,14.7,,2.1032,,1.164,
6/10/2025 12:45,14.762,,1.6739,,1.115,
6/10/2025 13:00,14.825,,1.2587,,1.1289,
6/10/2025 13:15,14.887,,1.5039,,1.1491,
6/10/2025 13:30,14.887,,1.5626,,1.1604,
6/10/2025 13:45,14.887,,0.6703,,1.0839,
6/10/2025 14:00,14.887,,1.0879,,1.1059,
6/10/2025 14:15,14.825,,1.4088,,1.1405,
6/10/2025 14:30,14.825,,0.5791,,1.0077,
6/10/2025 14:45,14.825,,0.0776,,1.1212,
6/10/2025 15:00,14.762,,0.227,,1.0661,
6/10/2025 15:15,14.7,,0.7156,,1.0792,
6/10/2025 15:30,14.637,,2.6291,,1.1545,
6/10/2025 15:45,14.637,,4.4149,,1.2916,
6/10/2025 16:00,14.637,,5.3932,,1.2219,
6/10/2025 16:15,14.575,,4.1628,,1.2519,
6/10/2025 16:30,14.575,,5.1096,,1.2016,
6/10/2025 16:45,14.512,,3.6736,,1.1016,
6/10/2025 17:00,14.45,,8.2386,,1.1342,
6/10/2025 17:15,14.45,,8.8702,,1.1727,
6/10/2025 17:30,14.45,,6.1075,,1.3431,
6/10/2025 17:45,14.387,,5.1378,,1.1371,
6/10/2025 18:00,14.325,,3.3126,,1.2427,
6/10/2025 18:15,14.325,,3.2112,,1.1845,
6/10/2025 18:30,14.325,,2.8747,,1.1186,
6/10/2025 18:45,14.325,,3.8832,,1.1742,
6/10/2025 19:00,14.262,,3.1217,,1.215,
6/10/2025 19:15,14.262,,2.7091,,1.3099,
6/10/2025 19:30,14.262,,2.666,,1.2603,
6/10/2025 19:45,14.2,,2.3239,,1.1583,
6/10/2025 20:00,14.2,,2.5999,,1.1126,
6/10/2025 20:15,14.2,,3.7734,,1.1239,
6/10/2025 20:30,14.2,,0.7952,,1.2482,
6/10/2025 20:45,14.137,,1.2341,,1.161,
6/10/2025 21:00,14.137,,2.5531,,1.2743,
6/10/2025 21:15,14.075,,1.3807,,1.2957,
6/10/2025 21:30,13.95,,2.0764,,1.1874,
6/10/2025 21:45,13.95,,1.237,,1.2012,
6/10/2025 22:00,13.825,,1.2185,,1.2359,
6/10/2025 22:15,13.762,,1.332,,1.1636,
6/10/2025 22:30,13.7,,2.4866,,1.164,
6/10/2025 22:45,13.637,,1.0387,,1.1588,
6/10/2025 23:00,13.575,,1.4338,,1.2896,
6/10/2025 23:15,13.512,,2.4278,,1.1946,
6/10/2025 23:30,13.45,,2.2517,,1.2918,
6/10/2025 23:45,13.387,,1.7613,,1.1982,
6/11/2025 0:00,13.325,,1.9621,,1.3065,
6/11/2025 0:15,13.262,,0.8415,,1.352,
6/11/2025 0:30,13.2,,1.1943,,1.2643,
6/11/2025 0:45,13.075,,1.7754,,1.187,
6/11/2025 1:00,13.012,,1.1076,,1.2344,
6/11/2025 1:15,12.95,,0.6022,,1.3027,
6/11/2025 1:30,12.887,,0.3268,,1.2921,
6/11/2025 1:45,12.825,,1.4611,,1.3089,
6/11/2025 2:00,12.762,,0.3249,,1.2848,
6/11/2025 2:15,12.7,,1.4814,,1.2815,
6/11/2025 2:30,12.7,,1.3399,,1.3104,
6/11/2025 2:45,12.637,,1.2152,,1.3278,
6/11/2025 3:00,12.637,,0.6582,,1.2863,
6/11/2025 3:15,12.7,,1.1751,,1.2795,
6/11/2025 3:30,12.762,,1.3876,,1.2586,
6/11/2025 3:45,12.825,,0.4027,,1.2412,
6/11/2025 4:00,12.887,,2.4636,,1.3875,
6/11/2025 4:15,13.012,,0.3301,,1.2255,
6/11/2025 4:30,13.137,,0.6305,,1.1284,
6/11/2025 4:45,13.325,,0.5163,,1.1731,
6/11/2025 5:00,13.512,,0.7431,,1.0671,
6/11/2025 5:15,13.762,,0.5317,,0.9853,
6/11/2025 5:30,13.95,,0.19,,1.0802,
6/11/2025 5:45,14.2,,1.0385,,1.1509,
6/11/2025 6:00,14.387,,2.4582,,1.0552,
6/11/2025 6:15,14.637,,0.684,,1.2888,
6/11/2025 6:30,15.012,,1.4111,,1.0343,
6/11/2025 6:45,15.512,,1.2189,,0.7724,
6/11/2025 7:00,15.887,,1.5507,,0.9251,
6/11/2025 7:15,16.325,,0.8447,,0.9347,
6/11/2025 7:30,16.762,,1.4506,,0.7743,
6/11/2025 7:45,17.075,,2.0005,,0.8112,
6/11/2025 8:00,17.45,,1.0314,,0.8214,
6/11/2025 8:15,17.825,,0.9696,,0.8398,
6/11/2025 8:30,18.137,,1.6725,,0.7969,
6/11/2025 8:45,18.512,,2.8489,,0.8282,
6/11/2025 9:00,18.762,,0.3162,,0.8099,
6/11/2025 9:15,18.95,,1.0727,,0.8379,
6/11/2025 9:30,19.262,,0.5269,,0.7969,
6/11/2025 9:45,19.387,,2.0217,,0.7484,
6/11/2025 10:00,19.512,,1.472,,0.7386,
6/11/2025 10:15,19.7,,1.0407,,0.6983,
6/11/2025 10:30,19.762,,1.9961,,0.6313,
6/11/2025 10:45,19.762,,1.0039,,0.701,
6/11/2025 11:00,19.762,,2.416,,0.7231,
6/11/2025 11:15,19.762,,1.2141,,0.6855,
6/11/2025 11:30,19.7,,1.0098,,0.7463,
6/11/2025 11:45,19.7,,2.3114,,0.7324,
6/11/2025 12:00,19.637,,1.7779,,0.73,
6/11/2025 12:15,19.637,,1.5513,,0.7796,
6/11/2025 12:30,19.575,,1.937,,0.7254,
6/11/2025 12:45,19.575,,1.3601,,0.8522,
6/11/2025 13:00,19.512,,1.2438,,0.7982,
6/11/2025 13:15,19.45,,2.0363,,0.7768,
6/11/2025 13:30,19.325,,0.6227,,0.8926,
6/11/2025 13:45,19.2,,1.2749,,0.8046,
6/11/2025 14:00,19.075,,1.2309,,0.781,
6/11/2025 14:15,18.887,,2.1843,,0.9403,
6/11/2025 14:30,18.762,,1.2011,,0.9868,
6/11/2025 14:45,18.575,,4.1751,,0.9663,
6/11/2025 15:00,18.387,,4.5108,,0.9635,
6/11/2025 15:15,18.262,,2.4178,,0.9779,
6/11/2025 15:30,18.075,,2.1323,,1.0364,
6/11/2025 15:45,17.95,,1.5462,,0.9776,
6/11/2025 16:00,17.825,,1.9368,,0.8459,
6/11/2025 16:15,17.637,,1.766,,0.8315,
6/11/2025 16:30,17.512,,2.2545,,0.8947,
6/11/2025 16:45,17.325,,2.2838,,0.9283,
6/11/2025 17:00,17.137,,2.2049,,0.861,
6/11/2025 17:15,16.95,,4.3993,,0.8413,
6/11/2025 17:30,16.825,,4.005,,0.8914,
6/11/2025 17:45,16.637,,3.0035,,0.8158,
6/11/2025 18:00,16.512,,4.0435,,0.8605,
6/11/2025 18:15,16.325,,2.4293,,0.8818,
6/11/2025 18:30,16.2,,2.3475,,0.9533,
6/11/2025 18:45,16.075,,1.4271,,0.9894,
6/11/2025 19:00,15.887,,1.5043,,0.9465,
6/11/2025 19:15,15.762,,2.4508,,0.9151,
6/11/2025 19:30,15.637,,2.1508,,1.0134,
6/11/2025 19:45,15.512,,1.7643,,1.0144,
6/11/2025 20:00,15.387,,2.5529,,0.964,
6/11/2025 20:15,15.262,,2.0085,,0.9573,
6/11/2025 20:30,15.2,,2.5011,,1.0089,
6/11/2025 20:45,15.075,,2.0812,,0.9388,
6/11/2025 21:00,15.012,,1.5495,,1.0708,
6/11/2025 21:15,14.887,,1.909,,0.9898,
6/11/2025 21:30,14.762,,1.5404,,1.1415,
6/11/2025 21:45,14.7,,1.9156,,1.0186,
6/11/2025 22:00,14.575,,1.7912,,1.0231,
6/11/2025 22:15,14.512,,2.8895,,1.0756,
6/11/2025 22:30,14.45,,2.2418,,1.1301,
6/11/2025 22:45,14.387,,1.3411,,1.1755,
6/11/2025 23:00,14.262,,1.2638,,1.079,
6/11/2025 23:15,14.2,,2.0485,,1.185,
6/11/2025 23:30,14.137,,1.4965,,1.167,
6/11/2025 23:45,14.075,,1.5657,,1.1776,
6/12/2025 0:00,14.012,,3.5625,,1.1086,
6/12/2025 0:15,13.887,,1.3533,,1.1534,
6/12/2025 0:30,13.887,,2.6767,,1.1825,
6/12/2025 0:45,13.762,,2.0357,,1.0901,
6/12/2025 1:00,13.7,,1.0884,,1.1846,
6/12/2025 1:15,13.637,,0.8406,,1.1834,
6/12/2025 1:30,13.575,,0.5649,,1.213,
6/12/2025 1:45,13.512,,1.3467,,1.2008,
6/12/2025 2:00,13.512,,1.5509,,1.1577,
6/12/2025 2:15,13.45,,1.8059,,1.1315,
6/12/2025 2:30,13.45,,2.4257,,1.1527,
6/12/2025 2:45,13.45,,0.5495,,1.1096,
6/12/2025 3:00,13.45,,1.2363,,1.1584,
6/12/2025 3:15,13.45,,1.0267,,1.223,
6/12/2025 3:30,13.512,,1.4314,,1.1339,
6/12/2025 3:45,13.575,,0.3136,,1.1668,
6/12/2025 4:00,13.637,,1.2975,,1.0779,
6/12/2025 4:15,13.762,,2.1925,,1.2419,
6/12/2025 4:30,13.887,,1.3213,,1.2832,
6/12/2025 4:45,14.075,,1.7249,,1.0604,
6/12/2025 5:00,14.262,,0.9907,,1.1285,
6/12/2025 5:15,14.45,,0.8271,,0.9848,
6/12/2025 5:30,14.637,,0.924,,1.1354,
6/12/2025 5:45,14.887,,1.4899,,1.0593,
6/12/2025 6:00,15.075,,1.2604,,1.0097,
6/12/2025 6:15,15.45,,2.2867,,1.0172,
6/12/2025 6:30,15.637,,1.7167,,1.0725,
6/12/2025 6:45,15.887,,1.1738,,1.0367,
6/12/2025 7:00,16.262,,0.9812,,0.9849,
6/12/2025 7:15,16.575,,0.6509,,0.8774,
6/12/2025 7:30,16.762,,1.3309,,0.8442,
6/12/2025 7:45,16.95,,1.0518,,0.8918,
6/12/2025 8:00,17.075,,0.4342,,0.887,
6/12/2025 8:15,17.2,,1.1864,,0.9466,
6/12/2025 8:30,17.325,,1.1573,,0.7893,
6/12/2025 8:45,17.387,,0.5837,,0.9389,
6/12/2025 9:00,17.575,,1.152,,0.8664,
6/12/2025 9:15,17.637,,1.5777,,0.8607,
6/12/2025 9:30,17.7,,1.134,,0.952,
6/12/2025 9:45,17.825,,1.3335,,0.964,
6/12/2025 10:00,17.887,,0.998,,0.9483,
6/12/2025 10:15,17.95,,1.2099,,0.9249,
6/12/2025 10:30,18.012,,1.8476,,0.8645,
6/12/2025 10:45,18.137,,0.1792,,0.9758,
6/12/2025 11:00,18.2,,0.264,,1.0094,
6/12/2025 11:15,18.262,,1.5663,,0.8984,
6/12/2025 11:30,18.325,,1.7863,,0.1702,
6/12/2025 11:45,18.387,,1.4221,,0.9726,
6/12/2025 12:00,18.45,,1.02,,1.0404,
6/12/2025 12:15,18.575,,1.308,,0.9552,
6/12/2025 12:30,18.7,,1.0503,,0.1337,
6/12/2025 12:45,18.887,,1.5163,,0.9239,
6/12/2025 13:00,19.012,,1.1436,,0.8424,
6/12/2025 13:15,19.262,,2.002,,0.8727,
6/12/2025 13:30,19.512,,1.7945,,0.8225,
6/12/2025 13:45,19.575,,2.2831,,0.8673,
6/12/2025 14:00,19.637,,2.1379,,0.874,
6/12/2025 14:15,19.575,,2.1677,,0.7937,
6/12/2025 14:30,19.45,,2.2089,,0.9252,
6/12/2025 14:45,19.325,,2.863,,0.9378,
6/12/2025 15:00,19.137,,2.1117,,0.9845,
6/12/2025 15:15,19.012,,2.2262,,0.8853,
6/12/2025 15:30,18.825,,2.0361,,0.9471,
6/12/2025 15:45,18.637,,1.4695,,0.8645,
6/12/2025 16:00,18.45,,10.2161,,0.9222,
6/12/2025 16:15,18.2,,16.6646,,1.0009,
6/12/2025 16:30,18.075,,21.1236,,0.0832,
6/12/2025 16:45,17.887,,15.484,,0.8994,
6/12/2025 17:00,17.762,,15.868,,0.9322,
6/12/2025 17:15,17.575,,15.1548,,0.7947,
6/12/2025 17:30,17.512,,11.4713,,0.9567,
6/12/2025 17:45,17.325,,10.794,,0.9101,
6/12/2025 18:00,17.2,,9.4428,,1.0316,
6/12/2025 18:15,17.075,,8.5351,,0.9795,
6/12/2025 18:30,16.887,,7.4391,,0.8546,
6/12/2025 18:45,16.762,,8.0423,,0.8068,
6/12/2025 19:00,16.575,,6.8259,,0.8795,
6/12/2025 19:15,16.45,,4.1744,,1.0554,
6/12/2025 19:30,16.325,,5.5276,,0.9024,
6/12/2025 19:45,16.2,,4.4522,,0.8975,
6/12/2025 20:00,16.012,,4.1299,,0.9973,
6/12/2025 20:15,15.887,,4.047,,0.8037,
6/12/2025 20:30,15.825,,2.6974,,0.9205,
6/12/2025 20:45,15.7,,3.468,,0.8939,
6/12/2025 21:00,15.575,,2.1602,,0.9184,
6/12/2025 21:15,15.387,,2.8276,,0.9665,
6/12/2025 21:30,15.262,,3.6077,,0.9916,
6/12/2025 21:45,15.137,,1.54,,1.0433,
6/12/2025 22:00,15.012,,2.4626,,0.9702,
6/12/2025 22:15,14.887,,1.7139,,0.9616,
6/12/2025 22:30,14.762,,3.4436,,0.9939,
6/12/2025 22:45,14.637,,2.4838,,1.077,
6/12/2025 23:00,14.512,,2.5774,,1.0548,
6/12/2025 23:15,14.387,,1.0122,,1.0138,
6/12/2025 23:30,14.262,,1.4558,,1.075,
6/12/2025 23:45,14.137,,1.1932,,1.0175,
6/13/2025 0:00,14.075,,1.0471,,1.0013,
6/13/2025 0:15,14.012,,1.923,,1.0405,
6/13/2025 0:30,13.887,,2.4045,,1.0559,
6/13/2025 0:45,13.825,,3.8277,,1.1785,
6/13/2025 1:00,13.825,,2.1507,,1.1035,
6/13/2025 1:15,13.762,,1.3852,,1.2125,
6/13/2025 1:30,13.7,,1.4806,,1.1392,
6/13/2025 1:45,13.637,,1.5257,,1.1401,
6/13/2025 2:00,13.575,,1.3351,,1.0746,
6/13/2025 2:15,13.512,,1.0765,,1.2193,
6/13/2025 2:30,13.512,,0.4845,,1.2719,
6/13/2025 2:45,13.512,,1.0526,,1.1887,
6/13/2025 3:00,13.512,,2.0872,,1.1081,
6/13/2025 3:15,13.512,,1.3996,,1.2238,
6/13/2025 3:30,13.512,,1.4291,,1.1858,
6/13/2025 3:45,13.575,,1.7904,,1.1546,
6/13/2025 4:00,13.575,,1.2283,,1.2302,
6/13/2025 4:15,13.575,,2.3612,,1.1943,
6/13/2025 4:30,13.575,,1.3261,,1.1025,
6/13/2025 4:45,13.637,,1.5601,,1.2926,
6/13/2025 5:00,13.637,,2.3042,,1.1704,
6/13/2025 5:15,13.7,,1.4128,,1.2935,
6/13/2025 5:30,13.762,,1.6165,,1.0112,
6/13/2025 5:45,13.762,,1.7379,,1.0199,
6/13/2025 6:00,13.825,,1.5121,,1.1568,
6/13/2025 6:15,13.887,,1.0171,,1.1077,
6/13/2025 6:30,13.95,,1.7274,,1.257,
6/13/2025 6:45,14.012,,1.0539,,1.2607,
6/13/2025 7:00,14.075,,1.8423,,1.1155,
6/13/2025 7:15,14.137,,1.4781,,1.14,
6/13/2025 7:30,14.2,,2.0085,,1.1768,
6/13/2025 7:45,14.262,,1.9152,,1.1455,
6/13/2025 8:00,14.325,,1.5589,,1.1003,
6/13/2025 8:15,14.387,,1.9941,,1.1421,
6/13/2025 8:30,14.45,,1.638,,1.134,
6/13/2025 8:45,14.45,,1.1165,,1.166,
6/13/2025 9:00,14.512,,2.238,,1.0892,
6/13/2025 9:15,14.637,,1.5367,,1.0428,
6/13/2025 9:30,14.637,,1.972,,1.1354,
6/13/2025 9:45,14.7,,1.8244,,1.0477,
6/13/2025 10:00,14.762,,2.0154,,1.0278,
6/13/2025 10:15,14.825,,1.0932,,1.1807,
6/13/2025 10:30,14.887,,1.5434,,1.0735,
6/13/2025 10:45,14.825,,1.8174,,1.0981,
6/13/2025 11:00,14.825,,0.9154,,1.1056,
6/13/2025 11:15,14.887,,1.1361,,1.1126,
6/13/2025 11:30,14.887,,1.3299,,1.1375,
6/13/2025 11:45,14.95,,1.0035,,1.1014,
6/13/2025 12:00,15.012,,1.6293,,1.0619,
6/13/2025 12:15,15.075,,2.1035,,1.0772,
6/13/2025 12:30,15.075,,1.5698,,1.0781,
6/13/2025 12:45,15.2,,1.9384,,1.013,
6/13/2025 13:00,15.2,,0.9018,,1.0772,
6/13/2025 13:15,15.262,,1.3976,,0.9667,
6/13/2025 13:30,15.325,,1.9272,,1.061,
6/13/2025 13:45,15.387,,1.6121,,1.1514,
6/13/2025 14:00,15.45,,1.3167,,1.1019,
6/13/2025 14:15,15.512,,1.2718,,1.1613,
6/13/2025 14:30,15.575,,2.1958,,1.0401,
6/13/2025 14:45,15.637,,1.9625,,0.3183,
6/13/2025 15:00,15.7,,2.1315,,0.2698,
6/13/2025 15:15,15.762,,2.325,,0.3052,
6/13/2025 15:30,15.762,,2.8196,,0.3013,
6/13/2025 15:45,15.762,,2.4291,,1.0079,
6/13/2025 16:00,15.762,,4.0096,,1.0246,
6/13/2025 16:15,15.762,,8.0697,,1.0312,
6/13/2025 16:30,15.637,,7.594,,0.1661,
6/13/2025 16:45,15.512,,4.9932,,1.0625,
6/13/2025 17:00,15.45,,5.208,,1.0008,
6/13/2025 17:15,15.325,,5.6432,,0.9283,
6/13/2025 17:30,15.262,,2.5367,,1.0499,
6/13/2025 17:45,15.137,,4.3768,,0.9601,
6/13/2025 18:00,15.012,,3.3203,,1.0668,
6/13/2025 18:15,14.887,,2.1893,,1.0387,
6/13/2025 18:30,14.762,,11.7286,,1.0437,
6/13/2025 18:45,14.637,,6.6751,,1.0983,
6/13/2025 19:00,14.512,,4.5509,,0.9991,
6/13/2025 19:15,14.387,,3.1361,,1.1353,
6/13/2025 19:30,14.325,,4.0248,,1.1634,
6/13/2025 19:45,14.2,,3.4538,,1.1424,
6/13/2025 20:00,14.137,,2.2897,,1.1086,
6/13/2025 20:15,14.012,,3.9585,,1.0672,
6/13/2025 20:30,13.95,,3.5654,,1.1631,
6/13/2025 20:45,13.887,,3.1439,,0.991,
6/13/2025 21:00,13.762,,3.009,,1.052,
6/13/2025 21:15,13.7,,2.0396,,1.1636,
6/13/2025 21:30,13.637,,2.6436,,1.1923,
6/13/2025 21:45,13.575,,2.6233,,1.1725,
6/13/2025 22:00,13.512,,2.0697,,1.0425,
6/13/2025 22:15,13.45,,2.1119,,1.1587,
6/13/2025 22:30,13.387,,2.0475,,1.0974,
6/13/2025 22:45,13.325,,0.885,,1.1815,
6/13/2025 23:00,13.325,,0.8618,,1.2938,
6/13/2025 23:15,13.262,,1.5853,,1.1939,
6/13/2025 23:30,13.262,,1.0717,,1.217,
6/13/2025 23:45,13.262,,1.1639,,1.2507,
6/14/2025 0:00,13.2,,0.776,,1.251,
6/14/2025 0:15,13.2,,2.2333,,1.1051,
6/14/2025 0:30,13.2,,1.1019,,1.2,
6/14/2025 0:45,13.075,,2.1864,,1.1978,
6/14/2025 1:00,13.075,,2.7348,,1.2559,
6/14/2025 1:15,13.075,,2.7699,,1.2085,
6/14/2025 1:30,13.075,,1.6842,,1.2124,
6/14/2025 1:45,13.137,,1.8324,,1.2218,
6/14/2025 2:00,13.075,,1.9187,,1.2482,
6/14/2025 2:15,13.075,,1.2641,,1.2273,
6/14/2025 2:30,13.075,,1.357,,1.2352,
6/14/2025 2:45,13.075,,2.4241,,1.2432,
6/14/2025 3:00,13.075,,1.9827,,1.2321,
6/14/2025 3:15,13.075,,1.3862,,1.2058,
6/14/2025 3:30,13.075,,1.7087,,1.2377,
6/14/2025 3:45,13.075,,2.5585,,1.2655,
6/14/2025 4:00,13.012,,3.4343,,1.1912,
6/14/2025 4:15,13.075,,3.9887,,1.2372,
6/14/2025 4:30,13.075,,3.6868,,1.2811,
6/14/2025 4:45,13.075,,2.6693,,1.2875,
6/14/2025 5:00,13.075,,3.3651,,1.2743,
6/14/2025 5:15,13.075,,3.7973,,1.2783,
6/14/2025 5:30,13.075,,3.7873,,1.2341,
6/14/2025 5:45,13.137,,2.5141,,1.2314,
6/14/2025 6:00,13.137,,3.3706,,1.1867,
6/14/2025 6:15,13.137,,2.9588,,1.1758,
6/14/2025 6:30,13.2,,2.2547,,1.258,
6/14/2025 6:45,13.2,,2.4944,,1.272,
6/14/2025 7:00,13.262,,2.1649,,1.2275,
6/14/2025 7:15,13.262,,1.6902,,1.2477,
6/14/2025 7:30,13.325,,1.8536,,1.2792,
6/14/2025 7:45,13.325,,2.5426,,1.1539,
6/14/2025 8:00,13.387,,1.9586,,1.1812,
6/14/2025 8:15,13.387,,2.6696,,1.237,
6/14/2025 8:30,13.45,,1.1386,,1.3041,
6/14/2025 8:45,13.512,,2.3432,,1.2919,
6/14/2025 9:00,13.575,,1.9834,,1.2328,
6/14/2025 9:15,13.637,,2.2224,,1.3028,
6/14/2025 9:30,13.7,,2.2269,,1.3786,
6/14/2025 9:45,13.762,,2.8835,,1.2566,
6/14/2025 10:00,13.887,,1.3416,,1.2788,
6/14/2025 10:15,14.012,,1.7934,,1.2713,
6/14/2025 10:30,14.137,,0.8174,,1.2505,
6/14/2025 10:45,14.325,,2.026,,1.2697,
6/14/2025 11:00,14.45,,2.031,,1.2457,
6/14/2025 11:15,14.575,,1.7557,,1.0982,
6/14/2025 11:30,14.7,,1.4247,,1.1788,
6/14/2025 11:45,14.825,,1.5871,,1.2369,
6/14/2025 12:00,14.887,,1.236,,1.0223,
6/14/2025 12:15,14.95,,0.9425,,1.2141,
6/14/2025 12:30,14.95,,1.308,,1.0272,
6/14/2025 12:45,14.95,,1.1229,,1.1036,
6/14/2025 13:00,14.887,,0.7868,,1.1748,
6/14/2025 13:15,14.887,,1.241,,0.8625,
6/14/2025 13:30,14.825,,1.4008,,1.0277,
6/14/2025 13:45,14.762,,1.2641,,1.0545,
6/14/2025 14:00,14.762,,0.6422,,1.0088,
6/14/2025 14:15,14.7,,2.7816,,0.8622,
6/14/2025 14:30,14.7,,1.7853,,1.0343,
6/14/2025 14:45,14.637,,1.1364,,0.9937,
6/14/2025 15:00,14.637,,0.1963,,0.982,
6/14/2025 15:15,14.575,,1.384,,0.9821,
6/14/2025 15:30,14.575,,1.0805,,0.9355,
6/14/2025 15:45,14.512,,0.5318,,1.0531,
6/14/2025 16:00,14.45,,1.3918,,1.0033,
6/14/2025 16:15,14.45,,1.7196,,0.988,
6/14/2025 16:30,14.387,,0.889,,0.8899,
6/14/2025 16:45,14.325,,1.4966,,1.0637,
6/14/2025 17:00,14.262,,1.1019,,0.9705,
6/14/2025 17:15,14.2,,3.0254,,1.0929,
6/14/2025 17:30,14.137,,2.6285,,0.9735,
6/14/2025 17:45,14.075,,1.2952,,1.053,
6/14/2025 18:00,14.012,,2.4672,,0.9873,
6/14/2025 18:15,13.95,,2.2959,,0.8515,
6/14/2025 18:30,13.887,,2.0688,,1.1443,
6/14/2025 18:45,13.825,,1.7983,,1.2444,
6/14/2025 19:00,13.825,,1.298,,1.2135,
6/14/2025 19:15,13.762,,0.1846,,1.1865,
6/14/2025 19:30,13.7,,1.8759,,1.1272,
6/14/2025 19:45,13.637,,5.9229,,1.2183,
6/14/2025 20:00,13.575,,8.1342,,1.2134,
6/14/2025 20:15,13.512,,2.7956,,1.1294,
6/14/2025 20:30,13.45,,2.7338,,1.1834,
6/14/2025 20:45,13.387,,2.4992,,1.0903,
6/14/2025 21:00,13.325,,3.406,,1.17,
6/14/2025 21:15,13.2,,1.1904,,1.1657,
6/14/2025 21:30,13.137,,1.4723,,1.1278,
6/14/2025 21:45,13.012,,1.2985,,1.1322,
6/14/2025 22:00,12.95,,0.9627,,1.2475,
6/14/2025 22:15,12.887,,0.2241,,1.118,
6/14/2025 22:30,12.762,,1.5754,,1.1293,
6/14/2025 22:45,12.7,,2.2254,,1.1306,
6/14/2025 23:00,12.637,,0.854,,1.2117,
6/14/2025 23:15,12.512,,0,,1.2204,
6/14/2025 23:30,12.45,,0.5386,,1.1879,
6/14/2025 23:45,12.387,,1.4154,,1.2375,
6/15/2025 0:00,12.325,,1.0963,,1.1557,
6/15/2025 0:15,12.262,,1.6537,,1.2537,
6/15/2025 0:30,12.262,,0.8757,,1.212,
6/15/2025 0:45,12.2,,0.6247,,1.1433,
6/15/2025 1:00,12.137,,1.5298,,1.0784,
6/15/2025 1:15,12.137,,1.3821,,1.1059,
6/15/2025 1:30,12.075,,1.9166,,1.2277,
6/15/2025 1:45,12.075,,2.0255,,1.22,
6/15/2025 2:00,12.012,,1.397,,1.1798,
6/15/2025 2:15,12.012,,2.0027,,1.1765,
6/15/2025 2:30,12.075,,1.9998,,1.1945,
6/15/2025 2:45,12.012,,1.885,,1.1326,
6/15/2025 3:00,12.012,,1.251,,1.1141,
6/15/2025 3:15,12.075,,2.7197,,1.1158,
6/15/2025 3:30,12.137,,3.1024,,1.1448,
6/15/2025 3:45,12.2,,2.7248,,1.0758,
6/15/2025 4:00,12.325,,2.232,,1.2472,
6/15/2025 4:15,12.45,,1.9768,,1.2301,
6/15/2025 4:30,12.575,,1.8613,,1.0271,
6/15/2025 4:45,12.7,,1.2211,,1.0175,
6/15/2025 5:00,12.887,,2.0313,,0.9572,
6/15/2025 5:15,13.075,,1.6334,,1.1283,
6/15/2025 5:30,13.325,,0.6471,,1.1117,
6/15/2025 5:45,13.512,,0.5757,,1.0927,
6/15/2025 6:00,13.637,,1.3668,,1.1336,
6/15/2025 6:15,13.95,,0.6194,,1.1619,
6/15/2025 6:30,14.2,,1.5276,,1.1089,
6/15/2025 6:45,14.45,,1.4312,,1.08,
6/15/2025 7:00,14.825,,0.7988,,1.0248,
6/15/2025 7:15,15.075,,0.9904,,1.0969,
6/15/2025 7:30,15.262,,1.7126,,1.0195,
6/15/2025 7:45,15.45,,0.7017,,1.0078,
6/15/2025 8:00,15.825,,1.4538,,0.882,
6/15/2025 8:15,16.137,,0.0103,,0.9765,
6/15/2025 8:30,16.325,,1.3677,,0.9139,
6/15/2025 8:45,16.512,,1.2335,,0.7689,
6/15/2025 9:00,16.637,,0.9157,,0.8868,
6/15/2025 9:15,16.825,,0.7411,,0.9189,
6/15/2025 9:30,17.012,,1.3058,,0.8066,
6/15/2025 9:45,17.2,,1.3587,,0.9839,
6/15/2025 10:00,17.325,,1.9714,,0.8576,
6/15/2025 10:15,17.387,,1.5381,,0.852,
6/15/2025 10:30,17.637,,1.6726,,0.8735,
6/15/2025 10:45,17.762,,1.812,,0.8852,
6/15/2025 11:00,17.887,,1.5183,,0.8315,
6/15/2025 11:15,18.012,,16.6914,,0.8637,
6/15/2025 11:30,18.575,,2.5256,,0.7939,
6/15/2025 11:45,18.575,,2.0974,,0.7514,
6/15/2025 12:00,18.387,,1.5094,,0.8275,
6/15/2025 12:15,18.512,,2.6452,,0.7143,
6/15/2025 12:30,18.575,,1.9159,,0.7557,
6/15/2025 12:45,18.512,,2.0939,,0.9337,
6/15/2025 13:00,18.387,,1.6495,,0.7478,
6/15/2025 13:15,18.325,,1.9688,,1.0007,
6/15/2025 13:30,18.2,,1.0353,,0.8309,
6/15/2025 13:45,18.075,,1.4509,,0.8301,
6/15/2025 14:00,17.95,,2.2478,,0.8797,
6/15/2025 14:15,17.7,,2.655,,0.7125,
6/15/2025 14:30,17.512,,1.9929,,0.8684,
6/15/2025 14:45,17.325,,2.5052,,0.9159,
6/15/2025 15:00,17.137,,6.3976,,0.9565,
6/15/2025 15:15,16.95,,17.6644,,0.8548,
6/15/2025 15:30,16.762,,22.818,,0.0972,
6/15/2025 15:45,16.637,,15.8207,,1.03,
6/15/2025 16:00,16.45,,12.6066,,0.1517,
6/15/2025 16:15,16.262,,10.5127,,0.1667,
6/15/2025 16:30,16.137,,7.3294,,0.9243,
6/15/2025 16:45,15.95,,5.9014,,0.884,
6/15/2025 17:00,15.887,,4.915,,0.9087,
6/15/2025 17:15,15.7,,4.112,,0.9894,
6/15/2025 17:30,15.575,,4.7653,,0.9444,
6/15/2025 17:45,15.512,,3.9841,,1.0507,
6/15/2025 18:00,15.387,,2.9364,,1.0459,
6/15/2025 18:15,15.262,,4.2973,,0.8544,
6/15/2025 18:30,15.2,,2.9687,,0.9735,
6/15/2025 18:45,15.075,,2.1774,,1.1395,
6/15/2025 19:00,14.95,,2.7376,,1.1466,
6/15/2025 19:15,14.887,,2.7773,,1.0147,
6/15/2025 19:30,14.7,,3.0694,,0.9338,
6/15/2025 19:45,14.637,,2.839,,0.9561,
6/15/2025 20:00,14.512,,1.4208,,0.9973,
6/15/2025 20:15,14.45,,2.3942,,1.0138,
6/15/2025 20:30,14.325,,2.8508,,0.9754,
6/15/2025 20:45,14.2,,2.2664,,0.8925,
6/15/2025 21:00,14.137,,1.5156,,1.0678,
6/15/2025 21:15,14.075,,1.3543,,1.0779,
6/15/2025 21:30,13.95,,1.3753,,0.9948,
6/15/2025 21:45,13.887,,1.2589,,1.0972,
6/15/2025 22:00,13.825,,1.8297,,1.1075,
6/15/2025 22:15,13.762,,2.4677,,1.018,
6/15/2025 22:30,13.7,,1.029,,1.0406,
6/15/2025 22:45,13.637,,2.4844,,1.1233,
6/15/2025 23:00,13.512,,0.4742,,1.162,
6/15/2025 23:15,13.45,,0.8454,,1.127,
6/15/2025 23:30,13.325,,15.2424,,1.2175,
6/15/2025 23:45,13.262,,4.7664,,1.056,
6/16/2025 0:00,13.2,,3.8281,,1.0741,
6/16/2025 0:15,13.137,,3.2856,,1.1202,
6/16/2025 0:30,13.075,,2.295,,1.0985,
6/16/2025 0:45,12.95,,2.1213,,1.133,
6/16/2025 1:00,12.95,,2.9351,,1.1728,
6/16/2025 1:15,12.887,,2.3149,,1.1181,
6/16/2025 1:30,12.887,,1.2019,,1.2207,
6/16/2025 1:45,12.825,,1.9974,,1.0534,
6/16/2025 2:00,12.825,,2.198,,1.1314,
6/16/2025 2:15,12.762,,0.9529,,1.0736,
6/16/2025 2:30,12.762,,1.5833,,1.0557,
6/16/2025 2:45,12.762,,2.5115,,1.1137,
6/16/2025 3:00,12.762,,0.9157,,1.2531,
6/16/2025 3:15,12.762,,1.2441,,1.1133,
6/16/2025 3:30,12.762,,1.3828,,1.2413,
6/16/2025 3:45,12.825,,1.0664,,1.2288,
6/16/2025 4:00,12.887,,1.8962,,1.0431,
6/16/2025 4:15,12.95,,0.9306,,1.0665,
6/16/2025 4:30,13.075,,1.5364,,1.1349,
6/16/2025 4:45,13.2,,0.6636,,1.1563,
6/16/2025 5:00,13.45,,0.9625,,1.1986,
6/16/2025 5:15,13.637,,2.0208,,1.2063,
6/16/2025 5:30,13.825,,1.2681,,1.1571,
6/16/2025 5:45,14.012,,1.8398,,1.1887,
6/16/2025 6:00,14.137,,1.453,,1.178,
6/16/2025 6:15,14.325,,0.8694,,1.3179,
6/16/2025 6:30,14.575,,5.3492,,1.2213,
6/16/2025 6:45,14.825,,1.5577,,1.2095,
6/16/2025 7:00,15.012,,1.1678,,1.1374,
6/16/2025 7:15,15.262,,0.5732,,1.0646,
6/16/2025 7:30,15.45,,2.575,,0.9961,
6/16/2025 7:45,15.637,,2.5016,,1.0646,
6/16/2025 8:00,15.7,,1.5949,,1.0249,
6/16/2025 8:15,15.95,,1.6734,,0.9499,
6/16/2025 8:30,16.075,,1.9495,,1.0132,
6/16/2025 8:45,16.262,,1.0874,,0.9939,
6/16/2025 9:00,16.262,,1.8384,,1.0298,
6/16/2025 9:15,16.325,,1.925,,1.0475,
6/16/2025 9:30,16.387,,3.1044,,1.039,
6/16/2025 9:45,16.45,,2.1658,,0.9762,
6/16/2025 10:00,16.512,,2.9017,,0.9802,
6/16/2025 10:15,16.575,,1.8936,,0.9224,
6/16/2025 10:30,16.637,,1.8031,,1.0242,
6/16/2025 10:45,16.575,,2.4653,,1.0794,
6/16/2025 11:00,16.762,,2.6669,,1.0085,
6/16/2025 11:15,16.825,,1.7057,,0.9771,
6/16/2025 11:30,16.825,,2.4232,,1.0149,
6/16/2025 11:45,16.95,,2.2332,,0.9566,
6/16/2025 12:00,16.95,,2.5671,,0.2999,
6/16/2025 12:15,17.012,,3.2575,,0.8556,
6/16/2025 12:30,17.137,,3.1967,,0.9451,
6/16/2025 12:45,17.137,,2.0305,,0.9317,
6/16/2025 13:00,17.2,,3.078,,0.1836,
6/16/2025 13:15,17.262,,3.5494,,0.8094,
6/16/2025 13:30,17.387,,2.9361,,1.0144,
6/16/2025 13:45,17.637,,3.4557,,0.228,
6/16/2025 14:00,17.762,,1.4163,,1.0477,
6/16/2025 14:15,17.95,,4.2116,,0.0972,
6/16/2025 14:30,18.012,,2.7407,,0.954,
6/16/2025 14:45,17.95,,2.9374,,0.9135,
6/16/2025 15:00,17.95,,2.5967,,0.8727,
6/16/2025 15:15,17.887,,1.9116,,0.8846,
6/16/2025 15:30,17.762,,2.8884,,0.814,
6/16/2025 15:45,17.575,,5.4203,,0.8197,
6/16/2025 16:00,17.512,,5.5588,,0.8372,
6/16/2025 16:15,17.387,,6.5763,,0.9601,
6/16/2025 16:30,17.075,,5.909,,0.9907,
6/16/2025 16:45,16.95,,29.0789,,0.3531,
6/16/2025 17:00,16.825,,15.2538,,0.2699,
6/16/2025 17:15,16.637,,9.6021,,0.2502,
6/16/2025 17:30,16.45,,10.5187,,0.1126,
6/16/2025 17:45,16.325,,7.5967,,0.9911,
6/16/2025 18:00,16.2,,6.8569,,0.9567,
6/16/2025 18:15,16.075,,6.1654,,1.0213,
6/16/2025 18:30,15.95,,4.523,,1.0699,
6/16/2025 18:45,15.825,,4.8787,,0.9185,
6/16/2025 19:00,15.762,,3.7224,,0.9421,
6/16/2025 19:15,15.637,,4.242,,1.0398,
6/16/2025 19:30,15.512,,3.9523,,1.035,
6/16/2025 19:45,15.45,,3.0871,,1.0831,
6/16/2025 20:00,15.387,,3.425,,1.0702,
6/16/2025 20:15,15.325,,2.3994,,0.9793,
6/16/2025 20:30,15.262,,2.726,,1.1415,
6/16/2025 20:45,15.2,,2.0849,,1.1103,
6/16/2025 21:00,15.137,,2.8569,,1.0741,
6/16/2025 21:15,15.075,,3.9499,,1.0483,
6/16/2025 21:30,15.012,,2.5488,,1.1496,
6/16/2025 21:45,14.95,,1.8749,,1.1612,
6/16/2025 22:00,14.887,,2.6873,,1.0006,
6/16/2025 22:15,14.825,,2.2218,,0.9439,
6/16/2025 22:30,14.762,,1.8764,,1.0959,
6/16/2025 22:45,14.7,,1.8049,,1.1209,
6/16/2025 23:00,14.7,,2.5604,,1.0563,
6/16/2025 23:15,14.637,,1.2511,,1.1096,
6/16/2025 23:30,14.637,,2.6754,,1.095,
6/16/2025 23:45,14.575,,0.9675,,1.086,
6/17/2025 0:00,14.575,,2.0409,,1.0902,
6/17/2025 0:15,14.512,,1.9098,,1.0558,
6/17/2025 0:30,14.512,,2.1156,,1.157,
6/17/2025 0:45,14.45,,1.36,,1.0813,
6/17/2025 1:00,14.45,,2.2498,,0.9879,
6/17/2025 1:15,14.45,,4.5304,,0.8315,
6/17/2025 1:30,14.387,,1.6215,,1.1329,
6/17/2025 1:45,14.387,,1.5006,,0.9811,
6/17/2025 2:00,14.387,,2.3232,,1.0875,
6/17/2025 2:15,14.387,,2.374,,1.0404,
6/17/2025 2:30,14.387,,1.3471,,1.0457,
6/17/2025 2:45,14.45,,2.8532,,1.0174,
6/17/2025 3:00,14.387,,1.2815,,0.9768,
6/17/2025 3:15,14.45,,1.2742,,1.0255,
6/17/2025 3:30,14.45,,1.8169,,1.1595,
6/17/2025 3:45,14.45,,2.3662,,1.101,
6/17/2025 4:00,14.512,,1.6149,,1.1829,
6/17/2025 4:15,14.512,,2.5298,,1.087,
6/17/2025 4:30,14.512,,1.383,,1.1176,
6/17/2025 4:45,14.575,,1.9927,,1.101,
6/17/2025 5:00,14.575,,2.3839,,1.1389,
6/17/2025 5:15,14.637,,2.2644,,1.0301,
6/17/2025 5:30,14.637,,1.4808,,0.9749,
6/17/2025 5:45,14.7,,2.3612,,1.254,
6/17/2025 6:00,14.762,,1.7567,,1.2129,
6/17/2025 6:15,14.825,,1.2923,,1.0811,
6/17/2025 6:30,14.825,,1.9307,,1.1448,
6/17/2025 6:45,14.887,,2.0954,,1.1836,
6/17/2025 7:00,14.95,,3.0513,,1.1876,
6/17/2025 7:15,15.012,,2.4245,,1.1108,
6/17/2025 7:30,15.075,,2.5701,,1.1648,
6/17/2025 7:45,15.137,,2.3624,,1.187,
6/17/2025 8:00,15.2,,2.1223,,1.2274,
6/17/2025 8:15,15.262,,2.8175,,1.1295,
6/17/2025 8:30,15.262,,3.0798,,1.1409,
6/17/2025 8:45,15.325,,5.5918,,0.3374,
6/17/2025 9:00,15.262,,3.8704,,0.232,
6/17/2025 9:15,15.262,,5.9156,,0.3237,
6/17/2025 9:30,15.325,,3.7423,,0.4046,
6/17/2025 9:45,15.387,,3.8939,,1.0979,
6/17/2025 10:00,15.45,,2.5606,,0.1977,
6/17/2025 10:15,15.512,,3.4854,,1.0544,
6/17/2025 10:30,15.575,,3.5107,,0.2141,
6/17/2025 10:45,15.637,,3.1847,,0.2575,
6/17/2025 11:00,15.7,,3.6201,,0.2113,
6/17/2025 11:15,15.7,,3.8425,,0.1721,
6/17/2025 11:30,15.762,,3.1686,,1.093,
6/17/2025 11:45,15.825,,2.3449,,1.0777,
6/17/2025 12:00,16.2,,29.2517,,0.1577,
6/17/2025 12:15,16.387,,41.5606,,0.1199,
6/17/2025 12:30,16.262,,19.1888,,0.2484,
6/17/2025 12:45,16.137,,10.5303,,0.0668,
6/17/2025 13:00,16.137,,13.7493,,1.0396,
6/17/2025 13:15,16.137,,8.423,,0.2434,
6/17/2025 13:30,16.325,,8.4898,,0.3061,
6/17/2025 13:45,16.387,,7.9231,,0.2984,
6/17/2025 14:00,16.45,,9.9262,,0.277,
6/17/2025 14:15,16.45,,8.1465,,0.0234,
6/17/2025 14:30,16.575,,9.2221,,0.2737,
6/17/2025 14:45,16.575,,7.7244,,0.1256,
6/17/2025 15:00,16.575,,9.5217,,0.1316,
6/17/2025 15:15,16.575,,6.9512,,0.195,
6/17/2025 15:30,16.575,,6.5156,,0.3387,
6/17/2025 15:45,16.575,,7.0365,,0.1912,
6/17/2025 16:00,16.512,,5.0708,,0.1351,
6/17/2025 16:15,16.45,,4.3353,,0.1955,
6/17/2025 16:30,16.45,,5.8882,,0.3356,
6/17/2025 16:45,16.387,,5.5389,,0.9976,
6/17/2025 17:00,16.325,,4.676,,1.1041,
6/17/2025 17:15,16.262,,5.3152,,0.2471,
6/17/2025 17:30,16.2,,4.3719,,0.3811,
6/17/2025 17:45,16.137,,3.9747,,0.3096,
6/17/2025 18:00,16.075,,3.7345,,0.3107,
6/17/2025 18:15,16.012,,2.8219,,1.078,
6/17/2025 18:30,15.95,,3.2743,,0.2428,
6/17/2025 18:45,15.887,,4.3529,,1.0692,
6/17/2025 19:00,15.825,,4.1414,,1.0269,
6/17/2025 19:15,15.825,,3.1481,,1.0263,
6/17/2025 19:30,15.762,,4.3402,,0.2914,
6/17/2025 19:45,15.7,,4.6234,,1.0535,
6/17/2025 20:00,15.7,,3.7209,,1.0078,
6/17/2025 20:15,15.7,,2.6041,,1.0795,
6/17/2025 20:30,15.637,,2.3608,,1.1892,
6/17/2025 20:45,15.637,,2.1995,,1.0999,
6/17/2025 21:00,15.575,,2.6109,,1.0938,
6/17/2025 21:15,15.575,,1.972,,1.0578,
6/17/2025 21:30,15.512,,2.9805,,1.1495,
6/17/2025 21:45,15.512,,1.8984,,1.1691,
6/17/2025 22:00,15.512,,3.3965,,1.0348,
6/17/2025 22:15,15.512,,1.8246,,1.0865,
6/17/2025 22:30,15.45,,2.0978,,1.1819,
6/17/2025 22:45,15.45,,2.3387,,1.1431,
6/17/2025 23:00,15.45,,1.4208,,1.22,
6/17/2025 23:15,15.45,,2.2706,,1.1287,
6/17/2025 23:30,15.387,,1.1332,,1.0067,
6/17/2025 23:45,15.387,,1.7284,,0.9656,
6/18/2025 0:00,15.387,,2.9298,,1.1264,
6/18/2025 0:15,15.387,,3.02,,1.1489,
6/18/2025 0:30,15.325,,3.5305,,1.0722,
6/18/2025 0:45,15.325,,3.7525,,1.1437,
6/18/2025 1:00,15.325,,3.9391,,1.026,
6/18/2025 1:15,15.325,,4.1509,,1.1429,
6/18/2025 1:30,15.262,,3.5753,,1.1651,
6/18/2025 1:45,15.262,,5.0728,,1.1303,
6/18/2025 2:00,15.262,,5.2909,,1.1792,
6/18/2025 2:15,15.262,,2.7069,,1.1815,
6/18/2025 2:30,15.262,,3.8898,,1.2472,
6/18/2025 2:45,15.262,,3.4742,,1.175,
6/18/2025 3:00,15.262,,3.1094,,1.2658,
6/18/2025 3:15,15.262,,2.3241,,1.2473,
6/18/2025 3:30,15.262,,3.4291,,1.185,
6/18/2025 3:45,15.325,,2.8629,,1.2181,
6/18/2025 4:00,15.325,,2.6939,,1.1962,
6/18/2025 4:15,15.387,,1.6554,,1.0817,
6/18/2025 4:30,15.387,,2.2895,,1.1587,
6/18/2025 4:45,15.45,,2.7164,,1.0784,
6/18/2025 5:00,15.512,,3.4335,,1.1615,
6/18/2025 5:15,15.575,,2.4948,,1.1565,
6/18/2025 5:30,15.7,,1.892,,1.1065,
6/18/2025 5:45,15.762,,2.7683,,1.1619,
6/18/2025 6:00,15.887,,1.6156,,1.1632,
6/18/2025 6:15,16.012,,2.0664,,1.0924,
6/18/2025 6:30,16.012,,2.3553,,1.0894,
6/18/2025 6:45,16.137,,0.4905,,1.2727,
6/18/2025 7:00,16.2,,3.3072,,1.0464,
6/18/2025 7:15,16.262,,3.1292,,1.0271,
6/18/2025 7:30,16.325,,2.9883,,1.0346,
6/18/2025 7:45,16.325,,2.1823,,1.1401,
6/18/2025 8:00,16.45,,2.9332,,0.3006,
6/18/2025 8:15,16.512,,2.8367,,0.9918,
6/18/2025 8:30,16.637,,2.6199,,1.0584,
6/18/2025 8:45,16.825,,2.1599,,1.0482,
6/18/2025 9:00,16.95,,2.4691,,1.0223,
6/18/2025 9:15,17.075,,2.899,,0.991,
6/18/2025 9:30,17.137,,3.5607,,0.8837,
6/18/2025 9:45,17.2,,2.8036,,1.0235,
6/18/2025 10:00,17.2,,3.1182,,0.2242,
6/18/2025 10:15,17.262,,2.0577,,1.0983,
6/18/2025 10:30,17.262,,1.964,,1.0458,
6/18/2025 10:45,17.262,,1.5526,,0.955,
6/18/2025 11:00,17.325,,2.5389,,0.2403,
6/18/2025 11:15,17.325,,1.2266,,1.042,
6/18/2025 11:30,17.325,,2.0962,,1.0902,
6/18/2025 11:45,17.325,,3.0719,,0.9771,
6/18/2025 12:00,17.325,,2.1503,,1.0285,
6/18/2025 12:15,17.262,,1.8981,,0.9489,
6/18/2025 12:30,17.325,,2.4367,,1.0042,
6/18/2025 12:45,17.325,,1.7529,,0.9302,
6/18/2025 13:00,17.325,,2.1276,,0.9496,
6/18/2025 13:15,17.387,,1.7076,,1.0514,
6/18/2025 13:30,17.387,,1.7353,,0.9265,
6/18/2025 13:45,17.45,,1.2928,,0.8599,
6/18/2025 14:00,17.45,,1.4655,,0.2276,
6/18/2025 14:15,17.45,,1.2815,,1.0009,
6/18/2025 14:30,17.45,,2.0279,,1.0589,
6/18/2025 14:45,17.45,,2.1104,,1.0419,
6/18/2025 15:00,17.45,,5.4703,,1.0027,
6/18/2025 15:15,17.45,,2.6799,,0.2114,
6/18/2025 15:30,17.387,,2.1141,,0.972,
6/18/2025 15:45,17.325,,1.7805,,0.2705,
6/18/2025 16:00,17.325,,2.4771,,0.9248,
6/18/2025 16:15,17.262,,1.83,,0.9325,
6/18/2025 16:30,17.2,,1.5574,,0.9972,
6/18/2025 16:45,17.137,,1.6289,,0.9868,
6/18/2025 17:00,17.075,,1.9844,,0.9994,
6/18/2025 17:15,17.012,,2.9503,,1.0199,
6/18/2025 17:30,16.95,,0.9654,,0.9281,
6/18/2025 17:45,16.825,,1.7382,,1.0657,
6/18/2025 18:00,16.762,,1.6542,,0.8942,
6/18/2025 18:15,16.7,,1.6992,,0.9463,
6/18/2025 18:30,16.637,,2.565,,0.9239,
6/18/2025 18:45,16.575,,3.6949,,0.9947,
6/18/2025 19:00,16.512,,3.3489,,1.0214,
6/18/2025 19:15,16.45,,1.9789,,0.9876,
6/18/2025 19:30,16.387,,2.009,,0.9656,
6/18/2025 19:45,16.325,,1.7702,,1.0812,
6/18/2025 20:00,16.262,,2.1635,,1.0596,
6/18/2025 20:15,16.262,,2.3379,,1.0271,
6/18/2025 20:30,16.2,,2.3506,,1.0798,
6/18/2025 20:45,16.137,,2.1324,,0.9617,
6/18/2025 21:00,16.075,,3.0442,,0.964,
6/18/2025 21:15,16.075,,2.7566,,1.0607,
6/18/2025 21:30,16.012,,3.1638,,0.9723,
6/18/2025 21:45,15.95,,1.383,,0.9891,
6/18/2025 22:00,15.887,,3.302,,1.0005,
6/18/2025 22:15,15.887,,3.105,,0.9082,
6/18/2025 22:30,15.825,,1.9186,,1.0811,
6/18/2025 22:45,15.825,,2.7003,,0.9159,
6/18/2025 23:00,15.762,,1.934,,0.9824,
6/18/2025 23:15,15.762,,0.4315,,0.8955,
6/18/2025 23:30,15.7,,2.8219,,0.9616,
6/18/2025 23:45,15.637,,2.4842,,1.0369,
6/19/2025 0:00,15.637,,1.8516,,0.8985,
6/19/2025 0:15,15.637,,1.6467,,1.0006,
6/19/2025 0:30,15.575,,1.1621,,1.0022,
6/19/2025 0:45,15.575,,1.8581,,0.9299,
6/19/2025 1:00,15.575,,2.0071,,1.0526,
6/19/2025 1:15,15.512,,1.6858,,1.054,
6/19/2025 1:30,15.512,,2.1598,,1.0464,
6/19/2025 1:45,15.512,,1.7052,,1.1613,
6/19/2025 2:00,15.512,,1.032,,1.0461,
6/19/2025 2:15,15.575,,2.3714,,1.0121,
6/19/2025 2:30,15.575,,1.5123,,1.0867,
6/19/2025 2:45,15.575,,2.6767,,0.9173,
6/19/2025 3:00,15.575,,1.5396,,0.955,
6/19/2025 3:15,15.575,,0.9797,,1.0224,
6/19/2025 3:30,15.637,,1.9193,,1.017,
6/19/2025 3:45,15.7,,1.8669,,1.0192,
6/19/2025 4:00,15.762,,2.3683,,0.9522,
6/19/2025 4:15,15.762,,1.829,,0.9568,
6/19/2025 4:30,15.825,,1.3692,,0.947,
6/19/2025 4:45,15.887,,1.9195,,1.0386,
6/19/2025 5:00,15.95,,2.1951,,1.0276,
6/19/2025 5:15,16.012,,2.1846,,0.9311,
6/19/2025 5:30,16.137,,2.1237,,1.0598,
6/19/2025 5:45,16.325,,2.5891,,0.9125,
6/19/2025 6:00,16.45,,2.5303,,1.0375,
6/19/2025 6:15,16.575,,1.7487,,1.0049,
6/19/2025 6:30,16.762,,1.6756,,0.9975,
6/19/2025 6:45,16.95,,1.7114,,0.2744,
6/19/2025 7:00,17.137,,2.6252,,0.2054,
6/19/2025 7:15,17.325,,2.3511,,0.922,
6/19/2025 7:30,17.512,,2.3753,,0.2024,
6/19/2025 7:45,17.825,,1.7507,,0.1909,
6/19/2025 8:00,18.075,,2.4218,,0.8651,
6/19/2025 8:15,18.325,,1.2937,,0.2444,
6/19/2025 8:30,18.575,,2.9972,,0.096,
6/19/2025 8:45,18.825,,2.3158,,0.2243,
6/19/2025 9:00,18.95,,2.4877,,0.1731,
6/19/2025 9:15,19.075,,2.5976,,0.8615,
6/19/2025 9:30,19.387,,1.3246,,0.1114,
6/19/2025 9:45,19.575,,2.0079,,0.9193,
6/19/2025 10:00,19.825,,1.6731,,0.9005,
6/19/2025 10:15,19.95,,2.4826,,0.9061,
6/19/2025 10:30,20.012,,2.5781,,0.1057,
6/19/2025 10:45,20.262,,2.3789,,0.8573,
6/19/2025 11:00,20.387,,2.083,,0.9705,
6/19/2025 11:15,20.575,,2.45,,0.9515,
6/19/2025 11:30,20.7,,3.5781,,0.9571,
6/19/2025 11:45,21.075,,2.0575,,0.8871,
6/19/2025 12:00,21.075,,4.4087,,0.9373,
6/19/2025 12:15,21.325,,3.0566,,0.7765,
6/19/2025 12:30,21.45,,2.2619,,0.891,
6/19/2025 12:45,21.575,,5.6477,,0.781,
6/19/2025 13:00,21.575,,3.9201,,0.9184,
6/19/2025 13:15,21.325,,25.2431,,0.0924,
6/19/2025 13:30,21.2,,41.2774,,1.0693,
6/19/2025 13:45,21.137,,19.4859,,0.9616,
6/19/2025 14:00,21.2,,17.7328,,1.0984,
6/19/2025 14:15,21.137,,11.6927,,0.1375,
6/19/2025 14:30,21.075,,10.1033,,0.9622,
6/19/2025 14:45,20.95,,6.8971,,0.9851,
6/19/2025 15:00,20.887,,5.8923,,1.037,
6/19/2025 15:15,20.825,,7.0607,,0.9683,
6/19/2025 15:30,20.7,,4.848,,1.0458,
6/19/2025 15:45,20.637,,5.3798,,0.9911,
6/19/2025 16:00,20.45,,4.7925,,0.9946,
6/19/2025 16:15,20.325,,3.6063,,1.0865,
6/19/2025 16:30,20.2,,4.2852,,0.9142,
6/19/2025 16:45,20.137,,2.8713,,1.0489,
6/19/2025 17:00,20.012,,3.8774,,1.0494,
6/19/2025 17:15,19.887,,3.5071,,0.9961,
6/19/2025 17:30,19.762,,3.6359,,1.0043,
6/19/2025 17:45,19.7,,2.8657,,0.3289,
6/19/2025 18:00,19.575,,9.6093,,0.9919,
6/19/2025 18:15,19.45,,5.3781,,1.1185,
6/19/2025 18:30,19.325,,5.3424,,0.2323,
6/19/2025 18:45,19.262,,4.7509,,1.0517,
6/19/2025 19:00,19.137,,4.6491,,1.0214,
6/19/2025 19:15,19.075,,3.8173,,0.3064,
6/19/2025 19:30,18.95,,4.5132,,1.014,
6/19/2025 19:45,18.887,,4.6992,,1.0836,
6/19/2025 20:00,18.825,,3.0648,,1.1905,
6/19/2025 20:15,18.762,,3.2453,,1.1791,
6/19/2025 20:30,18.637,,3.2784,,1.1441,
6/19/2025 20:45,18.575,,3.3046,,1.1185,
6/19/2025 21:00,18.512,,4.2187,,1.0037,
6/19/2025 21:15,18.45,,4.1265,,0.2288,
6/19/2025 21:30,18.387,,3.7172,,1.144,
6/19/2025 21:45,18.325,,3.1787,,1.0789,
6/19/2025 22:00,18.262,,2.7733,,1.0571,
6/19/2025 22:15,18.2,,3.1809,,1.1918,
6/19/2025 22:30,18.137,,2.9623,,1.0422,
6/19/2025 22:45,18.075,,3.1467,,1.0401,
6/19/2025 23:00,17.95,,3.2967,,1.1295,
6/19/2025 23:15,17.887,,2.5171,,1.1414,
6/19/2025 23:30,17.887,,2.2882,,1.1912,
6/19/2025 23:45,17.825,,2.4992,,1.105,
6/20/2025 0:00,17.762,,3.2927,,1.1546,
6/20/2025 0:15,17.7,,2.6194,,0.3183,
6/20/2025 0:30,17.637,,3.3673,,0.2842,
6/20/2025 0:45,17.637,,2.9135,,0.3599,
6/20/2025 1:00,17.575,,2.1919,,1.1211,
6/20/2025 1:15,17.512,,3.2337,,0.2537,
6/20/2025 1:30,17.45,,3.958,,1.0117,
6/20/2025 1:45,17.45,,2.168,,0.2915,
6/20/2025 2:00,17.45,,2.5335,,0.118,
6/20/2025 2:15,17.387,,3.3956,,0.2942,
6/20/2025 2:30,17.387,,3.7004,,0.2794,
6/20/2025 2:45,17.325,,2.5379,,1.0431,
6/20/2025 3:00,17.325,,2.8423,,0.2016,
6/20/2025 3:15,17.325,,3.3383,,0.9613,
6/20/2025 3:30,17.387,,2.1458,,0.2292,
6/20/2025 3:45,17.387,,2.807,,0.1951,
6/20/2025 4:00,17.387,,3.1239,,0.2082,
6/20/2025 4:15,17.325,,2.0187,,0.2826,
6/20/2025 4:30,17.387,,2.9291,,0.0833,
6/20/2025 4:45,17.45,,3.6571,,0.2364,
6/20/2025 5:00,17.45,,2.836,,1.0686,
6/20/2025 5:15,17.512,,2.3121,,0.2341,
6/20/2025 5:30,17.512,,2.5128,,0.1113,
6/20/2025 5:45,17.575,,3.3943,,0.2345,
6/20/2025 6:00,17.637,,3.5276,,0.1636,
6/20/2025 6:15,17.825,,3.142,,0.1213,
6/20/2025 6:30,17.887,,3.0573,,0.1193,
6/20/2025 6:45,17.887,,2.8944,,0.1873,
6/20/2025 7:00,17.95,,2.5981,,0.3026,
6/20/2025 7:15,18.012,,3.3173,,0.2165,
6/20/2025 7:30,18.137,,3.3428,,0.1842,
6/20/2025 7:45,18.262,,3.3165,,0.154,
6/20/2025 8:00,18.387,,5.2751,,0.2278,
6/20/2025 8:15,18.45,,2.5966,,0.1765,
6/20/2025 8:30,18.512,,3.2386,,0.1347,
6/20/2025 8:45,18.512,,2.5567,,0.2406,
6/20/2025 9:00,18.512,,3.6095,,0.1952,
6/20/2025 9:15,18.575,,3.735,,0.1598,
6/20/2025 9:30,18.575,,3.0537,,0.1636,
6/20/2025 9:45,18.637,,3.4331,,0.2112,
6/20/2025 10:00,18.637,,4.2352,,0.1476,
6/20/2025 10:15,18.637,,2.3163,,0.138,
6/20/2025 10:30,18.7,,3.0318,,0.2972,
6/20/2025 10:45,18.637,,3.6094,,0.1984,
6/20/2025 11:00,18.7,,3.4308,,0.1821,
6/20/2025 11:15,18.7,,3.8849,,0.2289,
6/20/2025 11:30,18.825,,2.9555,,0.2079,
6/20/2025 11:45,18.887,,4.0374,,0.2078,
6/20/2025 12:00,18.95,,3.5905,,0.1297,
6/20/2025 12:15,18.95,,4.437,,0.0614,
6/20/2025 12:30,19.012,,3.1648,,0.1993,
6/20/2025 12:45,19.012,,3.6063,,0.1649,
6/20/2025 13:00,18.825,,4.1619,,0.1826,
6/20/2025 13:15,19.137,,3.7633,,0.1613,
6/20/2025 13:30,19.137,,4.2506,,0.1522,
6/20/2025 13:45,19.262,,3.1525,,0.276,
6/20/2025 14:00,19.387,,3.8322,,0.1631,
6/20/2025 14:15,19.387,,4.0123,,0.2784,
6/20/2025 14:30,19.512,,3.3503,,0.2491,
6/20/2025 14:45,19.575,,3.7278,,0.2324,
6/20/2025 15:00,19.575,,3.6187,,0.2133,
6/20/2025 15:15,19.512,,2.1825,,0.216,
6/20/2025 15:30,19.512,,3.5255,,0.1628,
6/20/2025 15:45,19.2,,5.287,,0.1634,
6/20/2025 16:00,19.137,,4.1728,,0.2776,
6/20/2025 16:15,19.012,,3.1338,,0.323,
6/20/2025 16:30,19.012,,3.2777,,0.1646,
6/20/2025 16:45,18.95,,2.6969,,0.2033,
6/20/2025 17:00,18.825,,3.3441,,0.2669,
6/20/2025 17:15,18.762,,5.4152,,0.1903,
6/20/2025 17:30,18.637,,5.7929,,0.254,
6/20/2025 17:45,18.512,,4.1365,,0.332,
6/20/2025 18:00,18.387,,3.997,,0.2927,
6/20/2025 18:15,18.262,,3.5883,,0.28,
6/20/2025 18:30,18.2,,4.4857,,0.3319,
6/20/2025 18:45,18.075,,5.4148,,0.2612,
6/20/2025 19:00,17.95,,4.1633,,0.3406,
6/20/2025 19:15,17.825,,4.0895,,0.1565,
6/20/2025 19:30,17.7,,4.3121,,0.2922,
6/20/2025 19:45,17.575,,4.2565,,0.2153,
6/20/2025 20:00,17.45,,3.741,,0.3359,
6/20/2025 20:15,17.325,,4.1212,,0.2868,
6/20/2025 20:30,17.2,,3.8202,,0.2451,
6/20/2025 20:45,17.075,,3.5485,,0.263,
6/20/2025 21:00,16.887,,3.0424,,0.2427,
6/20/2025 21:15,16.762,,4.1261,,0.2244,
6/20/2025 21:30,16.637,,3.7661,,0.2479,
6/20/2025 21:45,16.512,,3.5599,,0.2396,
6/20/2025 22:00,16.325,,3.6006,,0.2267,
6/20/2025 22:15,16.2,,3.086,,0.2873,
6/20/2025 22:30,16.075,,2.9801,,0.3029,
6/20/2025 22:45,15.95,,4.2111,,0.4092,
6/20/2025 23:00,15.825,,2.6862,,0.2747,
6/20/2025 23:15,15.637,,2.7609,,0.2704,
6/20/2025 23:30,15.512,,3.4043,,0.3447,
6/20/2025 23:45,15.387,,2.8986,,0.3099,
6/21/2025 0:00,15.262,,2.7253,,0.321,
6/21/2025 0:15,15.2,,2.3648,,0.2751,
6/21/2025 0:30,15.075,,2.7189,,0.2106,
6/21/2025 0:45,14.887,,3.3038,,0.3394,
6/21/2025 1:00,14.825,,4.9208,,0.2616,
6/21/2025 1:15,14.7,,3.9392,,0.2749,
6/21/2025 1:30,14.637,,3.5217,,0.2489,
6/21/2025 1:45,14.512,,2.2929,,0.449,
6/21/2025 2:00,14.45,,3.6559,,1.1423,
6/21/2025 2:15,14.325,,2.6692,,1.1925,
6/21/2025 2:30,14.325,,3.4737,,1.1682,
6/21/2025 2:45,14.262,,2.4744,,0.351,
6/21/2025 3:00,14.2,,2.2039,,1.2146,
6/21/2025 3:15,14.2,,3.4677,,1.2334,
6/21/2025 3:30,14.2,,2.3463,,1.1881,
6/21/2025 3:45,14.2,,3.4829,,1.203,
6/21/2025 4:00,14.262,,2.0584,,1.2325,
6/21/2025 4:15,14.262,,2.4,,1.2052,
6/21/2025 4:30,14.387,,2.3912,,0.3994,
6/21/2025 4:45,14.512,,2.5399,,1.1625,
6/21/2025 5:00,14.637,,2.6029,,1.3535,
6/21/2025 5:15,14.825,,3.2677,,0.3038,
6/21/2025 5:30,14.95,,3.1522,,0.3497,
6/21/2025 5:45,15.137,,3.0451,,0.4002,
6/21/2025 6:00,15.262,,1.6669,,0.4512,
6/21/2025 6:15,15.45,,2.5722,,0.4094,
6/21/2025 6:30,15.637,,1.8781,,0.4027,
6/21/2025 6:45,15.825,,2.9479,,0.2356,
6/21/2025 7:00,16.012,,3.0879,,0.2853,
6/21/2025 7:15,16.075,,2.6305,,0.3936,
6/21/2025 7:30,16.2,,3.4907,,0.2987,
6/21/2025 7:45,16.325,,3.2752,,0.2656,
6/21/2025 8:00,16.45,,3.653,,0.2425,
6/21/2025 8:15,16.512,,2.7036,,0.2837,
6/21/2025 8:30,16.575,,3.2462,,0.2044,
6/21/2025 8:45,16.637,,2.7559,,0.1958,
6/21/2025 9:00,16.7,,2.9979,,0.2087,
6/21/2025 9:15,16.7,,3.4944,,0.2653,
6/21/2025 9:30,16.7,,2.4629,,0.2396,
6/21/2025 9:45,16.762,,4.3425,,0.2857,
6/21/2025 10:00,16.762,,3.4147,,0.255,
6/21/2025 10:15,16.762,,3.1927,,0.1915,
6/21/2025 10:30,16.762,,3.6976,,0.19,
6/21/2025 10:45,16.825,,3.0538,,0.2996,
6/21/2025 11:00,16.825,,2.7616,,0.2447,
6/21/2025 11:15,16.825,,4.074,,0.203,
6/21/2025 11:30,16.887,,3.6784,,0.2,
6/21/2025 11:45,16.887,,3.8709,,0.289,
6/21/2025 12:00,16.887,,3.6927,,0.2265,
6/21/2025 12:15,16.95,,6.5341,,0.193,
6/21/2025 12:30,17.075,,2.5312,,0.2473,
6/21/2025 12:45,17.2,,3.4823,,0.1773,
6/21/2025 13:00,17.2,,3.9057,,0.2001,
6/21/2025 13:15,17.262,,2.9393,,0.1903,
6/21/2025 13:30,17.2,,4.2691,,0.1682,
6/21/2025 13:45,17.262,,4.2233,,0.2054,
6/21/2025 14:00,17.325,,4.1515,,0.2079,
6/21/2025 14:15,17.387,,3.2517,,0.1328,
6/21/2025 14:30,17.45,,3.3801,,0.1135,
6/21/2025 14:45,17.45,,2.7816,,0.1929,
6/21/2025 15:00,17.512,,3.4428,,0.131,
6/21/2025 15:15,17.512,,3.0018,,0.2376,
6/21/2025 15:30,17.575,,4.0283,,0.1339,
6/21/2025 15:45,17.575,,3.5312,,0.2195,
6/21/2025 16:00,17.637,,3.6803,,0.2011,
6/21/2025 16:15,17.637,,3.7171,,0.1821,
6/21/2025 16:30,17.45,,3.2518,,0.2951,
6/21/2025 16:45,17.512,,3.2195,,0.1426,
6/21/2025 17:00,17.512,,4.1848,,0.2281,
6/21/2025 17:15,17.575,,3.0147,,0.2895,
6/21/2025 17:30,17.7,,3.3149,,0.201,
6/21/2025 17:45,17.762,,3.7705,,0.2256,
6/21/2025 18:00,17.887,,3.5824,,0.3249,
6/21/2025 18:15,17.887,,4.4102,,0.2489,
6/21/2025 18:30,17.887,,3.1409,,0.2665,
6/21/2025 18:45,17.887,,3.4069,,0.4233,
6/21/2025 19:00,17.825,,4.2461,,0.2883,
6/21/2025 19:15,17.7,,3.7152,,0.305,
6/21/2025 19:30,17.637,,14.0363,,0.1807,
6/21/2025 19:45,17.575,,11.6152,,0.3226,
6/21/2025 20:00,17.45,,6.9289,,0.1813,
6/21/2025 20:15,17.387,,5.127,,0.3157,
6/21/2025 20:30,17.325,,5.0969,,0.091,
6/21/2025 20:45,17.2,,5.2302,,0.2727,
6/21/2025 21:00,17.137,,5.4831,,0.2378,
6/21/2025 21:15,17.075,,5.6527,,0.2596,
6/21/2025 21:30,17.012,,5.6107,,0.2154,
6/21/2025 21:45,17.012,,5.5812,,0.2745,
6/21/2025 22:00,16.95,,4.9409,,0.2527,
6/21/2025 22:15,16.887,,4.178,,0.2857,
6/21/2025 22:30,16.825,,4.8284,,0.2992,
6/21/2025 22:45,16.825,,4.3143,,0.2844,
6/21/2025 23:00,16.762,,4.6603,,0.3131,
6/21/2025 23:15,16.7,,3.9544,,0.3285,
6/21/2025 23:30,16.637,,4.0909,,0.2356,
6/21/2025 23:45,16.637,,3.8261,,0.2511,
6/22/2025 0:00,16.575,,3.3444,,0.3861,
6/22/2025 0:15,16.512,,3.5951,,0.1848,
6/22/2025 0:30,16.45,,4.6691,,0.306,
6/22/2025 0:45,16.45,,4.8985,,0.2694,
6/22/2025 1:00,16.387,,4.1302,,0.3135,
6/22/2025 1:15,16.325,,3.6834,,0.261,
6/22/2025 1:30,16.325,,4.2938,,0.3615,
6/22/2025 1:45,16.262,,5.3633,,0.3229,
6/22/2025 2:00,16.262,,4.551,,0.3504,
6/22/2025 2:15,16.262,,4.8253,,0.3705,
6/22/2025 2:30,16.262,,4.2792,,0.2731,
6/22/2025 2:45,16.2,,3.7513,,0.2502,
6/22/2025 3:00,16.2,,3.666,,0.3608,
6/22/2025 3:15,16.2,,4.4807,,0.2726,
6/22/2025 3:30,16.2,,4.5018,,0.3674,
6/22/2025 3:45,16.2,,4.1004,,0.2629,
6/22/2025 4:00,16.2,,4.1683,,0.2206,
6/22/2025 4:15,16.2,,3.4258,,0.3106,
6/22/2025 4:30,16.2,,3.7705,,0.319,
6/22/2025 4:45,16.2,,3.8892,,0.2946,
6/22/2025 5:00,16.2,,3.8439,,0.3678,
6/22/2025 5:15,16.2,,4.5191,,0.3471,
6/22/2025 5:30,16.137,,4.3023,,0.3033,
6/22/2025 5:45,16.2,,4.4029,,0.2253,
6/22/2025 6:00,16.262,,3.9032,,0.1984,
6/22/2025 6:15,16.325,,4.5008,,0.2956,
6/22/2025 6:30,16.325,,4.2227,,0.2364,
6/22/2025 6:45,16.325,,4.0706,,0.2708,
6/22/2025 7:00,16.387,,3.9913,,0.3608,
6/22/2025 7:15,16.512,,4.1369,,0.248,
6/22/2025 7:30,16.637,,4.163,,0.2589,
6/22/2025 7:45,16.762,,4.3568,,0.3005,
6/22/2025 8:00,16.887,,4.2479,,0.2064,
6/22/2025 8:15,16.95,,4.8432,,0.1826,
6/22/2025 8:30,17.075,,4.8354,,0.1968,
6/22/2025 8:45,17.137,,4.3412,,0.183,
6/22/2025 9:00,17.137,,3.9138,,0.2062,
6/22/2025 9:15,17.2,,4.5358,,0.1614,
6/22/2025 9:30,17.2,,6.2723,,0.1497,
6/22/2025 9:45,17.262,,4.9083,,0.1024,
6/22/2025 10:00,17.262,,5.521,,0.2609,
6/22/2025 10:15,17.2,,6.2156,,0.0983,
6/22/2025 10:30,17.075,,5.3264,,0.196,
6/22/2025 10:45,17.137,,5.3036,,0.1592,
6/22/2025 11:00,17.137,,4.6007,,0.2793,
6/22/2025 11:15,17.2,,5.6169,,0.2432,
6/22/2025 11:30,17.262,,5.7301,,0.1063,
6/22/2025 11:45,17.262,,4.8401,,0.2626,
6/22/2025 12:00,17.262,,5.6996,,0.2861,
6/22/2025 12:15,17.325,,5.1118,,0.2911,
6/22/2025 12:30,17.325,,5.22,,0.3032,
6/22/2025 12:45,17.575,,5.3166,,0.2223,
6/22/2025 13:00,17.637,,5.2925,,0.227,
6/22/2025 13:15,17.7,,4.9267,,0.1872,
6/22/2025 13:30,17.762,,5.2058,,0.2891,
6/22/2025 13:45,17.762,,5.8699,,0.3111,
6/22/2025 14:00,17.762,,4.4636,,0.2604,
6/22/2025 14:15,17.825,,4.8768,,0.2664,
6/22/2025 14:30,17.825,,5.1356,,0.211,
6/22/2025 14:45,17.887,,5.444,,0.2134,
6/22/2025 15:00,17.887,,5.9892,,0.2107,
6/22/2025 15:15,17.887,,5.1414,,0.3988,
6/22/2025 15:30,18.012,,4.9234,,0.2109,
6/22/2025 15:45,18.012,,5.1872,,0.2768,
6/22/2025 16:00,18.075,,6.1198,,0.276,
6/22/2025 16:15,18.075,,5.9662,,0.2676,
6/22/2025 16:30,18.075,,5.7342,,0.3032,
6/22/2025 16:45,17.887,,5.3921,,0.3222,
6/22/2025 17:00,17.95,,6.6033,,0.238,
6/22/2025 17:15,18.012,,5.713,,0.3086,
6/22/2025 17:30,18.012,,6.207,,0.3252,
6/22/2025 17:45,18.075,,5.5551,,0.4035,
6/22/2025 18:00,18.075,,4.5764,,0.44,
6/22/2025 18:15,18.075,,5.1561,,0.4167,
6/22/2025 18:30,18.137,,5.5925,,0.3368,
6/22/2025 18:45,18.2,,5.0546,,0.3561,
6/22/2025 19:00,18.2,,5.2668,,0.3213,
6/22/2025 19:15,18.2,,4.8563,,0.2846,
6/22/2025 19:30,18.262,,5.1777,,0.2811,
6/22/2025 19:45,18.45,,15.9985,,0.1172,
6/22/2025 20:00,18.45,,6.5833,,0.2641,
6/22/2025 20:15,17.325,,8.6975,,0.4591,
6/22/2025 20:30,17.512,,7.2069,,0.2897,
6/22/2025 20:45,17.637,,6.6442,,0.2761,
6/22/2025 21:00,17.762,,7.1912,,0.3209,
6/22/2025 21:15,17.887,,8.275,,0.3713,
6/22/2025 21:30,18.012,,7.6985,,0.3399,
6/22/2025 21:45,18.2,,6.653,,0.3318,
6/22/2025 22:00,18.325,,5.9019,,0.2846,
6/22/2025 22:15,18.45,,6.6755,,0.2158,
6/22/2025 22:30,18.512,,5.583,,0.2282,
6/22/2025 22:45,18.637,,6.4965,,0.2605,
6/22/2025 23:00,18.7,,7.0347,,0.228,
